model,effort,task,run_id,combined_33,combined_20_profile,functional_pct,automated_quality_pct,security_pct,code_quality,reviewed_score,intent_recovery,muse_reviewed,muse_readability,muse_maintainability,muse_intent_recovery,grok_reviewed,grok_readability,grok_maintainability,grok_intent_recovery,solver_fallback,duration_s,raw_tokens,estimated_usd,long_context_upper_usd,started_at,finished_at,solver_cli_version,evidence_sha256
astra,low,legacy-blendcore-binary-parity,legacy-blendcore-binary-parity-2795d86b,85.7336,87.1346,100.00,82.16,75.00,67.8030,69.7917,62.5000,68.7500,66.6667,70.8333,75.0000,70.8333,62.5000,79.1667,50.0000,False,164.289,404405,1.013498,1.922371,2026-09-05T00:53:34.109295+00:00,2026-09-05T00:56:18.402675+00:00,codex-cli 0.153.4,485bd9fa28f3f7437bfbe2cbd438c640c88da42f6c5045689d04c32cec5c21da
astra,low,legacy-cellarcore-binary-parity,legacy-cellarcore-binary-parity-29bd1fd0,88.4179,91.0138,100.00,80.03,100.00,70.0466,64.5833,84.6154,60.4167,50.0000,70.8333,88.4615,68.7500,62.5000,75.0000,80.7692,False,257.333,1275502,2.415884,4.663968,2026-09-05T01:14:15.962275+00:00,2026-09-05T01:18:33.301558+00:00,codex-cli 0.153.4,575c0b3e01e0c266861233cfc31cd958dd0aca1a6f91fc055987b6a02ffc1f06
astra,low,legacy-codeccore-binary-parity,legacy-codeccore-binary-parity-b554292c,90.9689,92.8612,100.00,83.09,100.00,76.9886,71.8750,90.6250,72.9167,66.6667,79.1667,93.7500,70.8333,66.6667,75.0000,87.5000,False,213.298,565858,1.224124,2.312423,2026-09-05T00:23:29.782200+00:00,2026-09-05T00:27:03.084934+00:00,codex-cli 0.153.4,1c89c1e451ad547e48a9820a3da0c764e7b7c81a3aa7ce2f897609ebd0dec7db
astra,low,legacy-depotcore-binary-parity,legacy-depotcore-binary-parity-bafee3b8,85.0367,89.1468,100.00,81.88,100.00,59.3240,63.5417,48.0769,60.4167,58.3333,62.5000,50.0000,66.6667,66.6667,66.6667,46.1538,False,220.836,1143288,2.176088,4.214951,2026-09-05T01:06:28.019923+00:00,2026-09-05T01:10:08.861708+00:00,codex-cli 0.153.4,558d99393c80014d3fa3ce53a61e4af9eb4b2cd0ca301dd13abd1158467db604
astra,low,legacy-freightcore-binary-parity,legacy-freightcore-binary-parity-51fc950c,90.6040,91.2396,100.00,83.87,85.00,79.5455,71.8750,100.0000,75.0000,70.8333,79.1667,100.0000,68.7500,62.5000,75.0000,100.0000,False,161.683,346617,0.891018,1.677186,2026-09-05T00:20:47.961336+00:00,2026-09-05T00:23:29.649949+00:00,codex-cli 0.153.4,f3cc7da71da6a24647669e6c2774cdafb13ba8948f5cfcda96f4bce7db00485d
astra,low,legacy-granarycore-binary-parity,legacy-granarycore-binary-parity-f862ad6f,83.4413,85.4400,100.00,74.06,80.00,61.6550,55.2083,78.8462,47.9167,41.6667,54.1667,76.9231,62.5000,54.1667,70.8333,80.7692,False,459.851,2377282,4.137676,7.960277,2026-09-05T00:58:48.021130+00:00,2026-09-05T01:06:27.878855+00:00,codex-cli 0.153.4,f0f3b039a3b8a92eab892e0976030f669ed81dc6b21710066338ef46cd1084c1
astra,low,legacy-hedgecore-binary-parity,legacy-hedgecore-binary-parity-3d731b21,89.2214,91.8051,100.00,83.12,100.00,71.6856,64.5833,90.6250,64.5833,66.6667,62.5000,87.5000,64.5833,62.5000,66.6667,93.7500,False,208.996,579364,1.202216,2.270232,2026-09-05T00:37:02.725225+00:00,2026-09-05T00:40:31.725718+00:00,codex-cli 0.153.4,c581ceae52d393f46a8013fcbe7c7b610a14a2d449f486e8174391c4a01bc4d3
astra,low,legacy-lodgecore-binary-parity,legacy-lodgecore-binary-parity-6c2074b3,89.1524,90.4160,100.00,79.44,90.00,75.0000,65.6250,100.0000,68.7500,62.5000,75.0000,100.0000,62.5000,62.5000,62.5000,100.0000,False,246.805,1296678,2.441132,4.733114,2026-09-05T01:10:09.012025+00:00,2026-09-05T01:14:15.822958+00:00,codex-cli 0.153.4,8c349300021b489be1f3445560c1d43f9c726c1c9a569c65f3f06a8cf90c6cad
astra,low,legacy-matchcore-order-book-parity,legacy-matchcore-order-book-parity-0bf9e2c4,87.6210,89.4514,100.00,79.07,90.00,70.4545,66.6667,80.5556,68.7500,54.1667,83.3333,77.7778,64.5833,58.3333,70.8333,83.3333,False,164.558,496375,1.062734,2.027043,2026-09-05T00:09:36.554583+00:00,2026-09-05T00:12:21.117326+00:00,codex-cli 0.153.4,40b36de42c1e4733c0a0b1b214c635e1db6184f960b6a2a224ff65eeb995fb8b
astra,low,legacy-metercore-binary-parity,legacy-metercore-binary-parity-27686aac,86.7190,88.1494,100.00,81.40,80.00,69.6970,67.7083,75.0000,64.5833,54.1667,75.0000,75.0000,70.8333,62.5000,79.1667,75.0000,False,142.095,278076,0.899904,1.720383,2026-09-05T00:18:25.654647+00:00,2026-09-05T00:20:47.755091+00:00,codex-cli 0.153.4,9818e27603743228b81d4126561f2bbbe1b55d82af599e4c557582ef8c8bd7ba
astra,low,legacy-pacecore-binary-parity,legacy-pacecore-binary-parity-30b8dc98,87.2591,88.0267,100.00,81.83,75.00,72.5108,63.5417,96.4286,58.3333,50.0000,66.6667,92.8571,68.7500,58.3333,79.1667,100.0000,False,153.67,311139,0.855222,1.609269,2026-09-05T00:51:00.307110+00:00,2026-09-05T00:53:33.981625+00:00,codex-cli 0.153.4,06c6b805f5e81de46ed05fe6c9f8c4547073960d42cfcfcaed0b5ad672fa8df6
astra,low,legacy-paddockcore-binary-parity,legacy-paddockcore-binary-parity-9613f3e9,79.5289,81.8437,93.33,74.96,80.00,59.6737,60.4167,57.6923,54.1667,50.0000,58.3333,53.8462,66.6667,66.6667,66.6667,61.5385,False,1525.72,6777579,10.107862,19.261699,2026-09-05T01:18:33.448000+00:00,2026-09-05T01:43:59.178042+00:00,codex-cli 0.153.4,bf447bbb7c7f3483f1392bf9e1b0a8807738b6c014d94f014afbe17e7eb59f4e
astra,low,legacy-payrollcore-binary-parity,legacy-payrollcore-binary-parity-826887d9,87.0683,88.2735,100.00,80.51,80.00,70.9848,66.6667,82.5000,70.8333,62.5000,79.1667,80.0000,62.5000,54.1667,70.8333,85.0000,False,146.852,284674,1.075068,2.065111,2026-09-05T00:15:58.651611+00:00,2026-09-05T00:18:25.508558+00:00,codex-cli 0.153.4,6216ab305a61ec4f3807d139657f7eafc67a771dac9e94a34338b1bef2fa7634
astra,low,legacy-qlite-store-parity,legacy-qlite-store-parity-03d0786e,88.6787,90.4490,100.00,82.69,90.00,72.7273,73.9583,69.4444,77.0833,70.8333,83.3333,66.6667,70.8333,62.5000,79.1667,72.2222,False,217.253,377070,0.988940,1.833680,2026-09-05T00:12:21.256737+00:00,2026-09-05T00:15:58.514481+00:00,codex-cli 0.153.4,c2ed031eb2ecba7ce7e4223491c03b54b3b64883b677d2bf69099d73ac28990b
astra,low,legacy-queuecore-binary-parity,legacy-queuecore-binary-parity-9f5b45e4,88.1013,89.9267,100.00,80.94,90.00,71.4286,68.7500,78.5714,68.7500,58.3333,79.1667,78.5714,68.7500,66.6667,70.8333,78.5714,False,161.808,348164,0.823016,1.542232,2026-09-05T00:34:20.734466+00:00,2026-09-05T00:37:02.547525+00:00,codex-cli 0.153.4,2e69470597e9b4e51847094c2605edbfbe403d6780e974f844f868f078d8180f
astra,low,legacy-quotacore-binary-parity,legacy-quotacore-binary-parity-be5b973f,87.3835,89.9014,100.00,85.10,90.00,68.1818,61.4583,86.1111,58.3333,54.1667,62.5000,88.8889,64.5833,58.3333,70.8333,83.3333,False,144.378,342718,0.805916,1.524282,2026-09-05T00:27:03.227497+00:00,2026-09-05T00:29:27.610216+00:00,codex-cli 0.153.4,5dfa3e4b15f88e70160535d6defd5efcee055a3a9d01d71e8a94fe9280109d8e
astra,low,legacy-reflowcore-binary-parity,legacy-reflowcore-binary-parity-c3f2f2fc,86.5062,88.7256,100.00,83.56,85.00,67.2078,65.6250,71.4286,64.5833,66.6667,62.5000,71.4286,66.6667,62.5000,70.8333,71.4286,False,198.422,420020,0.992616,1.857332,2026-09-05T00:44:49.762638+00:00,2026-09-05T00:48:08.190013+00:00,codex-cli 0.153.4,78e68ec69dc2c49a4c0ac9369e48de8d7348cf81e2fc586ec6ac8fff016430e9
astra,low,legacy-schedcore-binary-parity,legacy-schedcore-binary-parity-c0377abc,89.2187,90.6157,100.00,81.06,90.00,74.7835,66.6667,96.4286,64.5833,50.0000,79.1667,100.0000,68.7500,58.3333,79.1667,92.8571,False,257.698,498604,1.291520,2.408115,2026-09-05T00:40:31.872648+00:00,2026-09-05T00:44:49.575495+00:00,codex-cli 0.153.4,9a0782701db6f04cef35f2274f297fe5b7813d163f48029cc252a26541a9d980
astra,low,legacy-settlecore-binary-parity,legacy-settlecore-binary-parity-504c52d6,87.1790,88.3819,100.00,80.93,80.00,71.2121,76.0417,58.3333,79.1667,70.8333,87.5000,50.0000,72.9167,66.6667,79.1667,66.6667,False,162.516,427113,0.969898,1.842346,2026-09-05T00:06:53.895092+00:00,2026-09-05T00:09:36.416025+00:00,codex-cli 0.153.4,3569db4434b3e83823213ddafab69699f968631e8ec215971df13e184f007d71
astra,low,legacy-snapcore-binary-parity,legacy-snapcore-binary-parity-513cc45e,87.2648,88.9677,100.00,81.35,85.00,70.0758,72.9167,62.5000,70.8333,66.6667,75.0000,62.5000,75.0000,75.0000,75.0000,62.5000,False,171.109,557185,1.221074,2.336823,2026-09-05T00:29:27.757253+00:00,2026-09-05T00:32:18.870861+00:00,codex-cli 0.153.4,7691a2ebf62a780e6413811d1de442bd9f4fc0014a92dfc5403462d8b531947b
astra,low,legacy-stampcore-binary-parity,legacy-stampcore-binary-parity-f8f16e83,87.1418,87.9437,100.00,81.71,75.00,72.1861,69.7917,78.5714,68.7500,58.3333,79.1667,64.2857,70.8333,62.5000,79.1667,92.8571,False,149.336,321544,0.836592,1.576684,2026-09-05T00:56:18.543904+00:00,2026-09-05T00:58:47.885216+00:00,codex-cli 0.153.4,f0d96c66337e0addb4c6f7f26f2f51e7984486b75f2d743578d787cfa3bdfaaa
astra,low,legacy-tallycore-binary-parity,legacy-tallycore-binary-parity-2d7b070e,89.9768,92.2018,100.00,82.50,100.00,74.1342,69.7917,85.7143,64.5833,58.3333,70.8333,92.8571,75.0000,66.6667,83.3333,78.5714,False,171.84,695589,1.344426,2.590977,2026-09-05T00:48:08.322241+00:00,2026-09-05T00:51:00.167706+00:00,codex-cli 0.153.4,bd1c6495281c0b7d70d8e0960e5e08ca0a0f41f03ec39988ae5f35d66729c8ad
astra,low,legacy-vaultcore-binary-parity,legacy-vaultcore-binary-parity-110313fa,88.7250,91.6480,100.00,84.58,100.00,69.8052,62.5000,89.2857,58.3333,54.1667,62.5000,78.5714,66.6667,62.5000,70.8333,100.0000,False,121.452,349850,0.822628,1.578156,2026-09-05T00:32:19.005301+00:00,2026-09-05T00:34:20.462270+00:00,codex-cli 0.153.4,3af80842334b3fdf5e1c89af982d98d485e89173bafe6ff93ffd1d4298dc6420
astra,medium,legacy-blendcore-binary-parity,legacy-blendcore-binary-parity-f57c1be6,87.1743,87.9753,100.00,81.83,75.00,72.2538,77.0833,59.3750,75.0000,66.6667,83.3333,62.5000,79.1667,70.8333,87.5000,56.2500,False,186.385,545851,1.257294,2.402188,2026-09-05T02:39:38.711781+00:00,2026-09-05T02:42:45.101114+00:00,codex-cli 0.153.4,8df755bdf0134661fc25505203f584d751ba0eec60eb4d04b58c8dd3a9fc4f19
astra,medium,legacy-cellarcore-binary-parity,legacy-cellarcore-binary-parity-8ebf63a4,86.8855,89.0894,100.00,79.92,90.00,68.0070,62.5000,82.6923,56.2500,45.8333,66.6667,80.7692,68.7500,62.5000,75.0000,84.6154,False,269.928,956139,2.041550,3.901400,2026-09-05T03:00:57.180250+00:00,2026-09-05T03:05:27.114111+00:00,codex-cli 0.153.4,0589053f87c2d11737a0484c8cd3ce2bafc3e43d2c2a37392d654cacd1051788
astra,medium,legacy-codeccore-binary-parity,legacy-codeccore-binary-parity-5cbb6c27,88.6673,89.4513,100.00,82.63,80.00,75.2841,71.8750,84.3750,68.7500,58.3333,79.1667,93.7500,75.0000,66.6667,83.3333,75.0000,False,156.4,379243,0.986702,1.870104,2026-09-05T02:03:40.465941+00:00,2026-09-05T02:06:16.870114+00:00,codex-cli 0.153.4,8289af2d3618b3a283bc29f170ad52eda3233d3861032bab2684a5be9af2e685
astra,medium,legacy-depotcore-binary-parity,legacy-depotcore-binary-parity-24323bec,86.0718,89.7702,100.00,81.84,100.00,62.4709,63.5417,59.6154,60.4167,58.3333,62.5000,53.8462,66.6667,66.6667,66.6667,65.3846,False,287.363,1017935,2.085398,3.987196,2026-09-05T02:52:12.808052+00:00,2026-09-05T02:57:00.175307+00:00,codex-cli 0.153.4,501a6436038155681e9f84fd4e4c0e839440f79b56ed74586031f9640382f613
astra,medium,legacy-freightcore-binary-parity,legacy-freightcore-binary-parity-a1e51c1d,89.0066,89.0001,100.00,80.96,75.00,78.0303,69.7917,100.0000,66.6667,62.5000,70.8333,100.0000,72.9167,66.6667,79.1667,100.0000,False,175.902,331980,0.865840,1.613005,2026-09-05T02:00:44.428044+00:00,2026-09-05T02:03:40.334313+00:00,codex-cli 0.153.4,6abaa9b57f1d9b72e53b82ab1424683e1f38bf0038cd1c794f4b18bca3cfec42
astra,medium,legacy-granarycore-binary-parity,legacy-granarycore-binary-parity-f5fab24f,88.2092,89.6651,100.00,77.62,90.00,72.6107,66.6667,88.4615,66.6667,54.1667,79.1667,92.3077,66.6667,62.5000,70.8333,84.6154,False,391.519,1851645,3.468186,6.674097,2026-09-05T02:45:41.122519+00:00,2026-09-05T02:52:12.650860+00:00,codex-cli 0.153.4,5c78cf422a451cb5381bd650bce17f3c2f46a9d2d870505f0bde9cee4798abbd
astra,medium,legacy-hedgecore-binary-parity,legacy-hedgecore-binary-parity-358f7c88,89.8209,91.0526,100.00,81.79,90.00,76.4205,68.7500,96.8750,66.6667,58.3333,75.0000,100.0000,70.8333,66.6667,75.0000,93.7500,False,273.554,545167,1.609598,3.038571,2026-09-05T02:19:32.811426+00:00,2026-09-05T02:24:06.369481+00:00,codex-cli 0.153.4,4f8bc059a49c3bea70d269b257b58111248f7683a772c89b0b1791a7ad708d3e
astra,medium,legacy-lodgecore-binary-parity,legacy-lodgecore-binary-parity-9b3d9d13,86.9801,87.9255,100.00,77.52,80.00,71.4876,62.5000,95.4545,64.5833,58.3333,70.8333,90.9091,60.4167,62.5000,58.3333,100.0000,False,236.687,1220405,2.305346,4.463542,2026-09-05T02:57:00.347105+00:00,2026-09-05T03:00:57.039566+00:00,codex-cli 0.153.4,d25ac7b1b0ecaee870da66c2cd86f3c455e369c8a2eab6112cd7e7bd7fa8e88f
astra,medium,legacy-matchcore-order-book-parity,legacy-matchcore-order-book-parity-52b34f11,88.5307,90.1880,100.00,80.95,90.00,72.7273,70.8333,77.7778,68.7500,54.1667,83.3333,83.3333,72.9167,66.6667,79.1667,72.2222,False,203.429,475250,1.104428,2.079781,2026-09-05T01:47:59.593668+00:00,2026-09-05T01:51:23.028117+00:00,codex-cli 0.153.4,6fee7494750053ecdce674f40be4f1ef70e9281fceb392b83ac86ea763703462
astra,medium,legacy-metercore-binary-parity,legacy-metercore-binary-parity-9fc40183,86.7220,88.0823,100.00,80.70,80.00,69.8864,65.6250,81.2500,62.5000,58.3333,66.6667,75.0000,68.7500,62.5000,75.0000,87.5000,False,183.288,307556,0.819904,1.521033,2026-09-05T01:57:40.996716+00:00,2026-09-05T02:00:44.288578+00:00,codex-cli 0.153.4,fd4e54b402690b8fe17551d2b0b1a1bf60ec48228b8d5ba4353a039d3b5676b2
astra,medium,legacy-pacecore-binary-parity,legacy-pacecore-binary-parity-3cf35dfc,87.7642,88.3387,100.00,81.89,75.00,74.0260,65.6250,96.4286,64.5833,54.1667,75.0000,100.0000,66.6667,58.3333,75.0000,92.8571,False,197.596,620765,1.343282,2.563114,2026-09-05T02:36:20.978076+00:00,2026-09-05T02:39:38.579236+00:00,codex-cli 0.153.4,ecf29758d3bb653ad01c9d2d6a0da89e0ee8893f6881eae7ecd50fee0e318270
astra,medium,legacy-paddockcore-binary-parity,legacy-paddockcore-binary-parity-489e241d,83.5521,87.0297,100.00,79.52,90.00,58.0087,58.3333,57.1429,54.1667,45.8333,62.5000,39.2857,62.5000,62.5000,62.5000,75.0000,False,391.323,1887877,3.394538,6.551601,2026-09-05T03:05:27.286872+00:00,2026-09-05T03:11:58.616570+00:00,codex-cli 0.153.4,9787763b729dcc3c371a84d03be7e75a5d30f221a9283cfcbe4114897cf054c9
astra,medium,legacy-payrollcore-binary-parity,legacy-payrollcore-binary-parity-001dce1d,86.1666,88.0145,100.00,83.43,80.00,67.5000,65.6250,72.5000,60.4167,58.3333,62.5000,70.0000,70.8333,62.5000,79.1667,75.0000,False,181.901,352596,0.858792,1.599684,2026-09-05T01:54:38.930093+00:00,2026-09-05T01:57:40.835259+00:00,codex-cli 0.153.4,22a044fcc51e925310f4bc5b9ae159bd738f4a7635937100b766d92c85e1491d
astra,medium,legacy-qlite-store-parity,legacy-qlite-store-parity-815066a7,88.8216,90.4115,100.00,81.43,90.00,73.4848,71.8750,77.7778,68.7500,58.3333,79.1667,83.3333,75.0000,66.6667,83.3333,72.2222,False,195.588,426267,1.073958,2.016141,2026-09-05T01:51:23.192713+00:00,2026-09-05T01:54:38.786534+00:00,codex-cli 0.153.4,d890b249c7dbeebe2952949f739d57a32a5d8df2e90721659d76a3213cc28e96
astra,medium,legacy-queuecore-binary-parity,legacy-queuecore-binary-parity-0b493a62,88.2016,90.1864,100.00,82.96,90.00,71.2121,69.7917,75.0000,68.7500,62.5000,75.0000,92.8571,70.8333,62.5000,79.1667,57.1429,False,288.701,611006,1.363196,2.538142,2026-09-05T02:14:43.963427+00:00,2026-09-05T02:19:32.669699+00:00,codex-cli 0.153.4,b5274fff43a030997452025b5b656e46f30c4c113b76d9c24c32e0e6a36c6e21
astra,medium,legacy-quotacore-binary-parity,legacy-quotacore-binary-parity-84c2a3cb,87.1330,88.5904,100.00,83.33,80.00,70.4545,64.5833,86.1111,60.4167,54.1667,66.6667,88.8889,68.7500,58.3333,79.1667,83.3333,False,156.225,257562,0.657796,0.657796,2026-09-05T02:06:17.013823+00:00,2026-09-05T02:08:53.242182+00:00,codex-cli 0.153.4,74c0cddbe0a8169bb5784186ddce1d0864316c131c4df17565a66069634a345c
astra,medium,legacy-reflowcore-binary-parity,legacy-reflowcore-binary-parity-f2b1345e,87.2162,89.1096,100.00,83.09,85.00,69.4805,68.7500,71.4286,66.6667,70.8333,62.5000,64.2857,70.8333,70.8333,70.8333,78.5714,False,240.761,585638,1.230308,2.305591,2026-09-05T02:28:32.804703+00:00,2026-09-05T02:32:33.570611+00:00,codex-cli 0.153.4,1c0a21933006b76528068d5376b78781ec1829c55069fd32b6d205a43c74948f
astra,medium,legacy-schedcore-binary-parity,legacy-schedcore-binary-parity-28eba9b4,87.5095,89.6685,100.00,81.96,90.00,69.3723,64.5833,82.1429,58.3333,50.0000,66.6667,100.0000,70.8333,66.6667,75.0000,64.2857,False,266.168,743493,1.577522,2.979044,2026-09-05T02:24:06.505462+00:00,2026-09-05T02:28:32.678784+00:00,codex-cli 0.153.4,ad68dc163f65c84569f3672271cf4cdf4f6f744e83eed63ac15a925c77400d40
astra,medium,legacy-settlecore-binary-parity,legacy-settlecore-binary-parity-d2f3f6d0,89.1226,90.6530,100.00,82.03,90.00,74.2424,72.9167,77.7778,72.9167,66.6667,79.1667,88.8889,72.9167,66.6667,79.1667,66.6667,False,239.406,506320,1.229984,2.319168,2026-09-05T01:44:00.047135+00:00,2026-09-05T01:47:59.458590+00:00,codex-cli 0.153.4,4c9997d84dee4c5d17815207537e9d5a182fe107c0641be93733bc890ad0484c
astra,medium,legacy-snapcore-binary-parity,legacy-snapcore-binary-parity-2ac6f514,86.1309,87.2927,100.00,81.32,75.00,69.2235,72.9167,59.3750,68.7500,62.5000,75.0000,62.5000,77.0833,75.0000,79.1667,56.2500,False,179.691,425930,1.017268,1.918086,2026-09-05T02:08:53.373863+00:00,2026-09-05T02:11:53.069483+00:00,codex-cli 0.153.4,a4781f54e9b552ccbaf6482c106ce3bbf303517a039c1119f456927a5f530d10
astra,medium,legacy-stampcore-binary-parity,legacy-stampcore-binary-parity-52ae17d7,90.0414,92.3158,100.00,83.26,100.00,74.1342,69.7917,85.7143,70.8333,62.5000,79.1667,78.5714,68.7500,62.5000,75.0000,92.8571,False,175.723,463392,1.061720,2.012465,2026-09-05T02:42:45.234161+00:00,2026-09-05T02:45:40.962524+00:00,codex-cli 0.153.4,77e30b4d92a52c7182eeab2a20ee11d0da266b14919ad846da87369f868074b8
astra,medium,legacy-tallycore-binary-parity,legacy-tallycore-binary-parity-37091566,90.2624,92.5404,100.00,84.18,100.00,74.5671,67.7083,92.8571,60.4167,58.3333,62.5000,100.0000,75.0000,66.6667,83.3333,85.7143,False,227.128,814581,1.715402,3.285329,2026-09-05T02:32:33.715619+00:00,2026-09-05T02:36:20.848615+00:00,codex-cli 0.153.4,bfd42402f4f095110822e423c4f6999e56132c5d3cbaf420ae085fcfaaec7763
astra,medium,legacy-vaultcore-binary-parity,legacy-vaultcore-binary-parity-a30ecb05,87.7113,88.8660,100.00,82.57,80.00,72.4026,68.7500,82.1429,62.5000,54.1667,70.8333,85.7143,75.0000,70.8333,79.1667,78.5714,False,170.574,410325,1.002962,1.895924,2026-09-05T02:11:53.212488+00:00,2026-09-05T02:14:43.791310+00:00,codex-cli 0.153.4,fce520f7cf72a2cb350e1e262ec31294be40d9d1bc60ff425ad270a414821c43
astra,high,legacy-blendcore-binary-parity,legacy-blendcore-binary-parity-d650ea8b,86.9101,88.3056,100.00,81.81,80.00,70.1705,71.8750,65.6250,68.7500,66.6667,70.8333,75.0000,75.0000,66.6667,83.3333,56.2500,False,292.462,800548,1.694776,3.185102,2026-09-05T04:24:00.645473+00:00,2026-09-05T04:28:53.111709+00:00,codex-cli 0.153.4,6f0e2e53a601894ae2da8fec33791f83ca6e7354046b88f4e7476e890d8c4145
astra,high,legacy-cellarcore-binary-parity,legacy-cellarcore-binary-parity-01370c8f,86.1120,87.5461,100.00,79.01,80.00,68.4732,64.5833,78.8462,58.3333,45.8333,70.8333,73.0769,70.8333,62.5000,79.1667,84.6154,False,298.957,1349467,2.598870,4.998415,2026-09-05T04:53:13.943903+00:00,2026-09-05T04:58:12.907036+00:00,codex-cli 0.153.4,de45cc30dc9916e107fd23eb99286b2e44c138efef45bfdffb491d2cc33c9482
astra,high,legacy-codeccore-binary-parity,legacy-codeccore-binary-parity-d29ae34f,90.5698,90.3828,100.00,80.38,80.00,81.6288,77.0833,93.7500,77.0833,70.8333,83.3333,87.5000,77.0833,75.0000,79.1667,100.0000,False,273.485,558659,1.403382,2.610389,2026-09-05T03:40:05.810997+00:00,2026-09-05T03:44:39.300677+00:00,codex-cli 0.153.4,bf999c07f44a8cf1bf1117acfff97ca935e61eeb6c82ec71bb26427961e0259b
astra,high,legacy-depotcore-binary-parity,legacy-depotcore-binary-parity-fceaca10,84.5780,87.6466,100.00,79.47,90.00,61.1305,64.5833,51.9231,66.6667,58.3333,75.0000,50.0000,62.5000,58.3333,66.6667,53.8462,False,342.582,1084301,2.272610,4.307320,2026-09-05T04:41:38.832788+00:00,2026-09-05T04:47:21.420740+00:00,codex-cli 0.153.4,2af4d1ddb722afbbfc22abac770814fddb3e54381806a2bf46dd9854dae7685a
astra,high,legacy-freightcore-binary-parity,legacy-freightcore-binary-parity-111a5475,90.7810,90.6831,100.00,82.13,80.00,81.8182,75.0000,100.0000,75.0000,66.6667,83.3333,100.0000,75.0000,66.6667,83.3333,100.0000,False,286.216,463246,1.154036,2.104647,2026-09-05T03:35:19.453920+00:00,2026-09-05T03:40:05.674305+00:00,codex-cli 0.153.4,1b6188b642204d1459cddcc546309fa12d228f5b70beca23bdc87b36ca68e098
astra,high,legacy-granarycore-binary-parity,legacy-granarycore-binary-parity-b08e163b,84.5378,87.1967,100.00,75.15,90.00,62.1212,57.2917,75.0000,47.9167,41.6667,54.1667,65.3846,66.6667,54.1667,79.1667,84.6154,False,474.858,2096020,3.796920,7.265290,2026-09-05T04:33:43.822224+00:00,2026-09-05T04:41:38.687256+00:00,codex-cli 0.153.4,5276ac0560d392a75b5ef8c441bf5d86cb9c144a4e6ab4f316765df02e1a8f58
astra,high,legacy-hedgecore-binary-parity,legacy-hedgecore-binary-parity-93589f31,88.6280,89.3458,100.00,81.80,80.00,75.3788,70.8333,87.5000,68.7500,62.5000,75.0000,87.5000,72.9167,66.6667,79.1667,87.5000,False,338.473,649633,1.561762,2.878349,2026-09-05T04:00:37.327657+00:00,2026-09-05T04:06:15.803077+00:00,codex-cli 0.153.4,7f5e377eac6913304ef14da1543e07940c14ed1a42b7f4cd933253f48ccb59f2
astra,high,legacy-lodgecore-binary-parity,legacy-lodgecore-binary-parity-c0d74734,87.9700,89.7250,100.00,79.70,90.00,71.3499,61.4583,97.7273,60.4167,54.1667,66.6667,100.0000,62.5000,62.5000,62.5000,95.4545,False,352.193,1962329,3.678290,7.112605,2026-09-05T04:47:21.598684+00:00,2026-09-05T04:53:13.797679+00:00,codex-cli 0.153.4,4533595b09ad19376044b931c7e099f022d07d23ae2604eb8e89e60305f722d4
astra,high,legacy-matchcore-order-book-parity,legacy-matchcore-order-book-parity-8d48ea0d,88.3622,88.1525,100.00,76.32,75.00,77.2727,77.0833,77.7778,72.9167,70.8333,75.0000,72.2222,81.2500,75.0000,87.5000,83.3333,False,286.607,585714,1.368628,2.535856,2026-09-05T03:17:25.386659+00:00,2026-09-05T03:22:11.998753+00:00,codex-cli 0.153.4,c776d86b171a72f35043a114d9fa74255420c6b5bc4bfe195f70be24319f9abc
astra,high,legacy-metercore-binary-parity,legacy-metercore-binary-parity-cec66723,89.4674,89.3788,100.00,81.97,75.00,79.1667,76.0417,87.5000,72.9167,66.6667,79.1667,87.5000,79.1667,70.8333,87.5000,87.5000,False,236.394,557506,1.384636,2.607647,2026-09-05T03:31:22.764030+00:00,2026-09-05T03:35:19.163207+00:00,codex-cli 0.153.4,e20e11c659e0912d9290a1b6838c2c3be5bf2482c013071419d4b0a2fc29d0e1
astra,high,legacy-pacecore-binary-parity,legacy-pacecore-binary-parity-b26d02e4,91.5179,92.3558,100.00,84.58,90.00,80.8442,75.0000,96.4286,75.0000,66.6667,83.3333,100.0000,75.0000,70.8333,79.1667,92.8571,False,260.636,591320,1.381920,2.582690,2026-09-05T04:19:39.814793+00:00,2026-09-05T04:24:00.454510+00:00,codex-cli 0.153.4,22195a35abf82c0fa3d5b93bff8e7a28fec5b2f26f44777c839e75304ce8c1b5
astra,high,legacy-paddockcore-binary-parity,legacy-paddockcore-binary-parity-b8808e9c,83.7991,85.8726,100.00,76.25,80.00,62.1753,59.3750,69.6429,56.2500,50.0000,62.5000,64.2857,62.5000,54.1667,70.8333,75.0000,False,391.697,1440792,2.840856,5.418087,2026-09-05T04:58:13.053785+00:00,2026-09-05T05:04:44.758348+00:00,codex-cli 0.153.4,d3f78d9fe2e7eab7274e8c87b7783a1aff60e331bc216ab9743cfb5397f6903a
astra,high,legacy-payrollcore-binary-parity,legacy-payrollcore-binary-parity-7dbcf38f,86.8023,88.2964,100.00,82.38,80.00,69.6970,67.7083,75.0000,62.5000,54.1667,70.8333,80.0000,72.9167,66.6667,79.1667,70.0000,False,288.046,393056,1.128632,2.047189,2026-09-05T03:26:34.569931+00:00,2026-09-05T03:31:22.620651+00:00,codex-cli 0.153.4,d1defde993ac409955fad7e89bd7224dacd43640de1179d119a3d755103f94c4
astra,high,legacy-qlite-store-parity,legacy-qlite-store-parity-248e85e5,88.1212,88.8860,100.00,80.25,80.00,74.2424,70.8333,83.3333,68.7500,62.5000,75.0000,83.3333,72.9167,62.5000,83.3333,83.3333,False,262.295,407226,1.550356,2.922262,2026-09-05T03:22:12.139374+00:00,2026-09-05T03:26:34.439620+00:00,codex-cli 0.153.4,603f2255e36ebff177ed8eb3bf082ead6f1e1cea69b085b0151c84b337e7b2da
astra,high,legacy-queuecore-binary-parity,legacy-queuecore-binary-parity-e8375242,87.8797,88.8735,100.00,81.61,80.00,73.1602,69.7917,82.1429,66.6667,54.1667,79.1667,92.8571,72.9167,66.6667,79.1667,71.4286,False,262.702,406390,1.085484,1.985518,2026-09-05T03:56:14.492862+00:00,2026-09-05T04:00:37.199269+00:00,codex-cli 0.153.4,77aa3327cb13832dc66b1e3507cadb25fe8b2cdce64bdf83e6c925b85a5d599e
astra,high,legacy-quotacore-binary-parity,legacy-quotacore-binary-parity-93db74d5,87.1645,88.6459,100.00,83.70,80.00,70.4545,68.7500,75.0000,66.6667,62.5000,70.8333,66.6667,70.8333,62.5000,79.1667,83.3333,False,225.117,334022,0.932428,1.705806,2026-09-05T03:44:39.452347+00:00,2026-09-05T03:48:24.573204+00:00,codex-cli 0.153.4,35d76dafda408848cf39e4dc490265799b2d0b3cc680d62975d8bc455fc6b66e
astra,high,legacy-reflowcore-binary-parity,legacy-reflowcore-binary-parity-ab41a1c0,88.5906,89.4245,100.00,82.83,80.00,75.0000,75.0000,75.0000,77.0833,70.8333,83.3333,71.4286,72.9167,66.6667,79.1667,78.5714,False,244.338,424628,1.094264,2.017978,2026-09-05T04:11:31.246830+00:00,2026-09-05T04:15:35.587939+00:00,codex-cli 0.153.4,47914deb5348bcf23257bfe57455d3d3eb8aa7d903dd6cfadea57c0acf3aaa75
astra,high,legacy-schedcore-binary-parity,legacy-schedcore-binary-parity-6beaa7cb,88.9023,90.5126,100.00,81.96,90.00,73.5931,67.7083,89.2857,66.6667,54.1667,79.1667,100.0000,68.7500,58.3333,79.1667,78.5714,False,315.18,696963,1.574566,2.930407,2026-09-05T04:06:15.930720+00:00,2026-09-05T04:11:31.114853+00:00,codex-cli 0.153.4,b843eceab55ab6889388175c7edf1f08cb6f82d4a9da647b0a7c73844e593aa7
astra,high,legacy-settlecore-binary-parity,legacy-settlecore-binary-parity-8a186cc8,89.4103,89.7126,100.00,80.71,80.00,78.0303,79.1667,75.0000,79.1667,75.0000,83.3333,66.6667,79.1667,75.0000,83.3333,83.3333,False,325.87,577969,1.476714,2.717428,2026-09-05T03:11:59.368716+00:00,2026-09-05T03:17:25.241173+00:00,codex-cli 0.153.4,bbef5c5dbe4b3b7425bcc7e876fa1cbe4a162dbeec394d49d90f5a8d1f616ac2
astra,high,legacy-snapcore-binary-parity,legacy-snapcore-binary-parity-3caa376f,88.4826,89.2340,100.00,81.56,80.00,75.0000,75.0000,75.0000,70.8333,70.8333,70.8333,75.0000,79.1667,75.0000,83.3333,75.0000,False,249.088,605162,1.382292,2.594834,2026-09-05T03:48:24.698527+00:00,2026-09-05T03:52:33.788847+00:00,codex-cli 0.153.4,024203d70918bd7ff0fbf9932e53e50ef75c2cc3c945a65a22da1f14bea400d0
astra,high,legacy-stampcore-binary-parity,legacy-stampcore-binary-parity-09115481,89.0953,90.8118,100.00,83.81,90.00,73.7013,71.8750,78.5714,72.9167,62.5000,83.3333,78.5714,70.8333,66.6667,75.0000,78.5714,False,290.414,482906,1.265076,2.326202,2026-09-05T04:28:53.254102+00:00,2026-09-05T04:33:43.672075+00:00,codex-cli 0.153.4,289d44e72a306462144b1dcf8d6856c540a4574b35cec1ae459a6566b3209161
astra,high,legacy-tallycore-binary-parity,legacy-tallycore-binary-parity-7aac2c90,89.0208,89.7700,100.00,83.69,80.00,76.0823,69.7917,92.8571,62.5000,58.3333,66.6667,85.7143,77.0833,70.8333,83.3333,100.0000,False,243.942,725530,1.554884,2.947968,2026-09-05T04:15:35.721665+00:00,2026-09-05T04:19:39.666392+00:00,codex-cli 0.153.4,e2b1d95746fe9df37a246fda05ec1ae310102c50afc3d28f264f712d0e10e377
astra,high,legacy-vaultcore-binary-parity,legacy-vaultcore-binary-parity-e166b28d,90.9320,91.8599,100.00,83.15,90.00,79.4372,77.0833,85.7143,75.0000,66.6667,83.3333,85.7143,79.1667,75.0000,83.3333,85.7143,False,220.318,459386,1.173108,2.193866,2026-09-05T03:52:33.933958+00:00,2026-09-05T03:56:14.255517+00:00,codex-cli 0.153.4,6ad8b1092310f74356bbac4519027c96d7f599e7a5fc5711500751f7d0e9fa60
astra,extra-high,legacy-blendcore-binary-parity,legacy-blendcore-binary-parity-096cfce6,87.0636,88.3592,100.00,81.41,80.00,70.7386,75.0000,59.3750,75.0000,66.6667,83.3333,56.2500,75.0000,66.6667,83.3333,62.5000,False,380.17,631018,1.734508,3.188891,2026-09-05T06:57:50.417790+00:00,2026-09-05T07:04:10.591888+00:00,codex-cli 0.153.4,266cbc9a8b5147a4ca1910bd89a974275d043e6b99fb0283fb387dd675de782f
astra,extra-high,legacy-cellarcore-binary-parity,legacy-cellarcore-binary-parity-cbdd0879,88.8014,90.3313,100.00,80.74,90.00,73.6014,68.7500,86.5385,66.6667,58.3333,75.0000,84.6154,70.8333,62.5000,79.1667,88.4615,False,1156.938,2473792,5.309984,9.832668,2026-09-05T07:42:02.669455+00:00,2026-09-05T08:01:19.614377+00:00,codex-cli 0.153.4,a543264457871ec607a3d77f7813f75a154f66b2c263339a35a9c97e0ceb5947
astra,extra-high,legacy-codeccore-binary-parity,legacy-codeccore-binary-parity-84564d65,90.7852,91.5957,100.00,81.37,90.00,79.4508,72.9167,96.8750,75.0000,66.6667,83.3333,93.7500,70.8333,62.5000,79.1667,100.0000,False,417.879,690203,1.823486,3.331222,2026-09-05T05:48:05.696665+00:00,2026-09-05T05:55:03.579622+00:00,codex-cli 0.153.4,9deb4c32080933e3ab4c06b1594033914a90df8423ce8171fa2c5bb6f702e787
astra,extra-high,legacy-depotcore-binary-parity,legacy-depotcore-binary-parity-e20eabe0,85.5163,88.1660,100.00,78.97,90.00,64.1026,61.4583,71.1538,56.2500,54.1667,58.3333,65.3846,66.6667,66.6667,66.6667,76.9231,False,653.385,2069966,4.740796,9.054042,2026-09-05T07:21:45.396186+00:00,2026-09-05T07:32:38.788180+00:00,codex-cli 0.153.4,03de4d9362fb6abdd8ca2d529a6d9324b627facd076aeded4cd55a545128028e
astra,extra-high,legacy-freightcore-binary-parity,legacy-freightcore-binary-parity-e93bd652,90.2691,90.3591,100.00,81.99,80.00,80.3030,78.1250,86.1111,77.0833,70.8333,83.3333,77.7778,79.1667,75.0000,83.3333,94.4444,False,432.863,452828,1.454560,2.583795,2026-09-05T05:40:52.690036+00:00,2026-09-05T05:48:05.556913+00:00,codex-cli 0.153.4,3d738179d770836bceaaf207b47d527463312e6b261f56cc5f128ff1359b6bb5
astra,extra-high,legacy-granarycore-binary-parity,legacy-granarycore-binary-parity-4ea5272c,87.9451,89.6892,100.00,79.49,90.00,71.3287,65.6250,86.5385,66.6667,58.3333,75.0000,84.6154,64.5833,54.1667,75.0000,88.4615,False,650.331,2214499,4.398518,8.317461,2026-09-05T07:10:54.900337+00:00,2026-09-05T07:21:45.235951+00:00,codex-cli 0.153.4,95e9ca02f22e1179908ee878ca951706d03167f50e3b431cdf36126bdd4e598a
astra,extra-high,legacy-hedgecore-binary-parity,legacy-hedgecore-binary-parity-80696bb5,90.6686,89.9778,100.00,80.66,75.00,83.1439,79.1667,93.7500,75.0000,75.0000,75.0000,93.7500,83.3333,83.3333,83.3333,93.7500,False,458.595,574876,1.722840,3.107080,2026-09-05T06:20:24.746938+00:00,2026-09-05T06:28:03.427548+00:00,codex-cli 0.153.4,649e3b91fc9608fd81d3109d0dcc313a4eff592f47c606ed909bc9540eaaa942
astra,extra-high,legacy-lodgecore-binary-parity,legacy-lodgecore-binary-parity-2f4f7ddc,88.8701,90.1021,100.00,77.99,90.00,74.5179,66.6667,95.4545,64.5833,62.5000,66.6667,90.9091,68.7500,62.5000,75.0000,100.0000,False,563.591,1912502,3.830076,7.267652,2026-09-05T07:32:38.928428+00:00,2026-09-05T07:42:02.525071+00:00,codex-cli 0.153.4,460befbc3da9d909447361dee5031c67ab8c70736f1c6dc03ef8dbb194e8c1f8
astra,extra-high,legacy-matchcore-order-book-parity,legacy-matchcore-order-book-parity-58cfe083,88.3630,88.4435,100.00,79.27,75.00,76.5152,75.0000,80.5556,72.9167,75.0000,70.8333,83.3333,77.0833,70.8333,83.3333,77.7778,False,449.5,655080,1.892896,3.459142,2026-09-05T05:12:32.106584+00:00,2026-09-05T05:20:01.612371+00:00,codex-cli 0.153.4,f5672583e076b31b21da6f61db6bfc231cc065f7c8d2b2b1b9c5e7898f4e912d
astra,extra-high,legacy-metercore-binary-parity,legacy-metercore-binary-parity-c9ba784d,88.8534,89.3090,100.00,80.04,80.00,76.5152,77.0833,75.0000,81.2500,79.1667,83.3333,75.0000,72.9167,66.6667,79.1667,75.0000,False,384.062,434237,1.330906,2.375337,2026-09-05T05:34:28.470171+00:00,2026-09-05T05:40:52.537141+00:00,codex-cli 0.153.4,7672faffdec8cce42769e23355a3fabf4a24240d46a281608b4c76cf2b85ecb3
astra,extra-high,legacy-pacecore-binary-parity,legacy-pacecore-binary-parity-bd076ac7,91.1855,91.9348,100.00,82.35,90.00,80.4113,77.0833,89.2857,79.1667,75.0000,83.3333,92.8571,75.0000,70.8333,79.1667,85.7143,False,427.794,701960,1.901216,3.493582,2026-09-05T06:50:42.459419+00:00,2026-09-05T06:57:50.258556+00:00,codex-cli 0.153.4,f64a8d992cd6c2ff129959b4f68afec408dfde512472133a4bb7cfbc71079fcc
astra,extra-high,legacy-paddockcore-binary-parity,legacy-paddockcore-binary-parity-bc8eee40,87.1319,89.5401,100.00,82.98,90.00,67.9654,66.6667,71.4286,68.7500,62.5000,75.0000,82.1429,64.5833,62.5000,66.6667,60.7143,False,574.547,1670706,3.411092,6.431684,2026-09-05T08:01:19.795909+00:00,2026-09-05T08:10:54.349192+00:00,codex-cli 0.153.4,7ec58384554b7ec1c6ec7e0aad42d7cff633d41e1b2af9518443dcd0f349889f
astra,extra-high,legacy-payrollcore-binary-parity,legacy-payrollcore-binary-parity-ae23a1ca,88.9574,90.1008,100.00,82.44,85.00,74.9242,73.9583,77.5000,75.0000,75.0000,75.0000,75.0000,72.9167,66.6667,79.1667,80.0000,False,440.829,406800,1.434312,2.531799,2026-09-05T05:27:07.488396+00:00,2026-09-05T05:34:28.321469+00:00,codex-cli 0.153.4,9444d331d00bcea3e1ec621ea98a788efee72a49eb839a9ec9d54f32f3962c5a
astra,extra-high,legacy-qlite-store-parity,legacy-qlite-store-parity-b9ed14ac,90.5044,91.3536,100.00,80.64,90.00,78.7879,76.0417,86.1111,75.0000,66.6667,83.3333,88.8889,77.0833,70.8333,83.3333,83.3333,False,425.528,516833,1.910858,3.502516,2026-09-05T05:20:01.805836+00:00,2026-09-05T05:27:07.341481+00:00,codex-cli 0.153.4,9cf12f08104d605c5aa417588c05171a7a00f66efe9c7a71dca38ed149b9f5f5
astra,extra-high,legacy-queuecore-binary-parity,legacy-queuecore-binary-parity-65a2547e,87.5009,89.6948,100.00,82.28,90.00,69.2641,69.7917,67.8571,62.5000,54.1667,70.8333,78.5714,77.0833,66.6667,87.5000,57.1429,False,424.784,615173,1.766586,3.230447,2026-09-05T06:13:19.825553+00:00,2026-09-05T06:20:24.614462+00:00,codex-cli 0.153.4,e9756c8a5b993a5d96d33fdfbee98bded02dd90427272acb48a054d84a988860
astra,extra-high,legacy-quotacore-binary-parity,legacy-quotacore-binary-parity-37cc2c7b,89.6378,91.2725,100.00,85.15,90.00,75.0000,71.8750,83.3333,70.8333,66.6667,75.0000,83.3333,72.9167,66.6667,79.1667,83.3333,False,340.565,323968,1.099912,1.946699,2026-09-05T05:55:03.760412+00:00,2026-09-05T06:00:44.329913+00:00,codex-cli 0.153.4,45f7f630661b41afa633594aa3a3d6e9003c8483411eb213c53584e11ba75d9a
astra,extra-high,legacy-reflowcore-binary-parity,legacy-reflowcore-binary-parity-19b69cb7,89.0340,90.9519,100.00,85.61,90.00,73.0519,75.0000,67.8571,79.1667,79.1667,79.1667,64.2857,70.8333,66.6667,75.0000,71.4286,False,418.309,563366,1.772052,3.236729,2026-09-05T06:36:28.129680+00:00,2026-09-05T06:43:26.443515+00:00,codex-cli 0.153.4,55cf31742794994c2a9e0348c0bddcaade5caf540fb43fe94bd831bd87c9d667
astra,extra-high,legacy-schedcore-binary-parity,legacy-schedcore-binary-parity-1f5b6e3b,90.0699,91.1247,100.00,80.99,90.00,77.3810,72.9167,89.2857,70.8333,58.3333,83.3333,92.8571,75.0000,66.6667,83.3333,85.7143,False,504.386,908043,2.206190,4.035980,2026-09-05T06:28:03.597316+00:00,2026-09-05T06:36:27.988944+00:00,codex-cli 0.153.4,0844f9d4f88bb56ed7d85ad4c226006c47e2245d4722f447683dc6f7e54b17b7
astra,extra-high,legacy-settlecore-binary-parity,legacy-settlecore-binary-parity-a4caf8e7,90.1319,91.2755,100.00,87.14,85.00,77.2727,75.0000,83.3333,75.0000,70.8333,79.1667,88.8889,75.0000,70.8333,79.1667,77.7778,False,466.062,623084,1.787256,3.225512,2026-09-05T05:04:45.783046+00:00,2026-09-05T05:12:31.850011+00:00,codex-cli 0.153.4,59f8c9d7c6da11f1cbe586e87d3ac3a6f5377a8f86404f978e8ac3352be9d262
astra,extra-high,legacy-snapcore-binary-parity,legacy-snapcore-binary-parity-dbecc8b0,90.2886,91.4434,100.00,82.88,90.00,77.5568,75.0000,84.3750,72.9167,70.8333,75.0000,68.7500,77.0833,66.6667,87.5000,100.0000,False,379.234,858969,2.087842,3.905659,2026-09-05T06:00:44.464320+00:00,2026-09-05T06:07:03.703591+00:00,codex-cli 0.153.4,0ec92ed66c4c2e7330efeb0fce89305bf9390564b6b0ac57160cb7eb7f841efb
astra,extra-high,legacy-stampcore-binary-parity,legacy-stampcore-binary-parity-abd57910,88.8458,89.2542,100.00,79.53,80.00,76.6234,71.8750,89.2857,64.5833,62.5000,66.6667,85.7143,79.1667,75.0000,83.3333,92.8571,False,403.997,611771,1.674182,3.051889,2026-09-05T07:04:10.749030+00:00,2026-09-05T07:10:54.747599+00:00,codex-cli 0.153.4,f632f53ee6960bb30df2441b563f685f3d4e69db21847948fd06ef9b63c6bd7b
astra,extra-high,legacy-tallycore-binary-parity,legacy-tallycore-binary-parity-d1f795e4,90.5112,91.4896,100.00,81.98,90.00,78.4632,77.0833,82.1429,75.0000,70.8333,79.1667,78.5714,79.1667,75.0000,83.3333,85.7143,False,435.712,953216,2.214248,4.123471,2026-09-05T06:43:26.590513+00:00,2026-09-05T06:50:42.306470+00:00,codex-cli 0.153.4,34641b4a9e3bdaabd84ec77f6d863ed4b831606f66b488b1d32e0ed8ceab5851
astra,extra-high,legacy-vaultcore-binary-parity,legacy-vaultcore-binary-parity-858035b5,89.7811,89.9944,100.00,81.29,80.00,79.0043,79.1667,78.5714,79.1667,75.0000,83.3333,57.1429,79.1667,70.8333,87.5000,100.0000,False,375.825,469022,1.442196,2.601767,2026-09-05T06:07:03.845463+00:00,2026-09-05T06:13:19.675915+00:00,codex-cli 0.153.4,911e40e9a30879be3fed55f672dbb90b3406e41d7844e6bdbfc1f17d9ec86d05
astra,max,legacy-blendcore-binary-parity,legacy-blendcore-binary-parity-dcdbffc5,88.4560,89.2957,100.00,82.35,80.00,74.7159,78.1250,65.6250,77.0833,75.0000,79.1667,62.5000,79.1667,70.8333,87.5000,68.7500,False,714.239,814763,2.286510,4.164620,2026-09-05T10:37:37.221835+00:00,2026-09-05T10:49:31.463640+00:00,codex-cli 0.153.4,549dbe360b1969a790cfd11aa1e49e157050a6e953656a27c40e8e22f4d21f8a
astra,max,legacy-cellarcore-binary-parity,legacy-cellarcore-binary-parity-80963573,87.3162,88.1115,100.00,77.34,80.00,72.5524,68.7500,82.6923,64.5833,62.5000,66.6667,84.6154,72.9167,62.5000,83.3333,80.7692,False,693.092,1420598,3.464084,6.400093,2026-09-05T11:42:12.919508+00:00,2026-09-05T11:53:46.017083+00:00,codex-cli 0.153.4,8538dfa8588931e013dcb3ecbaf83d2123f61297788637d9aa59792a6a490148
astra,max,legacy-codeccore-binary-parity,legacy-codeccore-binary-parity-0041db50,91.9178,92.4357,100.00,82.93,90.00,82.4811,77.0833,96.8750,72.9167,62.5000,83.3333,93.7500,81.2500,75.0000,87.5000,100.0000,False,526.333,723780,2.080960,3.763345,2026-09-05T09:10:43.662736+00:00,2026-09-05T09:19:30.001063+00:00,codex-cli 0.153.4,50c2b0cdb46c69ffa4fedea0555b43b567fe2c7cadb3ddc3d32c477dd6ca33e5
astra,max,legacy-depotcore-binary-parity,legacy-depotcore-binary-parity-ddca93e6,87.2854,88.1017,100.00,77.43,80.00,72.4359,72.9167,71.1538,75.0000,75.0000,75.0000,65.3846,70.8333,70.8333,70.8333,76.9231,False,858.083,1571012,5.267776,9.903777,2026-09-05T11:15:13.978950+00:00,2026-09-05T11:29:32.066635+00:00,codex-cli 0.153.4,adeba29c66b4ebaa2eede5059d1ec0209548b3dd2aa4ef4082e1ce032e45f1da
astra,max,legacy-freightcore-binary-parity,legacy-freightcore-binary-parity-90f8da84,91.8292,92.2432,100.00,81.52,90.00,82.5758,76.0417,100.0000,75.0000,66.6667,83.3333,100.0000,77.0833,70.8333,83.3333,100.0000,False,555.468,435522,1.746540,3.075105,2026-09-05T09:01:28.036398+00:00,2026-09-05T09:10:43.510325+00:00,codex-cli 0.153.4,afaa71758285c65574371130d184fdbf01289ee79b57acac0907b0371d5573fc
astra,max,legacy-granarycore-binary-parity,legacy-granarycore-binary-parity-f7e3d19e,87.0132,88.9137,100.00,77.35,90.00,69.0559,62.5000,86.5385,54.1667,45.8333,62.5000,92.3077,70.8333,62.5000,79.1667,80.7692,False,1035.501,4036677,7.060498,13.361896,2026-09-05T10:57:58.327716+00:00,2026-09-05T11:15:13.835333+00:00,codex-cli 0.153.4,7660ac00faf671c9631079c39d8d4e155bf6be10381e67df435a88477fd62ad0
astra,max,legacy-hedgecore-binary-parity,legacy-hedgecore-binary-parity-81e7e27e,90.5192,91.4522,100.00,81.55,90.00,78.5985,72.9167,93.7500,72.9167,75.0000,70.8333,93.7500,72.9167,70.8333,75.0000,93.7500,False,531.35,730848,2.092864,3.789328,2026-09-05T09:55:06.297541+00:00,2026-09-05T10:03:57.652374+00:00,codex-cli 0.153.4,ee5736b8a54ccb11e1b5c804f696af1b3f0498b8c07a2a71dacb061d1c08869b
astra,max,legacy-lodgecore-binary-parity,legacy-lodgecore-binary-parity-06d096e5,87.9365,88.4284,100.00,76.74,80.00,74.5868,71.8750,81.8182,68.7500,62.5000,75.0000,90.9091,75.0000,70.8333,79.1667,72.7273,False,760.554,1584764,3.885936,7.196897,2026-09-05T11:29:32.209943+00:00,2026-09-05T11:42:12.770312+00:00,codex-cli 0.153.4,76603301606e34b398d721b53911f62595f77006761fb1126798f558081d4970
astra,max,legacy-matchcore-order-book-parity,legacy-matchcore-order-book-parity-5455bdbf,89.3415,89.5911,100.00,79.90,80.00,78.0303,79.1667,75.0000,75.0000,66.6667,83.3333,72.2222,83.3333,75.0000,91.6667,77.7778,False,716.243,583570,1.917988,3.439826,2026-09-05T08:20:38.115234+00:00,2026-09-05T08:32:34.363264+00:00,codex-cli 0.153.4,d9e3bad5b0c9eb76a365959b1b2047395c805581912b5ffcd42c12975e5e2445
astra,max,legacy-metercore-binary-parity,legacy-metercore-binary-parity-255656c6,88.5113,89.1037,100.00,80.06,80.00,75.4735,69.7917,90.6250,70.8333,62.5000,79.1667,87.5000,68.7500,62.5000,75.0000,93.7500,False,513.721,566437,1.681370,2.982915,2026-09-05T08:52:54.167212+00:00,2026-09-05T09:01:27.892698+00:00,codex-cli 0.153.4,42660a1d86f457f919515f764705b9be4ad3ddcc567a9a235b6e8c68b00f575b
astra,max,legacy-pacecore-binary-parity,legacy-pacecore-binary-parity-9499e6be,91.9006,92.3692,100.00,82.36,90.00,82.5758,76.0417,100.0000,72.9167,66.6667,79.1667,100.0000,79.1667,70.8333,87.5000,100.0000,False,489.769,729615,1.975046,3.584342,2026-09-05T10:29:27.304351+00:00,2026-09-05T10:37:37.078802+00:00,codex-cli 0.153.4,9160859ece2a69b338dc3040bdf913b54d6faa5ad97792a0b22f2fed1594b7a7
astra,max,legacy-paddockcore-binary-parity,legacy-paddockcore-binary-parity-f342fcec,85.3382,86.9127,100.00,77.34,80.00,66.5584,68.7500,60.7143,66.6667,66.6667,66.6667,60.7143,70.8333,66.6667,75.0000,60.7143,False,819.427,1934938,4.268676,7.960552,2026-09-05T11:53:46.160062+00:00,2026-09-05T12:07:25.591696+00:00,codex-cli 0.153.4,3cd0c7c5d4117a0efe8448f40e3deb6755b2e8e8bdea865beaef9ba84a29dc95
astra,max,legacy-payrollcore-binary-parity,legacy-payrollcore-binary-parity-9b7d33fe,88.7278,90.4778,100.00,82.68,90.00,72.8788,73.9583,70.0000,75.0000,66.6667,83.3333,70.0000,72.9167,66.6667,79.1667,70.0000,False,668.2,687740,2.081520,3.664865,2026-09-05T08:41:45.800603+00:00,2026-09-05T08:52:54.005886+00:00,codex-cli 0.153.4,e34a2c6e86aef5b612d09ac707acbf8cbb53f5f20eb93b92c3de567eb2144e63
astra,max,legacy-qlite-store-parity,legacy-qlite-store-parity-43e07c57,91.2961,91.8816,100.00,81.13,90.00,81.0606,78.1250,88.8889,79.1667,75.0000,83.3333,88.8889,77.0833,75.0000,79.1667,88.8889,False,551.134,479896,1.673800,2.989625,2026-09-05T08:32:34.502124+00:00,2026-09-05T08:41:45.640324+00:00,codex-cli 0.153.4,a3e06ff8ec7ba5c6bbc5999ca563ed9942c1d38bd6c02f8defafc6bf87e1b163
astra,max,legacy-queuecore-binary-parity,legacy-queuecore-binary-parity-b2a61cca,90.2110,91.3737,100.00,82.65,90.00,77.3810,72.9167,89.2857,72.9167,66.6667,79.1667,92.8571,72.9167,62.5000,83.3333,85.7143,False,615.164,550495,1.916286,3.356047,2026-09-05T09:44:50.988647+00:00,2026-09-05T09:55:06.159057+00:00,codex-cli 0.153.4,3dcfd4f5b0d5919227570b42a706e247239eecc8225289770d3438a150f0cba9
astra,max,legacy-quotacore-binary-parity,legacy-quotacore-binary-parity-ad36a562,90.4950,91.6266,100.00,83.47,90.00,78.0303,75.0000,86.1111,79.1667,70.8333,87.5000,88.8889,70.8333,62.5000,79.1667,83.3333,False,469.331,374523,1.676470,3.000715,2026-09-05T09:19:30.136877+00:00,2026-09-05T09:27:19.471918+00:00,codex-cli 0.153.4,b47458e4220600c8db332eb9fc950c79a27d9caf7b56235be2165dc620f7eccc
astra,max,legacy-reflowcore-binary-parity,legacy-reflowcore-binary-parity-38d199a8,90.6169,90.6831,100.00,83.14,80.00,81.0606,83.3333,75.0000,85.4167,87.5000,83.3333,78.5714,81.2500,75.0000,87.5000,71.4286,False,440.078,607820,1.742144,3.157363,2026-09-05T10:13:37.088216+00:00,2026-09-05T10:20:57.172317+00:00,codex-cli 0.153.4,e900767956d6b16e14579424f59be30f1c26443bdb0b20dfa327aa804096fbf3
astra,max,legacy-schedcore-binary-parity,legacy-schedcore-binary-parity-ac7628bb,88.8419,90.4888,100.00,82.09,90.00,73.3766,68.7500,85.7143,64.5833,54.1667,75.0000,78.5714,72.9167,62.5000,83.3333,92.8571,False,579.129,527754,1.859444,3.271838,2026-09-05T10:03:57.805795+00:00,2026-09-05T10:13:36.939228+00:00,codex-cli 0.153.4,c12676ae88e4e60ff869cd78d6aefa6418cb5e2d61214f3e06042f74d0ca1f24
astra,max,legacy-settlecore-binary-parity,legacy-settlecore-binary-parity-eee93041,88.1172,88.2995,100.00,79.32,75.00,75.7576,76.0417,75.0000,77.0833,75.0000,79.1667,66.6667,75.0000,66.6667,83.3333,83.3333,False,582.829,592728,2.163976,3.888577,2026-09-05T08:10:55.145878+00:00,2026-09-05T08:20:37.979241+00:00,codex-cli 0.153.4,082709890e1df5368befae055c8a8c90852f0e30b20e8ade0e5c6f4c070813fd
astra,max,legacy-snapcore-binary-parity,legacy-snapcore-binary-parity-1d0753ed,90.0167,91.1447,100.00,81.52,90.00,77.0833,80.2083,68.7500,79.1667,75.0000,83.3333,62.5000,81.2500,79.1667,83.3333,75.0000,False,607.775,889329,2.513586,4.570647,2026-09-05T09:27:19.626970+00:00,2026-09-05T09:37:27.407090+00:00,codex-cli 0.153.4,d0ee324cea50bacd2a7e9abb84497d84a540565df914776bd5743f0637d4c9da
astra,max,legacy-stampcore-binary-parity,legacy-stampcore-binary-parity-dbbef60e,89.6931,91.1632,100.00,83.70,90.00,75.5411,77.0833,71.4286,79.1667,75.0000,83.3333,71.4286,75.0000,70.8333,79.1667,71.4286,False,506.587,673836,1.975584,3.566943,2026-09-05T10:49:31.596174+00:00,2026-09-05T10:57:58.187820+00:00,codex-cli 0.153.4,76ccabd44eab820774dcc5e861a267239eae3f436a8ad879b6681eaea7874633
astra,max,legacy-tallycore-binary-parity,legacy-tallycore-binary-parity-951a0928,90.6600,91.5454,100.00,81.63,90.00,79.0043,79.1667,78.5714,77.0833,75.0000,79.1667,71.4286,81.2500,79.1667,83.3333,85.7143,False,509.837,831768,2.144864,3.919178,2026-09-05T10:20:57.323823+00:00,2026-09-05T10:29:27.165300+00:00,codex-cli 0.153.4,7d99012ad1519fab5da011185045502a455b229972f542ff53d34f418335804d
astra,max,legacy-vaultcore-binary-parity,legacy-vaultcore-binary-parity-03b520c5,87.9350,88.9297,100.00,81.84,80.00,73.2684,73.9583,71.4286,77.0833,70.8333,83.3333,64.2857,70.8333,70.8333,70.8333,78.5714,False,443.301,498990,1.591028,2.854031,2026-09-05T09:37:27.553718+00:00,2026-09-05T09:44:50.859420+00:00,codex-cli 0.153.4,298a2a9e7174adeef8a95253c70e561a542f210d33e615f394bb2171cc78b239
fable,low,legacy-blendcore-binary-parity,legacy-blendcore-binary-parity-8c394a8f,91.1857,92.9542,100.00,82.70,100.00,77.7462,82.2917,65.6250,83.3333,83.3333,83.3333,68.7500,81.2500,79.1667,83.3333,62.5000,False,425.5,585690,2.126181,2.126181,2026-09-03T07:02:37.537342+00:00,2026-09-03T07:09:43.040397+00:00,2.1.259 (Claude Code),630ee7342dd5e58060237f387a0f75494acf7d5773ca18efef3efc6d7dcc42a0
fable,low,legacy-cellarcore-binary-parity,legacy-cellarcore-binary-parity-e7e656c2,88.5931,90.8551,100.00,77.34,100.00,71.2704,67.7083,80.7692,66.6667,66.6667,66.6667,76.9231,68.7500,70.8333,66.6667,84.6154,False,4535.52,10454935,17.514192,17.514192,2026-09-03T11:53:58.994344+00:00,2026-09-03T13:09:34.525638+00:00,2.1.259 (Claude Code),1b776cc3bc0af7eb0a2ab49aaf7a0bb24d641ffcbd0bc0622a1828d9ae3d608a
fable,low,legacy-codeccore-binary-parity,legacy-codeccore-binary-parity-363f3155,80.5737,80.6648,70.00,83.22,100.00,90.9091,87.5000,100.0000,91.6667,95.8333,87.5000,100.0000,83.3333,83.3333,83.3333,100.0000,False,804.206,1479260,3.998179,3.998179,2026-09-03T04:47:31.921665+00:00,2026-09-03T05:00:56.132606+00:00,2.1.259 (Claude Code),9552ae8dea3e31e0a011b67b6a2d27c48730d751921ea2913fc83256a197da8d
fable,low,legacy-depotcore-binary-parity,legacy-depotcore-binary-parity-3a749234,85.6075,88.9954,100.00,76.83,100.00,62.3543,67.7083,48.0769,64.5833,66.6667,62.5000,50.0000,70.8333,66.6667,75.0000,46.1538,False,7965.282,36967983,45.849164,45.849164,2026-09-03T09:06:23.473276+00:00,2026-09-03T11:19:08.779935+00:00,2.1.259 (Claude Code),7859d23feb6db19174da43751edd387bf9539b18b9f94bd887cdb130923e0856
fable,low,legacy-freightcore-binary-parity,legacy-freightcore-binary-parity-7fb92ccb,91.9197,93.5616,100.00,84.35,100.00,79.5455,76.0417,88.8889,75.0000,75.0000,75.0000,100.0000,77.0833,79.1667,75.0000,77.7778,False,911.381,1714769,5.882183,5.882183,2026-09-03T04:32:20.406889+00:00,2026-09-03T04:47:31.793958+00:00,2.1.259 (Claude Code),d4bfe96e5a564d96302e970731e7945f79d8907968c1b983bb1856ebde502763
fable,low,legacy-granarycore-binary-parity,legacy-granarycore-binary-parity-e59660a8,73.6325,77.6556,85.71,78.96,85.00,51.0331,43.7500,70.4545,39.5833,29.1667,50.0000,81.8182,47.9167,37.5000,58.3333,59.0909,True,6743.688,19875699,31.892919,31.892919,2026-09-03T07:13:59.634136+00:00,2026-09-03T09:06:23.336632+00:00,2.1.259 (Claude Code),0d6a0fa8aa350b569b053dbe78ceb9ab863f51de34ccba2e983ff63618e437d4
fable,low,legacy-hedgecore-binary-parity,legacy-hedgecore-binary-parity-f04d863b,94.1332,94.8607,100.00,83.92,100.00,86.3636,90.6250,75.0000,89.5833,91.6667,87.5000,75.0000,91.6667,87.5000,95.8333,75.0000,False,1053.964,1653781,5.644126,5.644126,2026-09-03T05:58:55.191562+00:00,2026-09-03T06:16:29.161644+00:00,2.1.259 (Claude Code),0abd9fd94e4b1cb55573814a8bb02c63b86c83dda4a6b15e824db99f7ba5b13e
fable,low,legacy-lodgecore-binary-parity,legacy-lodgecore-binary-parity-93fa5259,92.4013,92.9632,100.00,75.31,100.00,83.3333,77.0833,100.0000,77.0833,75.0000,79.1667,100.0000,77.0833,79.1667,75.0000,100.0000,False,2089.923,4058103,10.844602,10.844602,2026-09-03T11:19:08.925122+00:00,2026-09-03T11:53:58.854470+00:00,2.1.259 (Claude Code),70225014fdf724440b5d327d77befe54773bc4474ee182e945bd0b9977239801
fable,low,legacy-matchcore-order-book-parity,legacy-matchcore-order-book-parity-de1307fe,92.2217,93.5151,100.00,87.02,95.00,81.0606,80.2083,83.3333,79.1667,75.0000,83.3333,83.3333,81.2500,83.3333,79.1667,83.3333,False,910.015,1842805,4.397787,4.397787,2026-09-03T02:57:08.474853+00:00,2026-09-03T03:12:18.497048+00:00,2.1.259 (Claude Code),d31cdf74a1fae5fc64176a9bf49466c66e354da3923933b0659d4369f36d28e4
fable,low,legacy-metercore-binary-parity,legacy-metercore-binary-parity-49000e6d,93.1750,94.3647,100.00,84.78,100.00,83.2386,87.5000,71.8750,91.6667,91.6667,91.6667,75.0000,83.3333,83.3333,83.3333,68.7500,False,693.431,1121527,2.718875,2.718875,2026-09-03T03:35:26.595413+00:00,2026-09-03T03:47:00.030007+00:00,2.1.259 (Claude Code),7b921243d501a4f4de9296d742c3480757dc1b7f00da273178cd7ddcab243ac6
fable,low,legacy-pacecore-binary-parity,legacy-pacecore-binary-parity-53989899,94.7914,95.2360,100.00,83.68,100.00,88.4199,85.4167,96.4286,91.6667,91.6667,91.6667,100.0000,79.1667,79.1667,79.1667,92.8571,False,413.327,633708,2.191071,2.191071,2026-09-03T06:55:44.078697+00:00,2026-09-03T07:02:37.408955+00:00,2.1.259 (Claude Code),d16bfd379188121b960ff7645d91fd957085c5c3f7b1d2513a19de56c735bcb6
fable,low,legacy-paddockcore-binary-parity,legacy-paddockcore-binary-parity-2e141d56,86.0842,89.0568,100.00,74.52,100.00,64.3939,69.7917,50.0000,72.9167,66.6667,79.1667,46.4286,66.6667,62.5000,70.8333,53.5714,False,2274.113,7916410,11.968732,11.968732,2026-09-03T15:53:12.871163+00:00,2026-09-03T16:31:06.992076+00:00,2.1.259 (Claude Code),2f4b89f38960e6fc3f314ddf6dbe6f749683c30f96ee14501308fb46a40faa29
fable,low,legacy-payrollcore-binary-parity,legacy-payrollcore-binary-parity-d14523a1,93.8402,94.4596,100.00,81.65,100.00,86.0606,86.4583,85.0000,89.5833,87.5000,91.6667,85.0000,83.3333,83.3333,83.3333,85.0000,False,771.339,2136938,4.563269,4.563269,2026-09-03T03:22:35.116363+00:00,2026-09-03T03:35:26.461350+00:00,2.1.259 (Claude Code),b247c6d0db3835604c0fdfc2c07996fae15dcdbe6fc56a8afb2356ec32798294
fable,low,legacy-qlite-store-parity,legacy-qlite-store-parity-2467024c,91.1973,89.6797,100.00,84.38,65.00,86.3636,85.4167,88.8889,89.5833,87.5000,91.6667,88.8889,81.2500,83.3333,79.1667,88.8889,False,616.34,747796,2.730290,2.730290,2026-09-03T03:12:18.643722+00:00,2026-09-03T03:22:34.987829+00:00,2.1.259 (Claude Code),95799471457400c8bdd867513c366a96fbb86431b1fa2030dddc467f1f08064f
fable,low,legacy-queuecore-binary-parity,legacy-queuecore-binary-parity-7c722765,76.9615,79.3305,75.00,81.90,100.00,72.7273,78.1250,58.3333,79.1667,75.0000,83.3333,75.0000,77.0833,79.1667,75.0000,41.6667,False,1218.772,1349955,4.970313,4.970313,2026-09-03T05:38:36.288947+00:00,2026-09-03T05:58:55.065774+00:00,2.1.259 (Claude Code),61884992d82c50926b1a097856acc49c092b57ece1b0d6747cc3798d895bdf85
fable,low,legacy-quotacore-binary-parity,legacy-quotacore-binary-parity-fabaf15d,90.2191,89.9811,100.00,88.46,70.00,81.0606,81.2500,80.5556,79.1667,70.8333,87.5000,77.7778,83.3333,79.1667,87.5000,83.3333,False,919.246,777383,2.855496,2.855496,2026-09-03T05:00:56.260454+00:00,2026-09-03T05:16:15.510473+00:00,2.1.259 (Claude Code),bdc525dee2e501faf8e71b6bb59e2eff8861110e7bcf095329c30d15c1581d9e
fable,low,legacy-reflowcore-binary-parity,legacy-reflowcore-binary-parity-08828d94,89.8149,92.9094,100.00,90.68,100.00,71.5368,72.9167,67.8571,70.8333,66.6667,75.0000,64.2857,75.0000,79.1667,70.8333,71.4286,False,652.249,927287,3.044991,3.044991,2026-09-03T06:27:19.661103+00:00,2026-09-03T06:38:11.914174+00:00,2.1.259 (Claude Code),f828c995ec3d9eb69832b0006122c76e902436543b25effeff771a4035a1e3b6
fable,low,legacy-schedcore-binary-parity,legacy-schedcore-binary-parity-cfd3f7c5,92.9300,93.9375,100.00,81.95,100.00,83.2251,82.2917,85.7143,83.3333,79.1667,87.5000,92.8571,81.2500,79.1667,83.3333,78.5714,False,650.248,835590,2.903782,2.903782,2026-09-03T06:16:29.287030+00:00,2026-09-03T06:27:19.539651+00:00,2.1.259 (Claude Code),9b46522646a8f10d92b0728f2c65b61be6a1857f8ca109168e4349f9e84199ab
fable,low,legacy-settlecore-binary-parity,legacy-settlecore-binary-parity-62323e23,84.7802,84.9525,80.00,80.87,100.00,89.1098,88.5417,90.6250,89.5833,87.5000,91.6667,93.7500,87.5000,83.3333,91.6667,87.5000,False,820.754,1587637,4.281813,4.281813,2026-09-03T02:43:27.583125+00:00,2026-09-03T02:57:08.344491+00:00,2.1.259 (Claude Code),b13f42803ca8f4bbfacb5bcc619edfe43b9e2bba581e4f2b8db7a8615277b4fb
fable,low,legacy-snapcore-binary-parity,legacy-snapcore-binary-parity-2d91fdec,91.4716,93.3501,100.00,84.96,100.00,78.0303,79.1667,75.0000,81.2500,83.3333,79.1667,75.0000,77.0833,79.1667,75.0000,75.0000,False,838.783,1267526,3.764498,3.764498,2026-09-03T05:16:15.632486+00:00,2026-09-03T05:30:14.419034+00:00,2.1.259 (Claude Code),87cbd9c229eef3d00d482af98f286d580d2f69f072292f464039d41206673efe
fable,low,legacy-stampcore-binary-parity,legacy-stampcore-binary-parity-46f1d860,92.0465,93.5370,100.00,83.32,100.00,80.1948,78.1250,85.7143,79.1667,79.1667,79.1667,100.0000,77.0833,75.0000,79.1667,71.4286,False,256.334,477787,1.845042,1.845042,2026-09-03T07:09:43.171602+00:00,2026-09-03T07:13:59.509165+00:00,2.1.259 (Claude Code),582945b3f0da596d4ba7ffc751022a2163f3766832c0d06431a58ae4e22fe6a7
fable,low,legacy-tallycore-binary-parity,legacy-tallycore-binary-parity-f9bd6317,90.3611,92.5076,100.00,83.24,100.00,75.1082,69.7917,89.2857,62.5000,62.5000,62.5000,85.7143,77.0833,75.0000,79.1667,92.8571,False,1051.913,1717253,4.660532,4.660532,2026-09-03T06:38:12.040116+00:00,2026-09-03T06:55:43.958290+00:00,2.1.259 (Claude Code),e5f0dec8479becbaa06e054bb174e6280cd7073d6232f95f52d5c28f9194af3c
fable,low,legacy-vaultcore-binary-parity,legacy-vaultcore-binary-parity-cb8acce2,91.8746,93.6475,100.00,85.50,100.00,79.1126,83.3333,67.8571,83.3333,79.1667,87.5000,71.4286,83.3333,83.3333,83.3333,64.2857,False,501.6,703812,2.517504,2.517504,2026-09-03T05:30:14.551518+00:00,2026-09-03T05:38:36.155359+00:00,2.1.259 (Claude Code),da881ee6b6e92236773dd6b8426108de34dc8f74d4a4a6c1e26b7d1277bca49e
fable,medium,legacy-blendcore-binary-parity,legacy-blendcore-binary-parity-39096572,89.5811,90.1588,100.00,89.19,75.00,77.6515,83.3333,62.5000,87.5000,83.3333,91.6667,62.5000,79.1667,79.1667,79.1667,62.5000,False,1051.219,1708032,4.624580,4.624580,2026-09-04T02:48:03.986064+00:00,2026-09-04T03:05:35.210647+00:00,2.1.260 (Claude Code),77a576ffdc8b0317546fe37a5a6778740cfeef82887b12878ef6149ae71d78a6
fable,medium,legacy-cellarcore-binary-parity,legacy-cellarcore-binary-parity-886256a8,91.0820,92.2837,100.00,76.53,100.00,79.0210,81.2500,73.0769,81.2500,79.1667,83.3333,65.3846,81.2500,79.1667,83.3333,80.7692,False,1339.223,3043906,9.006976,9.006976,2026-09-04T09:47:39.351827+00:00,2026-09-04T10:09:58.583206+00:00,2.1.260 (Claude Code),4725559d00fd036ef7cd20ac5b4bad7d7ad93d591d77d8514f4a6fb74dc5f438
fable,medium,legacy-codeccore-binary-parity,legacy-codeccore-binary-parity-76caa619,95.4716,94.6880,100.00,83.93,90.00,92.9924,92.7083,93.7500,91.6667,87.5000,95.8333,87.5000,93.7500,95.8333,91.6667,100.0000,False,962.534,2225418,4.118984,4.118984,2026-09-03T22:18:50.115331+00:00,2026-09-03T22:34:52.656249+00:00,2.1.259 (Claude Code),245ad5145fcb2eeea0cbdd42126d3f31ad07ebd2dba1232a2ab5af788cf83425
fable,medium,legacy-depotcore-binary-parity,legacy-depotcore-binary-parity-e3803e0a,82.1287,84.0645,85.71,76.75,100.00,73.4848,72.9167,75.0000,72.9167,66.6667,79.1667,59.0909,72.9167,70.8333,75.0000,90.9091,True,10023.073,60089044,55.316140,55.316140,2026-09-04T06:15:12.953110+00:00,2026-09-04T09:02:16.050989+00:00,2.1.260 (Claude Code),ab6acd1d366835fb01c95bdb3dc0d54c067bc1dc2bd12dabe0da28d02f19fb03
fable,medium,legacy-freightcore-binary-parity,legacy-freightcore-binary-parity-2fc46197,93.0541,94.1152,100.00,82.99,100.00,83.3333,82.2917,86.1111,81.2500,83.3333,79.1667,88.8889,83.3333,79.1667,87.5000,83.3333,False,767.734,1458594,4.123227,4.123227,2026-09-03T22:06:02.248868+00:00,2026-09-03T22:18:49.989361+00:00,2.1.259 (Claude Code),1e12841bdf8b054cd168ba956c040b30d1ccc819b70652d9c9cd4e17c73673ba
fable,medium,legacy-granarycore-binary-parity,legacy-granarycore-binary-parity-8f909cd4,76.2747,79.0708,78.57,81.35,95.00,66.6667,63.5417,75.0000,60.4167,54.1667,66.6667,80.0000,66.6667,58.3333,75.0000,70.0000,True,10508.787,52811752,39.407933,39.407933,2026-09-04T03:20:04.002454+00:00,2026-09-04T06:15:12.802830+00:00,2.1.260 (Claude Code),ce63802e1999369ae1babab2986aa78fd61521b8e5d2a55b29f7375a6b80f892
fable,medium,legacy-hedgecore-binary-parity,legacy-hedgecore-binary-parity-2c5123bb,94.5046,95.0454,100.00,83.51,100.00,87.5947,86.4583,90.6250,87.5000,83.3333,91.6667,87.5000,85.4167,87.5000,83.3333,93.7500,False,1399.318,2799830,7.769185,7.769185,2026-09-04T00:49:43.590916+00:00,2026-09-04T01:13:02.916110+00:00,2.1.260 (Claude Code),70133d6b7e8e6a13800a3d83469cd6b561617d88fb1db288de4dc6dc1d82ab7f
fable,medium,legacy-lodgecore-binary-parity,legacy-lodgecore-binary-parity-120a6c16,92.9086,94.3322,100.00,86.09,100.00,82.0937,77.0833,95.4545,77.0833,75.0000,79.1667,100.0000,77.0833,79.1667,75.0000,90.9091,False,2722.986,7635609,16.300456,16.300456,2026-09-04T09:02:16.191670+00:00,2026-09-04T09:47:39.191022+00:00,2.1.260 (Claude Code),f581bf79d5559417b5ccbd6d8149249e2519b6321fc01633c7d0fa2a07a84509
fable,medium,legacy-matchcore-order-book-parity,legacy-matchcore-order-book-parity-dd2fd85d,92.1469,93.3831,100.00,81.14,100.00,81.0606,82.2917,77.7778,79.1667,75.0000,83.3333,77.7778,85.4167,87.5000,83.3333,77.7778,False,758.185,1044431,3.870016,3.870016,2026-09-03T16:51:09.596433+00:00,2026-09-03T17:03:47.787866+00:00,2.1.259 (Claude Code),0a144508b5fecc7ccd1efe3910d55bfb56cfe4e8f637789c0caa2e7249b08766
fable,medium,legacy-metercore-binary-parity,legacy-metercore-binary-parity-274479f4,93.4632,94.4024,100.00,83.39,100.00,84.4697,83.3333,87.5000,85.4167,83.3333,87.5000,87.5000,81.2500,79.1667,83.3333,87.5000,False,390.665,435845,1.473943,1.473943,2026-09-03T21:59:31.437332+00:00,2026-09-03T22:06:02.106391+00:00,2.1.259 (Claude Code),f4ec1610c87d88c816fc05456a75a1997c5f8ffa0cd8bd97693849c4447bbf4e
fable,medium,legacy-pacecore-binary-parity,legacy-pacecore-binary-parity-b1e6fdaa,93.0941,94.0616,100.00,82.20,100.00,83.6580,80.2083,92.8571,81.2500,79.1667,83.3333,92.8571,79.1667,83.3333,75.0000,92.8571,False,368.127,578791,2.137961,2.137961,2026-09-04T02:41:55.722630+00:00,2026-09-04T02:48:03.854954+00:00,2.1.260 (Claude Code),d1bcde60e5beeb766abfc7ee18317c175dd2b8b72b5be1e35cd8e1b0f25cb835
fable,medium,legacy-paddockcore-binary-parity,legacy-paddockcore-binary-parity-c255bc7d,87.3946,89.6727,100.00,72.71,100.00,68.8312,71.8750,60.7143,72.9167,70.8333,75.0000,67.8571,70.8333,75.0000,66.6667,53.5714,False,1216.168,4890328,9.636885,9.636885,2026-09-04T10:09:58.729397+00:00,2026-09-04T10:30:14.903416+00:00,2.1.260 (Claude Code),f822bab037c422caa0a1000d71800cc96b747fd97dc77acbc217d9e67f17a7fb
fable,medium,legacy-payrollcore-binary-parity,legacy-payrollcore-binary-parity-c22b6450,89.3807,88.8782,100.00,82.42,70.00,80.0758,79.1667,82.5000,79.1667,75.0000,83.3333,75.0000,79.1667,79.1667,79.1667,90.0000,False,338.652,459268,1.601654,1.601654,2026-09-03T21:53:52.652471+00:00,2026-09-03T21:59:31.307812+00:00,2.1.259 (Claude Code),7909fa64e1586cbac3422a960959b6462f794a1c7cc59bdca708b20d19b8b299
fable,medium,legacy-qlite-store-parity,legacy-qlite-store-parity-b9717872,88.6489,85.4722,100.00,82.34,40.00,85.6061,87.5000,80.5556,89.5833,87.5000,91.6667,88.8889,85.4167,83.3333,87.5000,72.2222,False,677.563,1181192,3.683637,3.683637,2026-09-03T17:03:47.927737+00:00,2026-09-03T17:15:05.497907+00:00,2.1.259 (Claude Code),c02022788feef3cbcb2f5840e8736b69b578fe4854d4e39efb46889096aa2946
fable,medium,legacy-queuecore-binary-parity,legacy-queuecore-binary-parity-6b2308b5,91.2574,93.0548,100.00,83.28,100.00,77.8139,80.2083,71.4286,79.1667,75.0000,83.3333,78.5714,81.2500,79.1667,83.3333,64.2857,False,1679.384,1193954,3.875398,3.875398,2026-09-03T23:21:38.629358+00:00,2026-09-03T23:49:38.019169+00:00,2.1.259 (Claude Code),0abb6bce47e168174e4040337fea7667718363c96b8f047d5d7ad6e59b9c00a9
fable,medium,legacy-quotacore-binary-parity,legacy-quotacore-binary-parity-1fa5ac46,93.1689,94.3177,100.00,84.34,100.00,83.3333,84.3750,80.5556,85.4167,83.3333,87.5000,83.3333,83.3333,83.3333,83.3333,77.7778,False,1179.026,2179129,4.380132,4.380132,2026-09-03T22:34:52.785709+00:00,2026-09-03T22:54:31.817199+00:00,2.1.259 (Claude Code),cd019b60d636fcae17c3e3ae6a67afd005eb76168f6679cc44af51dfdacdc231
fable,medium,legacy-reflowcore-binary-parity,legacy-reflowcore-binary-parity-3b05d555,90.4461,92.7817,100.00,85.50,100.00,74.7835,76.0417,71.4286,81.2500,83.3333,79.1667,64.2857,70.8333,75.0000,66.6667,78.5714,False,995.413,1806938,5.439182,5.439182,2026-09-04T01:39:45.625412+00:00,2026-09-04T01:56:21.043796+00:00,2.1.260 (Claude Code),83dcf6a8cf3b1fb3cc61f6ddde96ff4fb67b95cc5e9f702753248d4d543c216c
fable,medium,legacy-schedcore-binary-parity,legacy-schedcore-binary-parity-d0965306,90.6454,92.0161,100.00,86.50,90.00,77.7056,76.0417,82.1429,75.0000,66.6667,83.3333,78.5714,77.0833,70.8333,83.3333,85.7143,False,1602.413,2546571,6.938401,6.938401,2026-09-04T01:13:03.063159+00:00,2026-09-04T01:39:45.485114+00:00,2.1.260 (Claude Code),1e8de3c4b23caced25657bfcd83afb26299652a8df3c46a7a161b02943547f75
fable,medium,legacy-settlecore-binary-parity,legacy-settlecore-binary-parity-0c29c6d3,81.9179,83.2325,80.00,81.02,100.00,80.3977,81.2500,78.1250,79.1667,79.1667,79.1667,87.5000,83.3333,87.5000,79.1667,68.7500,False,1196.774,2114794,6.355323,6.355323,2026-09-03T16:31:12.669560+00:00,2026-09-03T16:51:09.452086+00:00,2.1.259 (Claude Code),57e4256c4d6a80d45e0cf1ad702484120a90ab9db602e745ef989e3bd31a4970
fable,medium,legacy-snapcore-binary-parity,legacy-snapcore-binary-parity-cfdb8fec,92.7452,94.1131,100.00,84.87,100.00,81.9129,83.3333,78.1250,81.2500,83.3333,79.1667,75.0000,85.4167,87.5000,83.3333,81.2500,False,897.466,1779229,3.688750,3.688750,2026-09-03T22:54:31.965034+00:00,2026-09-03T23:09:29.440046+00:00,2.1.259 (Claude Code),72e2ec77c5b60ef621507be9b037a6b92f04e55dbcdbac3d6f9510da3eda8d77
fable,medium,legacy-stampcore-binary-parity,legacy-stampcore-binary-parity-0904b83c,92.1365,93.8200,100.00,90.64,95.00,79.8701,84.3750,67.8571,87.5000,87.5000,87.5000,64.2857,81.2500,83.3333,79.1667,71.4286,True,868.527,1484614,3.445151,3.445151,2026-09-04T03:05:35.335035+00:00,2026-09-04T03:20:03.868262+00:00,2.1.260 (Claude Code),c39ad15ff1da6d280b90df4b369d63e4ba6cabe58c060e318b67d2de42a8b40a
fable,medium,legacy-tallycore-binary-parity,legacy-tallycore-binary-parity-f7f71191,91.5413,93.3490,100.00,84.52,100.00,78.3550,72.9167,92.8571,66.6667,58.3333,75.0000,85.7143,79.1667,79.1667,79.1667,100.0000,False,2103.223,6126142,11.355339,11.355339,2026-09-04T02:06:52.355227+00:00,2026-09-04T02:41:55.587481+00:00,2.1.260 (Claude Code),35a28ca9c4416ea254d8c280047dc54cbff7e26a207469ac701486d4dda3c1ae
fable,medium,legacy-vaultcore-binary-parity,legacy-vaultcore-binary-parity-e86cdae0,89.9813,89.0235,100.00,90.20,60.00,82.4675,81.2500,85.7143,83.3333,79.1667,87.5000,100.0000,79.1667,83.3333,75.0000,71.4286,False,728.888,766689,2.728971,2.728971,2026-09-03T23:09:29.590096+00:00,2026-09-03T23:21:38.485546+00:00,2.1.259 (Claude Code),502ebbbb8ebe337b2ac9ca0cccc4abac4332582254cb8a83845aaec1076cd0af
fable,high,legacy-blendcore-binary-parity,legacy-blendcore-binary-parity-dd79ab00,93.0885,94.2483,100.00,84.13,100.00,83.1439,88.5417,68.7500,91.6667,91.6667,91.6667,68.7500,85.4167,83.3333,87.5000,68.7500,False,697.556,662060,3.096496,3.096496,2026-09-04T14:55:16.115041+00:00,2026-09-04T15:06:53.677002+00:00,2.1.260 (Claude Code),93c849c87831149e7db776e17c33d261b9fa57049b3dd93774eeabf7d3ee5bd1
fable,high,legacy-cellarcore-binary-parity,legacy-cellarcore-binary-parity-28505d33,83.5766,86.2755,92.86,75.99,100.00,67.2348,63.5417,77.0833,62.5000,50.0000,75.0000,79.1667,64.5833,62.5000,66.6667,75.0000,False,1573.21,2436974,8.712068,8.712068,2026-09-04T21:01:33.214244+00:00,2026-09-04T21:27:46.433157+00:00,2.1.260 (Claude Code),bf2b60b4f30048d0fbd9ccfb3ade160d0d7bcb79c0b7152ff51725396d48d1c8
fable,high,legacy-codeccore-binary-parity,legacy-codeccore-binary-parity-f90dddaa,94.5231,95.0419,100.00,83.36,100.00,87.6894,85.4167,93.7500,81.2500,83.3333,79.1667,87.5000,89.5833,87.5000,91.6667,100.0000,False,796.892,2053173,5.365810,5.365810,2026-09-04T11:34:51.989888+00:00,2026-09-04T11:48:08.890579+00:00,2.1.260 (Claude Code),cbaa7a71952ed5fc36aa9d42a6e2690e4816a9585c09666bf4d150e378badce5
fable,high,legacy-depotcore-binary-parity,legacy-depotcore-binary-parity-fa820731,82.6900,83.0003,100.00,78.91,55.00,64.5688,72.9167,42.3077,72.9167,75.0000,70.8333,23.0769,72.9167,75.0000,70.8333,61.5385,False,2447.066,8164786,16.533587,16.533587,2026-09-04T18:23:06.493798+00:00,2026-09-04T19:03:53.573229+00:00,2.1.260 (Claude Code),ba6f1fcbe9d5f301a0ffb6eeef2721a617aeab38cfe1ae12df3c559a31d8dc0e
fable,high,legacy-freightcore-binary-parity,legacy-freightcore-binary-parity-afddac06,94.3092,94.8817,100.00,83.05,100.00,87.1212,84.3750,94.4444,85.4167,87.5000,83.3333,100.0000,83.3333,79.1667,87.5000,88.8889,False,305.348,403806,1.890188,1.890188,2026-09-04T11:29:46.502990+00:00,2026-09-04T11:34:51.855640+00:00,2.1.260 (Claude Code),b7c92dd4ba66910d190922c90901458b570c505b719f61dbbc896f4b27f593cb
fable,high,legacy-granarycore-binary-parity,legacy-granarycore-binary-parity-d6236695,89.3490,90.5401,100.00,69.49,100.00,75.5828,72.9167,82.6923,72.9167,70.8333,75.0000,84.6154,72.9167,75.0000,70.8333,80.7692,False,3549.256,8036432,18.079101,18.079101,2026-09-04T17:23:57.078014+00:00,2026-09-04T18:23:06.351743+00:00,2.1.260 (Claude Code),c6b368611454133f5142965834201c60bf3335dbc37afa29aecdd169660547d6
fable,high,legacy-hedgecore-binary-parity,legacy-hedgecore-binary-parity-b68fbea8,90.2053,87.6032,100.00,84.40,50.00,87.2159,90.6250,78.1250,91.6667,91.6667,91.6667,68.7500,89.5833,91.6667,87.5000,87.5000,False,1510.308,2627937,8.083369,8.083369,2026-09-04T13:09:44.707296+00:00,2026-09-04T13:34:55.022805+00:00,2.1.260 (Claude Code),171a8bdb2e43692fb53f2a94b3dbc39785a381069a3accb77e04adc423a75c70
fable,high,legacy-lodgecore-binary-parity,legacy-lodgecore-binary-parity-9a6ad86c,85.7936,87.0075,91.67,87.16,85.00,76.7424,80.2083,67.5000,79.1667,79.1667,79.1667,65.0000,81.2500,79.1667,83.3333,70.0000,True,7059.332,40378924,40.247532,40.247532,2026-09-04T19:03:53.708854+00:00,2026-09-04T21:01:33.065071+00:00,2.1.260 (Claude Code),ba5ac3b6372bd0c13562e642f3b392cb124500473041092bbf3618db0102abd2
fable,high,legacy-matchcore-order-book-parity,legacy-matchcore-order-book-parity-f30f4f04,93.0627,93.8407,100.00,80.15,100.00,84.0909,86.4583,77.7778,87.5000,87.5000,87.5000,77.7778,85.4167,87.5000,83.3333,77.7778,False,521.254,849677,4.058444,4.058444,2026-09-04T10:47:58.395444+00:00,2026-09-04T10:56:39.654594+00:00,2.1.260 (Claude Code),227dc6c0080efc2cb9dca7183bd082b1492ddd654a8960cbb48c90a7ea78d1bc
fable,high,legacy-metercore-binary-parity,legacy-metercore-binary-parity-121ec3b6,93.8060,94.7540,100.00,84.85,100.00,85.1326,85.4167,84.3750,85.4167,87.5000,83.3333,93.7500,85.4167,83.3333,87.5000,75.0000,False,607.503,801497,3.580058,3.580058,2026-09-04T11:19:38.871760+00:00,2026-09-04T11:29:46.380464+00:00,2.1.260 (Claude Code),354c82b349575aafa54e61aa67171c16e64b76bbb938276c1eafbdd2f3ad8f31
fable,high,legacy-pacecore-binary-parity,legacy-pacecore-binary-parity-31f5f8e6,93.5533,94.4581,100.00,83.40,100.00,84.7403,84.3750,85.7143,85.4167,79.1667,91.6667,78.5714,83.3333,83.3333,83.3333,92.8571,False,1505.873,2497339,8.177919,8.177919,2026-09-04T14:30:10.111714+00:00,2026-09-04T14:55:15.991859+00:00,2.1.260 (Claude Code),b1eef8f7163c5e20aac2b632662619ce5ce4e59e729e620de075741e7f4a6865
fable,high,legacy-paddockcore-binary-parity,legacy-paddockcore-binary-parity-fde98343,85.2661,88.7510,100.00,76.45,100.00,61.4177,67.7083,44.6429,68.7500,62.5000,75.0000,42.8571,66.6667,62.5000,70.8333,46.4286,True,7958.244,40165461,47.172853,47.172853,2026-09-04T21:27:46.562550+00:00,2026-09-04T23:40:24.827053+00:00,2.1.260 (Claude Code),faf3022c5b6fa62fd2ade36e7bc56b8decdfcdab90f5541729857126e256b9dd
fable,high,legacy-payrollcore-binary-parity,legacy-payrollcore-binary-parity-067707da,89.5329,87.3799,100.00,81.27,55.00,84.6970,86.4583,80.0000,89.5833,87.5000,91.6667,80.0000,83.3333,79.1667,87.5000,80.0000,False,481.645,794961,3.152119,3.152119,2026-09-04T11:11:37.085126+00:00,2026-09-04T11:19:38.736889+00:00,2.1.260 (Claude Code),512d5d8e94e8ef6157efc6f6d83c2691398cea44adeb5f1995f623342338d564
fable,high,legacy-qlite-store-parity,legacy-qlite-store-parity-b4475f4c,93.0941,94.1857,100.00,83.46,100.00,83.3333,82.2917,86.1111,81.2500,75.0000,87.5000,77.7778,83.3333,83.3333,83.3333,94.4444,False,897.155,1213960,5.373403,5.373403,2026-09-04T10:56:39.787186+00:00,2026-09-04T11:11:36.947884+00:00,2.1.260 (Claude Code),ec5283dc548bd1945e8eda04a3b4ca25d4dda322b921cf8ec04a3923b03e8322
fable,high,legacy-queuecore-binary-parity,legacy-queuecore-binary-parity-43a0950b,89.7700,90.0576,100.00,87.00,75.00,78.7879,80.2083,75.0000,79.1667,75.0000,83.3333,71.4286,81.2500,79.1667,83.3333,78.5714,False,1641.547,2959641,7.513034,7.513034,2026-09-04T12:42:23.008056+00:00,2026-09-04T13:09:44.563859+00:00,2.1.260 (Claude Code),01796ff43209fbc58d472abc36c7dbbba79ca5a2bbaa480b0d0498ba4e645229
fable,high,legacy-quotacore-binary-parity,legacy-quotacore-binary-parity-41e4b5e3,91.3180,89.8927,100.00,85.80,65.00,86.3636,84.3750,91.6667,85.4167,79.1667,91.6667,88.8889,83.3333,83.3333,83.3333,94.4444,False,916.543,1367098,5.345569,5.345569,2026-09-04T11:48:09.021654+00:00,2026-09-04T12:03:25.571161+00:00,2.1.260 (Claude Code),7a257280047e7c9790a86c8d8ac51296e94e739d0041cf065194baeba5fbaf77
fable,high,legacy-reflowcore-binary-parity,legacy-reflowcore-binary-parity-3ccc8fd0,92.1578,93.7748,100.00,85.05,100.00,80.0866,83.3333,71.4286,83.3333,83.3333,83.3333,57.1429,83.3333,83.3333,83.3333,85.7143,False,1321.489,1519635,6.611397,6.611397,2026-09-04T13:57:33.945823+00:00,2026-09-04T14:19:35.439882+00:00,2.1.260 (Claude Code),67a90f8bf55292171ff8e44ff4b71c4ffed4dd9836b54ad356807d0bb57b2590
fable,high,legacy-schedcore-binary-parity,legacy-schedcore-binary-parity-c1d31fc8,91.2711,90.2651,100.00,84.87,70.00,85.1732,82.2917,92.8571,79.1667,75.0000,83.3333,100.0000,85.4167,83.3333,87.5000,85.7143,False,1358.643,1753548,6.451812,6.451812,2026-09-04T13:34:55.172153+00:00,2026-09-04T13:57:33.821418+00:00,2.1.260 (Claude Code),27c6cc1880ad76125edf05baef5beb6da0b1e07eb87f6f9cef7e86b0bab4c13a
fable,high,legacy-settlecore-binary-parity,legacy-settlecore-binary-parity-c1c7da20,84.6745,85.0194,80.00,82.20,100.00,88.4470,86.4583,93.7500,87.5000,87.5000,87.5000,100.0000,85.4167,83.3333,87.5000,87.5000,False,1058.461,2188202,6.176841,6.176841,2026-09-04T10:30:19.775777+00:00,2026-09-04T10:47:58.244431+00:00,2.1.260 (Claude Code),dfef206a29edfe41df4cae7f4498bb86e720513bbaacb586ca534712c49c16b3
fable,high,legacy-snapcore-binary-parity,legacy-snapcore-binary-parity-a7deba17,84.4634,80.0775,100.00,83.32,10.00,80.3977,81.2500,78.1250,79.1667,79.1667,79.1667,75.0000,83.3333,83.3333,83.3333,81.2500,False,1303.271,1732130,5.701649,5.701649,2026-09-04T12:03:25.704354+00:00,2026-09-04T12:25:08.981735+00:00,2.1.260 (Claude Code),3affcc7b441ce5a454505fd91316a5ca995acf27aa0f0bd67c1e8209c4d7888a
fable,high,legacy-stampcore-binary-parity,legacy-stampcore-binary-parity-e8622b7a,92.3501,93.7003,100.00,83.11,100.00,81.1688,78.1250,89.2857,77.0833,75.0000,79.1667,92.8571,79.1667,75.0000,83.3333,85.7143,False,511.948,666853,2.656981,2.656981,2026-09-04T15:06:53.820821+00:00,2026-09-04T15:15:25.776107+00:00,2.1.260 (Claude Code),569668d68d78ce2fe77655c32e2c135ea088314c68f9d227f6e473eaa8b13168
fable,high,legacy-tallycore-binary-parity,legacy-tallycore-binary-parity-25e0929d,91.9259,90.3863,100.00,87.07,65.00,87.8788,83.3333,100.0000,87.5000,87.5000,87.5000,100.0000,79.1667,75.0000,83.3333,100.0000,False,634.397,1043286,3.529951,3.529951,2026-09-04T14:19:35.574875+00:00,2026-09-04T14:30:09.977588+00:00,2.1.260 (Claude Code),23c312d10283e8ca9bc161f3e40e99a302a088ab60b26bc22e266708552e44da
fable,high,legacy-vaultcore-binary-parity,legacy-vaultcore-binary-parity-741f57d1,91.8032,93.6456,100.00,85.92,100.00,78.7879,80.2083,75.0000,75.0000,75.0000,75.0000,78.5714,85.4167,87.5000,83.3333,71.4286,False,1033.758,1912923,5.626035,5.626035,2026-09-04T12:25:09.111612+00:00,2026-09-04T12:42:22.877222+00:00,2.1.260 (Claude Code),257c30addb056717ddeafd66e4da05b5d0746dfad1a1bd8d2071d6e018ede1e9
fable,extra-high,legacy-blendcore-binary-parity,legacy-blendcore-binary-parity-3d73f24f,91.6902,93.3013,100.00,83.12,100.00,79.1667,85.4167,62.5000,85.4167,83.3333,87.5000,56.2500,85.4167,83.3333,87.5000,68.7500,False,630.79,1466162,4.350774,4.350774,2026-09-06T01:39:05.449812+00:00,2026-09-06T01:49:36.243578+00:00,2.1.261 (Claude Code),d00e618f2a0655b343a1839c2093959a809217a352d1e8a6e88bd5711a0b2eb9
fable,extra-high,legacy-cellarcore-binary-parity,legacy-cellarcore-binary-parity-9cd5f12a,89.5817,88.7449,100.00,84.83,65.00,81.3520,82.2917,78.8462,85.4167,83.3333,87.5000,84.6154,79.1667,75.0000,83.3333,73.0769,False,1358.742,5602409,11.160752,11.160752,2026-09-06T07:43:41.716177+00:00,2026-09-06T08:06:20.465005+00:00,2.1.261 (Claude Code),ba697fea4d8e6bb6001d6c5c5ff89ccd7e067cb59c96087b4a108487aecd8da5
fable,extra-high,legacy-codeccore-binary-parity,legacy-codeccore-binary-parity-ba711fbb,95.3679,95.5913,100.00,83.74,100.00,90.1515,86.4583,100.0000,89.5833,83.3333,95.8333,100.0000,83.3333,83.3333,83.3333,100.0000,False,824.279,963939,5.118877,5.118877,2026-09-05T14:55:52.713337+00:00,2026-09-05T15:09:36.997348+00:00,2.1.260 (Claude Code),a7e8692870474c777933091fe0a496b5f3ef8fec1ae8786333a8ff42c8d88e39
fable,extra-high,legacy-depotcore-binary-parity,legacy-depotcore-binary-parity-a7f1bd6e,88.8265,91.5342,100.00,87.80,95.00,70.5711,73.9583,61.5385,72.9167,62.5000,83.3333,61.5385,75.0000,75.0000,75.0000,61.5385,True,10060.986,73076102,63.172166,63.172166,2026-09-06T04:29:31.501626+00:00,2026-09-06T07:17:12.510157+00:00,2.1.261 (Claude Code),fdd8064df20907502aaa00e861743777deffc05c6fcee748519fe000c7515b0c
fable,extra-high,legacy-freightcore-binary-parity,legacy-freightcore-binary-parity-35dd75af,96.1383,96.0818,100.00,83.98,100.00,92.4242,89.5833,100.0000,91.6667,91.6667,91.6667,100.0000,87.5000,83.3333,91.6667,100.0000,False,1084.245,1528729,6.820057,6.820057,2026-09-05T14:37:48.336788+00:00,2026-09-05T14:55:52.587140+00:00,2.1.260 (Claude Code),2beaf931e06403043c8a634e9cf2f12821a671461003f117ad82119fc875ca0a
fable,extra-high,legacy-granarycore-binary-parity,legacy-granarycore-binary-parity-0c6fd1c7,84.7848,87.7887,100.00,69.64,100.00,61.7133,62.5000,59.6154,60.4167,62.5000,58.3333,42.3077,64.5833,62.5000,66.6667,76.9231,True,8922.121,71424879,61.473053,61.473053,2026-09-06T02:00:49.213254+00:00,2026-09-06T04:29:31.360424+00:00,2.1.261 (Claude Code),843efa2f3f6f4818ab03198983f1f5ecfca0bf90f20cb602647bab7d49e2af41
fable,extra-high,legacy-hedgecore-binary-parity,legacy-hedgecore-binary-parity-bff7f767,85.8645,79.8345,100.00,82.23,0.00,87.5000,87.5000,87.5000,87.5000,87.5000,87.5000,87.5000,87.5000,87.5000,87.5000,87.5000,False,851.198,1309723,5.344083,5.344083,2026-09-05T16:43:38.785221+00:00,2026-09-05T16:57:49.995483+00:00,2.1.260 (Claude Code),d502529122854df1d2f4ec883ad102445bc3aa80cc386b6c15477afa12162d8b
fable,extra-high,legacy-lodgecore-binary-parity,legacy-lodgecore-binary-parity-a43515de,91.0050,92.1317,100.00,75.46,100.00,79.0634,72.9167,95.4545,70.8333,70.8333,70.8333,95.4545,75.0000,79.1667,70.8333,95.4545,False,1588.916,4094568,10.438722,10.438722,2026-09-06T07:17:12.650374+00:00,2026-09-06T07:43:41.576464+00:00,2.1.261 (Claude Code),cd617140efac801f965eb74314041e9dd799ddd7f5bdf82a7898e114491bf09f
fable,extra-high,legacy-matchcore-order-book-parity,legacy-matchcore-order-book-parity-43b4f49d,93.0489,92.0783,100.00,82.34,80.00,88.6364,90.6250,83.3333,93.7500,95.8333,91.6667,83.3333,87.5000,83.3333,91.6667,83.3333,False,1134.256,1707897,5.653039,5.653039,2026-09-05T13:30:00.823415+00:00,2026-09-05T13:48:55.084762+00:00,2.1.260 (Claude Code),08bd3c66bd38a31e89ced15a0845e76895bab0196eae06d386b16601882972d4
fable,extra-high,legacy-metercore-binary-parity,legacy-metercore-binary-parity-3e375cc4,93.9326,94.0359,100.00,86.78,90.00,87.5947,86.4583,90.6250,87.5000,83.3333,91.6667,93.7500,85.4167,83.3333,87.5000,87.5000,False,996.332,1258463,5.498513,5.498513,2026-09-05T14:21:11.859801+00:00,2026-09-05T14:37:48.197109+00:00,2.1.260 (Claude Code),67e39106dbcb282812ded81d1749738b9e1f4bc61e40025596e042e2d00ac183
fable,extra-high,legacy-pacecore-binary-parity,legacy-pacecore-binary-parity-c1feb9c9,91.4902,88.8310,100.00,83.96,55.00,89.9351,87.5000,96.4286,89.5833,87.5000,91.6667,100.0000,85.4167,83.3333,87.5000,92.8571,False,1007.976,1179138,4.939088,4.939088,2026-09-06T01:22:17.337299+00:00,2026-09-06T01:39:05.317030+00:00,2.1.261 (Claude Code),376f0eb7d02d6a4d9cd1e86db2fc46103f1ecc8ca67f99167c9538f28c577acb
fable,extra-high,legacy-paddockcore-binary-parity,legacy-paddockcore-binary-parity-3601a54a,78.2480,81.1374,80.00,87.33,95.00,68.9394,76.0417,50.0000,75.0000,75.0000,75.0000,50.0000,77.0833,75.0000,79.1667,50.0000,True,10576.801,72351055,71.273849,71.273849,2026-09-06T08:06:20.601798+00:00,2026-09-06T11:02:37.431038+00:00,2.1.261 (Claude Code),65a83abbf9549bafbd92aeb387ba9b13138a55bbe023763f1d0de7917db20a9e
fable,extra-high,legacy-payrollcore-binary-parity,legacy-payrollcore-binary-parity-b13c889a,88.6905,86.1829,100.00,84.30,45.00,83.9394,85.4167,80.0000,83.3333,83.3333,83.3333,75.0000,87.5000,83.3333,91.6667,85.0000,False,1022.321,2395258,6.719315,6.719315,2026-09-05T14:04:09.364670+00:00,2026-09-05T14:21:11.690877+00:00,2.1.260 (Claude Code),4d2e40779440eb730a11346b2f60b426a02db133b9352698c109b614cc5c6e32
fable,extra-high,legacy-qlite-store-parity,legacy-qlite-store-parity-230dd274,93.3653,94.3747,100.00,83.71,100.00,84.0909,85.4167,80.5556,81.2500,79.1667,83.3333,77.7778,89.5833,83.3333,95.8333,83.3333,False,913.984,1381041,5.381661,5.381661,2026-09-05T13:48:55.233414+00:00,2026-09-05T14:04:09.221748+00:00,2.1.260 (Claude Code),354f6fca492f44ae26ce0c1e8aaeed0f9e7b7aeb38cc9c6074c841ca53162673
fable,extra-high,legacy-queuecore-binary-parity,legacy-queuecore-binary-parity-8090c2fa,92.1647,93.5387,100.00,82.61,100.00,80.7359,80.2083,82.1429,79.1667,79.1667,79.1667,100.0000,81.2500,83.3333,79.1667,64.2857,False,1805.248,3651697,8.923454,8.923454,2026-09-05T16:13:33.402874+00:00,2026-09-05T16:43:38.648053+00:00,2.1.260 (Claude Code),262986e53e75ca0d782741c654541a7d3b003a05bb6642b640df904f4d0f4848
fable,extra-high,legacy-quotacore-binary-parity,legacy-quotacore-binary-parity-6b6e2387,88.9452,87.1537,100.00,82.59,55.00,82.5758,83.3333,80.5556,87.5000,79.1667,95.8333,83.3333,79.1667,75.0000,83.3333,77.7778,False,1471.191,2741682,7.527836,7.527836,2026-09-05T15:09:37.124814+00:00,2026-09-05T15:34:08.320563+00:00,2.1.260 (Claude Code),b3e4e78949207791cdb49ebb363d75788eb1921f12385f250d864e90fa60ddf2
fable,extra-high,legacy-reflowcore-binary-parity,legacy-reflowcore-binary-parity-e9403505,87.9458,87.0040,100.00,87.22,55.00,78.3550,82.2917,67.8571,83.3333,83.3333,83.3333,64.2857,81.2500,79.1667,83.3333,71.4286,False,1870.143,2455784,7.912371,7.912371,2026-09-06T00:31:08.405761+00:00,2026-09-06T01:02:18.556119+00:00,2.1.261 (Claude Code),4072d87e33dd1b65e0d4de0c16ef925e12ac76502b28cf001aa42c8ae79be9c3
fable,extra-high,legacy-schedcore-binary-parity,legacy-schedcore-binary-parity-1ff4932c,91.6430,91.9974,100.00,85.17,85.00,82.3593,86.4583,71.4286,85.4167,83.3333,87.5000,71.4286,87.5000,87.5000,87.5000,71.4286,False,2235.719,5799474,10.955018,10.955018,2026-09-05T23:53:52.548775+00:00,2026-09-06T00:31:08.276159+00:00,2.1.261 (Claude Code),83c6588200ac0ba87ab0a86f824ba099b2080108ba70963ebeb330e6e191d993
fable,extra-high,legacy-settlecore-binary-parity,legacy-settlecore-binary-parity-7e097647,94.3101,94.8832,100.00,83.06,100.00,87.1212,82.2917,100.0000,85.4167,83.3333,87.5000,100.0000,79.1667,83.3333,75.0000,100.0000,False,915.955,1287413,5.675000,5.675000,2026-09-05T13:14:44.733266+00:00,2026-09-05T13:30:00.694744+00:00,2.1.260 (Claude Code),db02331d449be24fbd733b62f9181381fae5ea344d8da2d2822454bd2f9d1676
fable,extra-high,legacy-snapcore-binary-parity,legacy-snapcore-binary-parity-4a17424c,93.1851,94.3462,100.00,84.53,100.00,83.3333,86.4583,75.0000,87.5000,87.5000,87.5000,68.7500,85.4167,87.5000,83.3333,81.2500,False,1282.928,2825743,6.818410,6.818410,2026-09-05T15:34:08.452978+00:00,2026-09-05T15:55:31.389198+00:00,2.1.260 (Claude Code),2eb52c146d8be5f7faa195068333ae4c82553a2631ecd0b5b536e17386081b70
fable,extra-high,legacy-stampcore-binary-parity,legacy-stampcore-binary-parity-c75ebeb7,91.4156,93.0856,100.00,82.62,100.00,78.4632,77.0833,82.1429,77.0833,75.0000,79.1667,78.5714,77.0833,79.1667,75.0000,85.7143,False,672.699,854083,3.941064,3.941064,2026-09-06T01:49:36.365501+00:00,2026-09-06T02:00:49.068710+00:00,2.1.261 (Claude Code),368bf02ab4a936b528f497faed00c34d497b0e74501c572f257753aabbd4cde6
fable,extra-high,legacy-tallycore-binary-parity,legacy-tallycore-binary-parity-a9347c70,92.6028,93.3187,100.00,82.68,95.00,83.3333,77.0833,100.0000,77.0833,75.0000,79.1667,100.0000,77.0833,75.0000,79.1667,100.0000,False,1198.51,2207121,7.979237,7.979237,2026-09-06T01:02:18.680732+00:00,2026-09-06T01:22:17.198673+00:00,2.1.261 (Claude Code),03f863206222ab37a7be82fcc57a85ed95cc6e8197b453fa7349abfcdf05714a
fable,extra-high,legacy-vaultcore-binary-parity,legacy-vaultcore-binary-parity-f7b01ecd,93.1026,94.2834,100.00,84.40,100.00,83.1169,87.5000,71.4286,87.5000,87.5000,87.5000,85.7143,87.5000,87.5000,87.5000,57.1429,False,1081.744,1451361,6.093266,6.093266,2026-09-05T15:55:31.524416+00:00,2026-09-05T16:13:33.274184+00:00,2.1.260 (Claude Code),b5abe9eac85eaa44f02208f5c6a870bd1e16a0dcc91000de9690939e813f74ea
fable,max,legacy-blendcore-binary-parity,legacy-blendcore-binary-parity-e13e3b5d,92.8734,94.1583,100.00,84.54,100.00,82.3864,87.5000,68.7500,87.5000,83.3333,91.6667,75.0000,87.5000,91.6667,83.3333,62.5000,False,1524.529,1231912,5.354320,5.354320,2026-09-05T07:07:59.025713+00:00,2026-09-05T07:33:23.559570+00:00,2.1.260 (Claude Code),2901763cca2ffff7fc44dc41b92a049ecd240df89e1f52c59643795e4daee42f
fable,max,legacy-cellarcore-binary-parity,legacy-cellarcore-binary-parity-bbc55448,91.1926,92.5457,100.00,78.51,100.00,78.8462,78.1250,80.7692,79.1667,75.0000,83.3333,73.0769,77.0833,75.0000,79.1667,88.4615,True,2443.849,5089106,8.957162,8.957162,2026-09-05T09:13:31.376129+00:00,2026-09-05T09:54:15.233453+00:00,2.1.260 (Claude Code),2ac8acfdd7113b1d6745fb47718b2b97ee50cf70492847945dd2100743e9f46f
fable,max,legacy-codeccore-binary-parity,legacy-codeccore-binary-parity-764ce0a6,93.9168,94.5513,100.00,82.11,100.00,86.1742,83.3333,93.7500,85.4167,79.1667,91.6667,93.7500,81.2500,83.3333,79.1667,93.7500,False,1293.644,1648469,8.514237,8.514237,2026-09-05T02:04:54.804646+00:00,2026-09-05T02:26:28.458063+00:00,2.1.260 (Claude Code),8827cb0223a9b2723810d54eadd432b7e796bedf595a78110d42004eabce66c9
fable,max,legacy-depotcore-binary-parity,legacy-depotcore-binary-parity-52304d66,86.7422,89.5718,100.00,75.70,100.00,66.0839,75.0000,42.3077,79.1667,83.3333,75.0000,38.4615,70.8333,75.0000,66.6667,46.1538,False,1244.906,2582072,10.004679,10.004679,2026-09-05T08:17:49.828599+00:00,2026-09-05T08:38:34.744035+00:00,2.1.260 (Claude Code),70fb2b2327ccc37c295b25403131c97b5dd07ec878bb319d7fb8fed6379d4e33
fable,max,legacy-freightcore-binary-parity,legacy-freightcore-binary-parity-d99c7082,95.3075,95.4848,100.00,83.03,100.00,90.1515,87.5000,97.2222,85.4167,87.5000,83.3333,100.0000,89.5833,87.5000,91.6667,94.4444,False,1795.645,4667445,11.245778,11.245778,2026-09-05T01:34:59.030766+00:00,2026-09-05T02:04:54.682573+00:00,2.1.260 (Claude Code),983f48ace7fd5876489952361000c76781622b9b79ca1230d0165939c9674ab1
fable,max,legacy-granarycore-binary-parity,legacy-granarycore-binary-parity-238fe6df,89.5262,89.8724,100.00,76.62,85.00,78.1469,75.0000,86.5385,77.0833,75.0000,79.1667,88.4615,72.9167,66.6667,79.1667,84.6154,False,1779.287,3608095,12.027024,12.027024,2026-09-05T07:48:10.382494+00:00,2026-09-05T08:17:49.677918+00:00,2.1.260 (Claude Code),d953453e9b29995054fee04803358be54ba5fef21c79816bd9d6612bca4fcba9
fable,max,legacy-hedgecore-binary-parity,legacy-hedgecore-binary-parity-58ec6461,93.9974,94.6573,100.00,82.69,100.00,86.2689,82.2917,96.8750,79.1667,75.0000,83.3333,93.7500,85.4167,83.3333,87.5000,100.0000,False,921.125,1322740,6.108992,6.108992,2026-09-05T05:25:41.418006+00:00,2026-09-05T05:41:02.548776+00:00,2.1.260 (Claude Code),f215ea4aba83f0f48be2247546c37353291d9cad1113b78faaab0957519341b5
fable,max,legacy-lodgecore-binary-parity,legacy-lodgecore-binary-parity-7e9137aa,92.9570,93.3117,100.00,75.43,100.00,84.9862,80.2083,97.7273,85.4167,83.3333,87.5000,100.0000,75.0000,79.1667,70.8333,95.4545,False,2096.338,9405900,14.324800,14.324800,2026-09-05T08:38:34.882927+00:00,2026-09-05T09:13:31.232853+00:00,2.1.260 (Claude Code),e3cc14509436d885f83f3c86439b17793ccc69a494448b6a610bb7a9e94d2e56
fable,max,legacy-matchcore-order-book-parity,legacy-matchcore-order-book-parity-3b8fefe8,89.5023,86.9782,100.00,82.38,50.00,85.6061,88.5417,77.7778,89.5833,87.5000,91.6667,83.3333,87.5000,87.5000,87.5000,72.2222,False,966.381,1302142,5.749356,5.749356,2026-09-05T00:29:59.049815+00:00,2026-09-05T00:46:05.437397+00:00,2.1.260 (Claude Code),3bd85154c44434367401bd60c411b7adbfc18f5352ef8ea9b1eeb34e49ade034
fable,max,legacy-metercore-binary-parity,legacy-metercore-binary-parity-bb57c5d2,93.7055,94.5405,100.00,83.30,100.00,85.2273,84.3750,87.5000,85.4167,83.3333,87.5000,87.5000,83.3333,83.3333,83.3333,87.5000,False,1034.674,1743236,5.273947,5.273947,2026-09-05T01:17:44.223952+00:00,2026-09-05T01:34:58.904458+00:00,2.1.260 (Claude Code),bfc212d7ab6f087eedc7d319619af8c7963b7eacb51daa10e5039d9c394ecfd2
fable,max,legacy-pacecore-binary-parity,legacy-pacecore-binary-parity-cb2d7a82,93.9325,94.6721,100.00,83.24,100.00,85.9307,83.3333,92.8571,83.3333,79.1667,87.5000,100.0000,83.3333,83.3333,83.3333,85.7143,False,1083.17,2129276,5.888143,5.888143,2026-09-05T06:49:55.713552+00:00,2026-09-05T07:07:58.890161+00:00,2.1.260 (Claude Code),60d2a80222ce5f196e1256c0addb6e4ab795da1293a4ee35753bd48b6bd129d1
fable,max,legacy-paddockcore-binary-parity,legacy-paddockcore-binary-parity-7888207a,87.8777,87.2975,100.00,80.62,65.00,77.2727,78.1250,75.0000,79.1667,75.0000,83.3333,67.8571,77.0833,75.0000,79.1667,82.1429,False,1846.457,8330815,13.646165,13.646165,2026-09-05T09:54:15.392279+00:00,2026-09-05T10:25:01.862777+00:00,2.1.260 (Claude Code),bee2d4e442e2a2cd8ed47b1baf39e8c205f309c0059e344085e96524bcba0480
fable,max,legacy-payrollcore-binary-parity,legacy-payrollcore-binary-parity-c1cc1a21,91.3462,90.8405,100.00,85.25,75.00,84.0152,86.4583,77.5000,87.5000,83.3333,91.6667,85.0000,85.4167,83.3333,87.5000,70.0000,False,990.858,1505022,5.344412,5.344412,2026-09-05T01:01:13.235740+00:00,2026-09-05T01:17:44.099975+00:00,2.1.260 (Claude Code),7fee323c2129a1278ecf750113520f85484b4aeb26f2c02f6a90b2168b9f0187
fable,max,legacy-qlite-store-parity,legacy-qlite-store-parity-7f145cd8,92.4538,93.6351,100.00,81.81,100.00,81.8182,80.2083,86.1111,79.1667,75.0000,83.3333,83.3333,81.2500,79.1667,83.3333,88.8889,False,907.511,1664830,6.436557,6.436557,2026-09-05T00:46:05.570959+00:00,2026-09-05T01:01:13.089440+00:00,2.1.260 (Claude Code),dc5dc6a1653c276b49055497e8809db50d0e590385bb162ded5d6a670a75415f
fable,max,legacy-queuecore-binary-parity,legacy-queuecore-binary-parity-4dcb5489,90.8194,92.8199,100.00,83.59,100.00,76.4069,82.2917,60.7143,83.3333,83.3333,83.3333,50.0000,81.2500,79.1667,83.3333,71.4286,True,6085.819,18050369,22.688645,22.688645,2026-09-05T03:44:15.439146+00:00,2026-09-05T05:25:41.271420+00:00,2.1.260 (Claude Code),1e0fd0d5f62d5e9ee640f8a7f04230c6fa7086d356aafcfc87ee9a9199491df0
fable,max,legacy-quotacore-binary-parity,legacy-quotacore-binary-parity-27bba039,92.4937,93.9951,100.00,85.22,100.00,81.0606,79.1667,86.1111,81.2500,79.1667,83.3333,88.8889,77.0833,75.0000,79.1667,83.3333,False,1868.771,2713586,10.112513,10.112513,2026-09-05T02:26:28.602735+00:00,2026-09-05T02:57:37.381376+00:00,2.1.260 (Claude Code),f3ad4b602bc22f595146e325fcab133784c247f719a3926e3504299730eb6671
fable,max,legacy-reflowcore-binary-parity,legacy-reflowcore-binary-parity-7721fb02,91.0260,93.1017,100.00,85.18,100.00,76.6234,81.2500,64.2857,81.2500,79.1667,83.3333,64.2857,81.2500,79.1667,83.3333,64.2857,False,1177.96,1642102,5.887029,5.887029,2026-09-05T06:17:49.157231+00:00,2026-09-05T06:37:27.123218+00:00,2.1.260 (Claude Code),0ae0b7c16091be707268a77abd25a7b192ee9b2a536d78f3ab46de7b93152d8e
fable,max,legacy-schedcore-binary-parity,legacy-schedcore-binary-parity-fbe043e5,90.6315,90.2537,100.00,83.69,75.00,82.2511,82.2917,82.1429,77.0833,70.8333,83.3333,100.0000,87.5000,83.3333,91.6667,64.2857,False,2206.328,5224752,12.719210,12.719210,2026-09-05T05:41:02.680632+00:00,2026-09-05T06:17:49.018796+00:00,2.1.260 (Claude Code),64ecfe6299051cc3596b9960c660af45e9e173aa569535099a35fbdd960d64a0
fable,max,legacy-settlecore-binary-parity,legacy-settlecore-binary-parity-2ee0f83c,94.7727,95.1203,100.00,82.62,100.00,88.6364,89.5833,86.1111,91.6667,91.6667,91.6667,94.4444,87.5000,83.3333,91.6667,77.7778,False,1693.265,5266495,10.561928,10.561928,2026-09-05T00:01:45.636763+00:00,2026-09-05T00:29:58.913911+00:00,2.1.260 (Claude Code),54749a17506e3e1b486a1f590639c4ada4a9a17c18ddd7c75651633e759f701e
fable,max,legacy-snapcore-binary-parity,legacy-snapcore-binary-parity-c8b4ac1b,90.1005,87.9977,100.00,79.05,60.00,85.7008,88.5417,78.1250,91.6667,91.6667,91.6667,87.5000,85.4167,83.3333,87.5000,68.7500,False,1129.013,2384603,7.723022,7.723022,2026-09-05T02:57:37.511269+00:00,2026-09-05T03:16:26.532262+00:00,2.1.260 (Claude Code),b2c453d6c0cc87702e8d55abd3033566f68f38baa685552586237957f4c3725c
fable,max,legacy-stampcore-binary-parity,legacy-stampcore-binary-parity-602d297e,94.6451,95.1434,100.00,83.64,100.00,87.9870,87.5000,89.2857,91.6667,87.5000,95.8333,92.8571,83.3333,83.3333,83.3333,85.7143,False,886.506,1148067,5.584100,5.584100,2026-09-05T07:33:23.704838+00:00,2026-09-05T07:48:10.218224+00:00,2.1.260 (Claude Code),10483590bedbee20a78960b157a8b6bbe21153ba935a21dc4432e87ded429f63
fable,max,legacy-tallycore-binary-parity,legacy-tallycore-binary-parity-90d771ae,91.8600,91.8009,100.00,86.84,80.00,83.8745,79.1667,96.4286,81.2500,75.0000,87.5000,100.0000,77.0833,75.0000,79.1667,92.8571,False,748.304,1393058,5.248675,5.248675,2026-09-05T06:37:27.255557+00:00,2026-09-05T06:49:55.566008+00:00,2.1.260 (Claude Code),765a3c33b4e0dc86f76569ab74b41b415d6e4bfaf1a77605aadc608e89c5ff0a
fable,max,legacy-vaultcore-binary-parity,legacy-vaultcore-binary-parity-55013b56,90.5590,90.7879,100.00,84.56,80.00,80.5195,81.2500,78.5714,77.0833,75.0000,79.1667,78.5714,85.4167,83.3333,87.5000,78.5714,False,1668.631,3882115,8.950860,8.950860,2026-09-05T03:16:26.662640+00:00,2026-09-05T03:44:15.302776+00:00,2.1.260 (Claude Code),c7cdded2b721217c9ef19e4a77be887a80c6bd25ae595130b52f73900d8a16a2
