model,effort,task,run_id,judged_under,judged,scored_panels,combined_33,combined_20_profile,functional_pct,automated_quality_pct,security_pct,hidden_behaviours_fixed,hidden_behaviours,code_quality,reviewed_score,intent_recovery,intent_recovery_redistributed,muse_reviewed,muse_readability,muse_maintainability,muse_intent_recovery,grok_reviewed,grok_readability,grok_maintainability,grok_intent_recovery,passed_quirk_families,evidence_rebuilt_from_index_diff,duration_s,raw_tokens,estimated_usd,started_at,finished_at,solver_cli_version,evidence_sha256
gpt61sol,low,legacy-blendcore-binary-parity,legacy-blendcore-binary-parity-562d4a4a,code-quality-maintenance-v3.18,published,muse+grok,85.6375,87.2546,100.00,83.97,75.00,9,9,67.0455,68.7500,62.5000,False,68.7500,62.5000,75.0000,68.7500,68.7500,62.5000,75.0000,56.2500,9,False,238.981,396031,0.152004,2026-09-30T03:32:34.551167+00:00,2026-09-30T03:36:33.537793+00:00,codex-cli 0.159.0,fc5bb112bfb20a38880b96b4c9b57637fdd406b2a9f3eda286a9a8b137383c01
gpt61sol,low,legacy-cellarcore-binary-parity,legacy-cellarcore-binary-parity-bdca534c,code-quality-maintenance-v3.18,published,muse+grok,84.6498,88.8650,100.00,81.40,100.00,14,14,58.2751,54.1667,69.2308,False,52.0833,45.8333,58.3333,61.5385,56.2500,54.1667,58.3333,76.9231,14,True,328.137,976639,0.279364,2026-09-30T04:07:09.951238+00:00,2026-09-30T04:12:38.098309+00:00,codex-cli 0.159.0,ae6e1c1525ed0f1ef08ce2221779a559c25db62b4df87e7fea93fcd1a2ab0747
gpt61sol,low,legacy-codeccore-binary-parity,legacy-codeccore-binary-parity-e6d6dd63,code-quality-maintenance-v3.18,published,muse+grok,90.6077,90.7032,100.00,83.40,80.00,10,10,80.9659,75.0000,96.8750,False,77.0833,70.8333,83.3333,93.7500,72.9167,66.6667,79.1667,100.0000,10,False,302.157,555326,0.185926,2026-09-30T02:42:49.344594+00:00,2026-09-30T02:47:51.507251+00:00,codex-cli 0.159.0,c8ea03195d6be5acec0901efd51a83074f33b95f5b13836aa9651792c4fea6a1
gpt61sol,low,legacy-depotcore-binary-parity,legacy-depotcore-binary-parity-30094e5e,code-quality-maintenance-v3.18,published,muse+grok,85.6473,87.2162,100.00,78.52,80.00,14,14,67.1911,63.5417,76.9231,False,62.5000,62.5000,62.5000,80.7692,64.5833,62.5000,66.6667,73.0769,14,False,448.364,1619754,0.432015,2026-09-30T03:52:25.176860+00:00,2026-09-30T03:59:53.547218+00:00,codex-cli 0.159.0,6a261046550b9ada2a7c17eeabe835d668641f5be2d127656e486293b7c4f25b
gpt61sol,low,legacy-freightcore-binary-parity,legacy-freightcore-binary-parity-5b02eca7,code-quality-maintenance-v3.18,published,muse+grok,91.4495,93.3111,100.00,84.70,100.00,9,9,78.0303,70.8333,97.2222,False,70.8333,66.6667,75.0000,100.0000,70.8333,66.6667,75.0000,94.4444,9,False,189.075,299801,0.115162,2026-09-30T02:39:40.115070+00:00,2026-09-30T02:42:49.195326+00:00,codex-cli 0.159.0,8dde764812cd47e52eac8338f1b9fa821a3bf3861f13c6a13a12a83c6bac419c
gpt61sol,low,legacy-granarycore-binary-parity,legacy-granarycore-binary-parity-e2174567,code-quality-maintenance-v3.18,published,muse+grok,85.6439,86.3189,100.00,69.43,80.00,14,14,69.5221,64.5833,82.6923,False,64.5833,58.3333,70.8333,84.6154,64.5833,58.3333,70.8333,80.7692,14,False,710.392,3591681,0.725853,2026-09-30T03:40:34.604354+00:00,2026-09-30T03:52:25.004592+00:00,codex-cli 0.159.0,3a1e57954b72de267d4d759e8f9bf6eb3545a6cb07e0f55447e10081a3845a3b
gpt61sol,low,legacy-hedgecore-binary-parity,legacy-hedgecore-binary-parity-2cd89912,code-quality-maintenance-v3.18,published,muse+grok,87.6345,87.7736,100.00,81.95,70.00,8,8,74.9053,66.6667,96.8750,False,66.6667,66.6667,66.6667,100.0000,66.6667,62.5000,70.8333,93.7500,8,False,259.343,379377,0.146231,2026-09-30T03:08:29.874032+00:00,2026-09-30T03:12:49.222492+00:00,codex-cli 0.159.0,91e027b6f122ec5cab7e6bbe6a77a587fff9792f5f001c49245f0708ee8523e1
gpt61sol,low,legacy-lodgecore-binary-parity,legacy-lodgecore-binary-parity-2d3bdf3e,code-quality-maintenance-v3.18,published,muse+grok,86.5656,88.9319,100.00,80.29,90.00,12,12,66.9421,56.2500,95.4545,False,54.1667,50.0000,58.3333,95.4545,58.3333,58.3333,58.3333,95.4545,12,False,436.06,1877869,0.460914,2026-09-30T03:59:53.716495+00:00,2026-09-30T04:07:09.784464+00:00,codex-cli 0.159.0,d554b3980d9190dc5ef7117499d9bbdc557f965d33e1111fe3de884118b99768
gpt61sol,low,legacy-matchcore-order-book-parity,legacy-matchcore-order-book-parity-4dc5c2a2,code-quality-maintenance-v3.18,published,muse+grok,90.9648,93.0350,100.00,84.88,100.00,9,9,76.5152,76.0417,77.7778,False,77.0833,70.8333,83.3333,77.7778,75.0000,70.8333,79.1667,77.7778,9,False,227.012,684047,0.216692,2026-09-30T02:25:16.444716+00:00,2026-09-30T02:29:03.462328+00:00,codex-cli 0.159.0,2e53acc9be4d98c08d48ca9e0148ba37fe3cc0515d1b1989275f70c8a35f66db
gpt61sol,low,legacy-metercore-binary-parity,legacy-metercore-binary-parity-e18401c2,code-quality-maintenance-v3.18,published,muse+grok,87.3244,88.6384,100.00,82.64,80.00,9,9,71.2121,69.7917,75.0000,False,68.7500,66.6667,70.8333,75.0000,70.8333,62.5000,79.1667,75.0000,9,False,188.435,288857,0.120530,2026-09-30T02:36:31.517328+00:00,2026-09-30T02:39:39.958363+00:00,codex-cli 0.159.0,20737d5c7b7e6e51f2c3ba48c44b5baacc1ef8a3ed2f2e86a7407f62ddbb1300
gpt61sol,low,legacy-pacecore-binary-parity,legacy-pacecore-binary-parity-188be6f4,code-quality-maintenance-v3.18,published,muse+grok,89.2989,89.7642,100.00,81.92,80.00,9,9,77.3810,72.9167,89.2857,False,72.9167,66.6667,79.1667,100.0000,72.9167,70.8333,75.0000,78.5714,9,False,219.238,365645,0.135685,2026-09-30T03:28:55.140375+00:00,2026-09-30T03:32:34.384502+00:00,codex-cli 0.159.0,953b8e77466b40fcaf2b7dec72e527666d32078be6a1f1d8da80d72828144f3f
gpt61sol,low,legacy-paddockcore-binary-parity,legacy-paddockcore-binary-parity-2650cde5,code-quality-maintenance-v3.18,published,muse+grok,83.4200,85.1829,100.00,76.58,75.00,15,15,62.2294,61.4583,64.2857,False,56.2500,45.8333,66.6667,64.2857,66.6667,58.3333,75.0000,64.2857,15,False,2664.541,11846864,1.996568,2026-09-30T04:12:38.264536+00:00,2026-09-30T04:57:02.817772+00:00,codex-cli 0.159.0,3c253c66d0c1c602916953287f291f0ab67fb4ea23810aaab8b216f0e65854e2
gpt61sol,low,legacy-payrollcore-binary-parity,legacy-payrollcore-binary-parity-51181245,code-quality-maintenance-v3.18,published,muse+grok,86.2652,88.5362,100.00,83.12,85.00,10,10,66.5909,62.5000,77.5000,False,58.3333,54.1667,62.5000,75.0000,66.6667,62.5000,70.8333,80.0000,10,True,198.437,420432,0.155109,2026-09-30T02:33:12.927490+00:00,2026-09-30T02:36:31.370800+00:00,codex-cli 0.159.0,f293f8d29001f312cb3cc08b209bc71a780044c1197876f406328ef708d5abeb
gpt61sol,low,legacy-qlite-store-parity,legacy-qlite-store-parity-b4c919fd,code-quality-maintenance-v3.18,published,muse+grok,88.8658,90.4895,100.00,81.95,90.00,9,9,73.4848,67.7083,88.8889,False,66.6667,54.1667,79.1667,88.8889,68.7500,58.3333,79.1667,88.8889,9,False,249.166,416948,0.209621,2026-09-30T02:29:03.615345+00:00,2026-09-30T02:33:12.787305+00:00,codex-cli 0.159.0,7ba8ad19b79de6f92a9821ba2d75c9f816752e4c6ec51402c943f9e85f4c9ff0
gpt61sol,low,legacy-queuecore-binary-parity,legacy-queuecore-binary-parity-b9f5828b,code-quality-maintenance-v3.18,published,muse+grok,87.0354,90.6112,100.00,84.45,100.00,8,8,64.7186,63.5417,67.8571,False,58.3333,45.8333,70.8333,64.2857,68.7500,66.6667,70.8333,71.4286,8,False,269.073,394431,0.138729,2026-09-30T03:04:00.631763+00:00,2026-09-30T03:08:29.710140+00:00,codex-cli 0.159.0,e8cbf806425f14884a07f369d217e52b58c68f85ef9835ce0f6069d0428ff933
gpt61sol,low,legacy-quotacore-binary-parity,legacy-quotacore-binary-parity-310891f6,code-quality-maintenance-v3.18,published,muse+grok,89.5596,91.1345,100.00,84.23,90.00,10,10,75.0000,68.7500,91.6667,False,68.7500,58.3333,79.1667,88.8889,68.7500,62.5000,75.0000,94.4444,10,False,244.546,324610,0.166164,2026-09-30T02:47:51.668894+00:00,2026-09-30T02:51:56.219662+00:00,codex-cli 0.159.0,801517780a2ce5356ce3e55bb6f5a3235cb0cf21cc11dce3a777ca4e80f13506
gpt61sol,low,legacy-reflowcore-binary-parity,legacy-reflowcore-binary-parity-6eff5a15,code-quality-maintenance-v3.18,published,muse+grok,77.8720,80.3580,75.00,86.73,100.00,6,8,74.2424,77.0833,66.6667,False,79.1667,79.1667,79.1667,58.3333,75.0000,70.8333,79.1667,75.0000,6,False,387.127,487968,0.200317,2026-09-30T03:18:10.968067+00:00,2026-09-30T03:24:38.100899+00:00,codex-cli 0.159.0,5b5f963361368fda3671e05493c65d8567eb181cddee537953ca8a664faef7bc
gpt61sol,low,legacy-schedcore-binary-parity,legacy-schedcore-binary-parity-bcf6aa8f,code-quality-maintenance-v3.18,published,muse+grok,89.2043,90.4661,100.00,79.63,90.00,8,8,75.1082,69.7917,89.2857,False,66.6667,54.1667,79.1667,78.5714,72.9167,66.6667,79.1667,100.0000,8,False,321.393,439510,0.214607,2026-09-30T03:12:49.377268+00:00,2026-09-30T03:18:10.777915+00:00,codex-cli 0.159.0,36f9b4f00660b9d5153e18d667f76ba5d8949025a30299e0df63cea8b7a68e03
gpt61sol,low,legacy-settlecore-binary-parity,legacy-settlecore-binary-parity-0cd1888a,code-quality-maintenance-v3.18,published,muse+grok,77.8128,78.6675,80.00,79.93,80.00,8,10,73.3902,73.9583,71.8750,False,75.0000,66.6667,83.3333,75.0000,72.9167,66.6667,79.1667,68.7500,8,False,405.47,969906,0.257249,2026-09-30T02:18:30.813611+00:00,2026-09-30T02:25:16.291131+00:00,codex-cli 0.159.0,7fca6d88971284c34bd5ca2e89e1896aa6fb1e653cda0e9e9ef54d799e5f9e84
gpt61sol,low,legacy-snapcore-binary-parity,legacy-snapcore-binary-parity-fc955a03,code-quality-maintenance-v3.18,published,muse+grok,77.9343,79.4976,80.00,82.61,85.00,8,10,71.7803,72.9167,68.7500,False,66.6667,58.3333,75.0000,68.7500,79.1667,75.0000,83.3333,68.7500,8,False,298.129,384232,0.145749,2026-09-30T02:51:56.365785+00:00,2026-09-30T02:56:54.500111+00:00,codex-cli 0.159.0,b245a3905e4275f630e8e61c86fcaf5ef1505c684dd627f53f9715669b39e96e
gpt61sol,low,legacy-stampcore-binary-parity,legacy-stampcore-binary-parity-edfa43f1,code-quality-maintenance-v3.18,published,muse+grok,86.0478,88.4960,100.00,84.05,85.00,9,9,65.6926,63.5417,71.4286,False,60.4167,50.0000,70.8333,78.5714,66.6667,62.5000,70.8333,64.2857,9,False,240.657,487991,0.174758,2026-09-30T03:36:33.703738+00:00,2026-09-30T03:40:34.368379+00:00,codex-cli 0.159.0,9f1c73854372d77c25b94be6687de971cba9e9d3adc1bab1a4d376f2de7cf771
gpt61sol,low,legacy-tallycore-binary-parity,legacy-tallycore-binary-parity-443f4ed0,code-quality-maintenance-v3.18,published,muse+grok,84.4775,86.9248,100.00,82.76,80.00,8,8,62.5541,55.2083,82.1429,False,47.9167,45.8333,50.0000,85.7143,62.5000,58.3333,66.6667,78.5714,8,False,256.699,562395,0.176505,2026-09-30T03:24:38.265480+00:00,2026-09-30T03:28:54.970959+00:00,codex-cli 0.159.0,5af0761392d3a45de553d7eb00637cb291fc9906e4bbdf24e99d1885ec6bb6d9
gpt61sol,low,legacy-vaultcore-binary-parity,legacy-vaultcore-binary-parity-acacaf18,code-quality-maintenance-v3.18,published,muse+grok,89.1720,90.3264,100.00,83.41,85.00,9,9,75.3247,68.7500,92.8571,False,68.7500,62.5000,75.0000,100.0000,68.7500,62.5000,75.0000,85.7143,9,False,425.827,748051,0.231700,2026-09-30T02:56:54.661731+00:00,2026-09-30T03:04:00.494643+00:00,codex-cli 0.159.0,bbe3a4e63a0d2c670586891302b6d5b1e0ef61113226695ab64373cd4f0034df
gpt61sol,medium,legacy-blendcore-binary-parity,legacy-blendcore-binary-parity-d697b132,code-quality-maintenance-v3.18,published,muse+grok,88.1151,91.1563,100.00,83.34,100.00,9,9,68.2765,73.9583,53.1250,False,75.0000,70.8333,79.1667,56.2500,72.9167,66.6667,79.1667,50.0000,9,False,358.631,475034,0.204705,2026-09-30T06:44:10.771892+00:00,2026-09-30T06:50:09.406453+00:00,codex-cli 0.159.0,76e4059cd53179fca79dff0cb961e3f6546d415cfc7f9112efdf0c585f48f2cf
gpt61sol,medium,legacy-cellarcore-binary-parity,legacy-cellarcore-binary-parity-f7394964,code-quality-maintenance-v3.18,published,muse+grok,84.9374,86.2532,100.00,78.11,75.00,14,14,66.4336,62.5000,76.9231,False,60.4167,50.0000,70.8333,76.9231,64.5833,62.5000,66.6667,76.9231,14,False,482.891,1521100,0.427954,2026-09-30T07:32:11.267020+00:00,2026-09-30T07:40:14.166426+00:00,codex-cli 0.159.0,2c60981e931a4de3c5e42b32e938fdb39adfc8ae51a0020a01214875e24d11a9
gpt61sol,medium,legacy-codeccore-binary-parity,legacy-codeccore-binary-parity-3f36b69a,code-quality-maintenance-v3.18,published,muse+grok,88.6590,89.3281,100.00,81.43,80.00,10,10,75.5682,68.7500,93.7500,False,64.5833,58.3333,70.8333,93.7500,72.9167,62.5000,83.3333,93.7500,10,False,404.897,468401,0.213757,2026-09-30T05:33:09.155439+00:00,2026-09-30T05:39:54.058310+00:00,codex-cli 0.159.0,11a7d366aa756037e721bf1f9e70718f87f4684102da0b7847334697835eb632
gpt61sol,medium,legacy-depotcore-binary-parity,legacy-depotcore-binary-parity-82af53c0,code-quality-maintenance-v3.18,published,muse+grok,84.1062,88.1732,100.00,87.72,90.00,14,14,57.5758,60.4167,50.0000,False,56.2500,50.0000,62.5000,46.1538,64.5833,62.5000,66.6667,53.8462,14,False,635.606,2028206,0.457575,2026-09-30T07:13:54.075826+00:00,2026-09-30T07:24:29.690310+00:00,codex-cli 0.159.0,082d55edddf70c82d2c009633aaa17137cd3f6dca4c0c98dbead5090847c3675
gpt61sol,medium,legacy-freightcore-binary-parity,legacy-freightcore-binary-parity-97a1e305,code-quality-maintenance-v3.18,published,muse+grok,88.0566,88.7720,100.00,84.49,75.00,9,9,74.2424,66.6667,94.4444,False,62.5000,58.3333,66.6667,100.0000,70.8333,62.5000,79.1667,88.8889,9,False,327.903,306167,0.133129,2026-09-30T05:27:41.050966+00:00,2026-09-30T05:33:08.960346+00:00,codex-cli 0.159.0,9ffc9f1160e520fb7a0604c2774276280bf2f29b91a5e00c27efcd4f6d7ed67d
gpt61sol,medium,legacy-granarycore-binary-parity,legacy-granarycore-binary-parity-4ea20f56,code-quality-maintenance-v3.18,published,muse+grok,82.4583,84.3962,100.00,74.51,75.00,14,14,59.8485,54.1667,75.0000,False,52.0833,45.8333,58.3333,76.9231,56.2500,50.0000,62.5000,73.0769,14,False,1109.892,3046175,0.663228,2026-09-30T06:55:24.011572+00:00,2026-09-30T07:13:53.910281+00:00,codex-cli 0.159.0,c72d68c417472357838735e4c24595fddc11450d0e48223b4946456760f39fb1
gpt61sol,medium,legacy-hedgecore-binary-parity,legacy-hedgecore-binary-parity-e6934659,code-quality-maintenance-v3.18,published,muse+grok,88.8944,89.4176,100.00,80.89,80.00,8,8,76.4205,68.7500,96.8750,False,66.6667,58.3333,75.0000,100.0000,70.8333,66.6667,75.0000,93.7500,8,False,400.556,452392,0.202074,2026-09-30T06:05:17.729414+00:00,2026-09-30T06:11:58.291044+00:00,codex-cli 0.159.0,02f98230dfd8e5bd3a0cf8bf27527ed613b9516b097ba654abeb017f0497ef66
gpt61sol,medium,legacy-lodgecore-binary-parity,legacy-lodgecore-binary-parity-08b754d0,code-quality-maintenance-v3.18,published,muse+grok,86.0747,86.9070,100.00,77.75,75.00,12,12,69.9725,60.4167,95.4545,False,64.5833,54.1667,75.0000,95.4545,56.2500,54.1667,58.3333,95.4545,12,True,461.227,1913768,0.518309,2026-09-30T07:24:29.877791+00:00,2026-09-30T07:32:11.112283+00:00,codex-cli 0.159.0,5f486c473666130644896ccae769d9b3260a401349c27cdee1c323b388ee2736
gpt61sol,medium,legacy-matchcore-order-book-parity,legacy-matchcore-order-book-parity-a1c691b2,code-quality-maintenance-v3.18,published,muse+grok,88.0906,88.8320,100.00,79.89,80.00,9,9,74.2424,72.9167,77.7778,False,70.8333,62.5000,79.1667,77.7778,75.0000,70.8333,79.1667,77.7778,9,False,383.354,447805,0.196821,2026-09-30T05:03:03.704737+00:00,2026-09-30T05:09:27.064727+00:00,codex-cli 0.159.0,abbed114920c0b4a1691c48447bc649d841d50f617f9735bc840ecf59c22073f
gpt61sol,medium,legacy-metercore-binary-parity,legacy-metercore-binary-parity-8dc742b8,code-quality-maintenance-v3.18,published,muse+grok,87.0355,87.8389,100.00,81.30,75.00,9,9,71.9697,70.8333,75.0000,False,70.8333,66.6667,75.0000,75.0000,70.8333,62.5000,79.1667,75.0000,9,False,385.769,408452,0.167418,2026-09-30T05:21:15.102424+00:00,2026-09-30T05:27:40.876746+00:00,codex-cli 0.159.0,a9ccd1b008e92dc82a2a6254c224687af909dc0cc2f5825cb016aac466d9de31
gpt61sol,medium,legacy-pacecore-binary-parity,legacy-pacecore-binary-parity-0d03365c,code-quality-maintenance-v3.18,published,muse+grok,88.3416,88.6542,100.00,81.54,75.00,9,9,75.8658,70.8333,89.2857,False,70.8333,66.6667,75.0000,100.0000,70.8333,62.5000,79.1667,78.5714,9,False,355.489,380933,0.182738,2026-09-30T06:38:15.101919+00:00,2026-09-30T06:44:10.596266+00:00,codex-cli 0.159.0,c1dce9b1ca8d6b5d1eab3fec5b6a358d3f55a67fcab76f2210a6a4cca567d67e
gpt61sol,medium,legacy-paddockcore-binary-parity,legacy-paddockcore-binary-parity-6a65bacc,code-quality-maintenance-v3.18,"published, one panel",muse,80.7576,83.6294,100.00,72.19,80.00,15,15,54.0043,54.1667,53.5714,False,54.1667,41.6667,66.6667,53.5714,,,,,15,False,4794.961,19697784,3.537213,2026-09-30T07:40:14.357133+00:00,2026-09-30T09:00:09.331068+00:00,codex-cli 0.159.0,17087aa1e2177237d560e0ce0b51d6ace3d201be40a19910c967d61f8f4c8de0
gpt61sol,medium,legacy-payrollcore-binary-parity,legacy-payrollcore-binary-parity-d3b50307,code-quality-maintenance-v3.18,published,muse+grok,87.4885,88.7832,100.00,83.10,80.00,10,10,71.5909,65.6250,87.5000,False,62.5000,58.3333,66.6667,90.0000,68.7500,62.5000,75.0000,85.0000,10,False,323.185,375445,0.154269,2026-09-30T05:15:51.749184+00:00,2026-09-30T05:21:14.939846+00:00,codex-cli 0.159.0,b01936bb429dde117dae0a889fc8672c2af4d38e48270237c617e5b5ee94f98a
gpt61sol,medium,legacy-qlite-store-parity,legacy-qlite-store-parity-14918b6d,code-quality-maintenance-v3.18,published,muse+grok,90.3471,91.3656,100.00,81.73,90.00,9,9,78.0303,73.9583,88.8889,False,75.0000,66.6667,83.3333,88.8889,72.9167,70.8333,75.0000,88.8889,9,False,384.318,444454,0.189650,2026-09-30T05:09:27.230235+00:00,2026-09-30T05:15:51.553658+00:00,codex-cli 0.159.0,239a89d7ea91ea3d983d580deb4cda3acd20c572f61ad4ef1c9a0bf88c01f5ba
gpt61sol,medium,legacy-queuecore-binary-parity,legacy-queuecore-binary-parity-116fc4d4,code-quality-maintenance-v3.18,published,muse+grok,88.9516,90.6823,100.00,83.38,90.00,8,8,73.3766,68.7500,85.7143,False,66.6667,54.1667,79.1667,85.7143,70.8333,66.6667,75.0000,85.7143,8,False,373.887,425644,0.175782,2026-09-30T05:59:03.680508+00:00,2026-09-30T06:05:17.574608+00:00,codex-cli 0.159.0,cb4dd58fd34631c6bc96496a73b26869da07de96df567cd0267d1eb110a7535e
gpt61sol,medium,legacy-quotacore-binary-parity,legacy-quotacore-binary-parity-ed178caf,code-quality-maintenance-v3.18,published,muse+grok,88.6003,90.6004,100.00,84.71,90.00,10,10,71.9697,66.6667,86.1111,False,62.5000,54.1667,70.8333,88.8889,70.8333,62.5000,79.1667,83.3333,10,False,344.472,271861,0.143709,2026-09-30T05:39:54.214021+00:00,2026-09-30T05:45:38.691554+00:00,codex-cli 0.159.0,ff26b546df0a6a795592a2c4f64490d56b63ece86e4fe51855c0884e104d121c
gpt61sol,medium,legacy-reflowcore-binary-parity,legacy-reflowcore-binary-parity-4d33fa54,code-quality-maintenance-v3.18,published,muse+grok,87.5115,88.7616,100.00,82.74,80.00,8,8,71.7532,71.8750,71.4286,False,68.7500,70.8333,66.6667,64.2857,75.0000,75.0000,75.0000,78.5714,8,False,782.401,1099220,0.382947,2026-09-30T06:19:14.949629+00:00,2026-09-30T06:32:17.357013+00:00,codex-cli 0.159.0,9937ca58823f856db8b529bb332efabb7b088567bece8dfae1064357717699a0
gpt61sol,medium,legacy-schedcore-binary-parity,legacy-schedcore-binary-parity-0116034a,code-quality-maintenance-v3.18,published,muse+grok,88.3185,88.9859,100.00,80.05,80.00,8,8,74.8918,70.8333,85.7143,False,66.6667,54.1667,79.1667,85.7143,75.0000,66.6667,83.3333,85.7143,8,False,436.323,524940,0.207846,2026-09-30T06:11:58.464642+00:00,2026-09-30T06:19:14.792764+00:00,codex-cli 0.159.0,c9d289b7e3d185a594d5dae07c374819db553b1e4a3cb6c1ce8830fa8483ec08
gpt61sol,medium,legacy-settlecore-binary-parity,legacy-settlecore-binary-parity-76456d38,code-quality-maintenance-v3.18,published,muse+grok,86.8666,89.2788,100.00,81.96,90.00,10,10,67.4242,68.7500,63.8889,False,64.5833,62.5000,66.6667,50.0000,72.9167,66.6667,79.1667,77.7778,10,False,357.486,534527,0.202425,2026-09-30T04:57:06.053537+00:00,2026-09-30T05:03:03.546424+00:00,codex-cli 0.159.0,8304b64d8aa3c8b3b2f92db21332e02629b5985ab4a424fa1052e4d0ef57d718
gpt61sol,medium,legacy-snapcore-binary-parity,legacy-snapcore-binary-parity-c26092bb,code-quality-maintenance-v3.18,published,muse+grok,72.4953,73.7331,70.00,82.55,80.00,7,10,71.7532,71.8750,71.4286,False,68.7500,66.6667,70.8333,71.4286,75.0000,70.8333,79.1667,71.4286,7,False,484.308,536864,0.200862,2026-09-30T05:45:38.846050+00:00,2026-09-30T05:53:43.160777+00:00,codex-cli 0.159.0,23e6af8892aea8b9dd89fdb5cde81bacb28796844b2696090a05feef80156f8f
gpt61sol,medium,legacy-stampcore-binary-parity,legacy-stampcore-binary-parity-7fa070fb,code-quality-maintenance-v3.18,published,muse+grok,88.0246,90.3707,100.00,85.92,90.00,9,9,69.9134,66.6667,78.5714,False,60.4167,50.0000,70.8333,78.5714,72.9167,66.6667,79.1667,78.5714,9,False,314.139,396059,0.156491,2026-09-30T06:50:09.604746+00:00,2026-09-30T06:55:23.747344+00:00,codex-cli 0.159.0,ebc1c7359ec50d60b742bfe9eb74205afa6378aa8044da9b773b0c936bbb393a
gpt61sol,medium,legacy-tallycore-binary-parity,legacy-tallycore-binary-parity-95762760,code-quality-maintenance-v3.18,published,muse+grok,87.6474,89.2498,100.00,81.86,85.00,8,8,71.1039,65.6250,85.7143,False,58.3333,54.1667,62.5000,78.5714,72.9167,66.6667,79.1667,92.8571,8,False,357.428,917942,0.273959,2026-09-30T06:32:17.513617+00:00,2026-09-30T06:38:14.948687+00:00,codex-cli 0.159.0,378006087074b1ea57e75ea1cca40ce9173ad89c46c547d4cfc3f3a430190f30
gpt61sol,medium,legacy-vaultcore-binary-parity,legacy-vaultcore-binary-parity-04eabf05,code-quality-maintenance-v3.18,published,muse+grok,86.3637,87.6051,100.00,83.06,75.00,9,9,69.4805,68.7500,71.4286,False,64.5833,58.3333,70.8333,71.4286,72.9167,66.6667,79.1667,71.4286,9,False,320.192,500224,0.174939,2026-09-30T05:53:43.314124+00:00,2026-09-30T05:59:03.511711+00:00,codex-cli 0.159.0,b3a5ee5110b5202cebf09affc4e4180b365a29a764311a882f41ce70464c1725
gpt61sol,high,legacy-blendcore-binary-parity,legacy-blendcore-binary-parity-e5e52a5a,code-quality-maintenance-v3.18,published,muse+grok,89.3666,90.9387,100.00,83.43,90.00,9,9,74.6212,79.1667,62.5000,False,79.1667,70.8333,87.5000,62.5000,79.1667,75.0000,83.3333,62.5000,9,False,490.163,568147,0.252476,2026-09-30T11:32:25.225551+00:00,2026-09-30T11:40:35.395024+00:00,codex-cli 0.159.0,f53509a17cfe76ccfc70b26a0092f022a97594617e9194c983f2c5959e84712d
gpt61sol,high,legacy-cellarcore-binary-parity,legacy-cellarcore-binary-parity-1ed71b26,code-quality-maintenance-v3.18,published,muse+grok,85.8652,87.0883,100.00,75.88,80.00,14,14,68.5315,62.5000,84.6154,False,58.3333,50.0000,66.6667,84.6154,66.6667,62.5000,70.8333,84.6154,14,False,651.019,1348630,0.429006,2026-09-30T12:30:33.112425+00:00,2026-09-30T12:41:24.137370+00:00,codex-cli 0.159.0,f3a3724be01308f4137ef1dededed4e9e514733fbfe244fb180bf0616c7f2965
gpt61sol,high,legacy-codeccore-binary-parity,legacy-codeccore-binary-parity-f8d8ec9c,code-quality-maintenance-v3.18,published,muse+grok,90.6004,90.4368,100.00,80.74,80.00,10,10,81.6288,77.0833,93.7500,False,79.1667,70.8333,87.5000,93.7500,75.0000,66.6667,83.3333,93.7500,10,False,533.856,783415,0.284342,2026-09-30T09:55:31.130981+00:00,2026-09-30T10:04:24.992717+00:00,codex-cli 0.159.0,6625e565db278818d0f232ea93fac284546738eb57addf8d463d6d2fc29dff4c
gpt61sol,high,legacy-depotcore-binary-parity,legacy-depotcore-binary-parity-6c0f5cb1,code-quality-maintenance-v3.18,published,muse+grok,85.6838,87.1025,100.00,77.14,80.00,14,14,67.6573,65.6250,73.0769,False,62.5000,62.5000,62.5000,76.9231,68.7500,66.6667,70.8333,69.2308,14,False,732.798,1476921,0.496701,2026-09-30T12:05:10.334371+00:00,2026-09-30T12:17:23.140556+00:00,codex-cli 0.159.0,dcd94f4e5401a39cdc35dba1449259cdce28fe5029dd15a034574eceee0b3e71
gpt61sol,high,legacy-freightcore-binary-parity,legacy-freightcore-binary-parity-5dc76b47,code-quality-maintenance-v3.18,published,muse+grok,90.2130,90.2601,100.00,81.33,80.00,9,9,80.3030,73.9583,97.2222,False,77.0833,70.8333,83.3333,100.0000,70.8333,58.3333,83.3333,94.4444,9,False,452.623,382984,0.210714,2026-09-30T09:47:58.353939+00:00,2026-09-30T09:55:30.982644+00:00,codex-cli 0.159.0,582dfcaeb6d7894e195bdd4910c40182b6d0dc77967cfd878cc582ff9cb80a7a
gpt61sol,high,legacy-granarycore-binary-parity,legacy-granarycore-binary-parity-68aa500d,code-quality-maintenance-v3.18,published,muse+grok,85.4581,87.4394,100.00,81.95,80.00,14,14,65.7343,59.3750,82.6923,False,47.9167,41.6667,54.1667,84.6154,70.8333,62.5000,79.1667,80.7692,14,False,979.214,3167435,0.798102,2026-09-30T11:48:50.938993+00:00,2026-09-30T12:05:10.162828+00:00,codex-cli 0.159.0,368ed8290809937976bc9c0d3eef680674fcfbfb7071d03f53823385be8960e1
gpt61sol,high,legacy-hedgecore-binary-parity,legacy-hedgecore-binary-parity-c4fd259a,code-quality-maintenance-v3.18,published,muse+grok,89.3646,89.6681,100.00,80.54,80.00,8,8,77.9356,70.8333,96.8750,False,68.7500,66.6667,70.8333,100.0000,72.9167,70.8333,75.0000,93.7500,8,False,619.089,596639,0.271035,2026-09-30T10:44:01.925209+00:00,2026-09-30T10:54:21.020311+00:00,codex-cli 0.159.0,59126ee60c405a6ddae78ef86cbc2ae7085b86d2697b8c7043806f75f83be876
gpt61sol,high,legacy-lodgecore-binary-parity,legacy-lodgecore-binary-parity-c5151183,code-quality-maintenance-v3.18,published,muse+grok,88.4498,90.5190,100.00,84.81,90.00,12,12,71.4876,62.5000,95.4545,False,66.6667,62.5000,70.8333,100.0000,58.3333,58.3333,58.3333,90.9091,12,False,789.616,2027360,0.607938,2026-09-30T12:17:23.315897+00:00,2026-09-30T12:30:32.940509+00:00,codex-cli 0.159.0,759cee622d4571414e9ede037307a5ea43b0e819ade0f692cc92cc06cf60d8d0
gpt61sol,high,legacy-matchcore-order-book-parity,legacy-matchcore-order-book-parity-6664ff07,code-quality-maintenance-v3.18,published,muse+grok,88.8119,88.6566,100.00,78.67,75.00,9,9,78.0303,78.1250,77.7778,False,75.0000,66.6667,83.3333,77.7778,81.2500,75.0000,87.5000,77.7778,9,False,500.663,554651,0.232171,2026-09-30T09:09:57.975199+00:00,2026-09-30T09:18:18.643698+00:00,codex-cli 0.159.0,a35fe7086ab7a50bba15a0050ac41e0db767f5ed92fd37c2847032162bb7fe65
gpt61sol,high,legacy-metercore-binary-parity,legacy-metercore-binary-parity-a1828ea4,code-quality-maintenance-v3.18,published,muse+grok,87.9377,88.5620,100.00,83.09,75.00,9,9,74.2424,73.9583,75.0000,False,77.0833,70.8333,83.3333,75.0000,70.8333,62.5000,79.1667,75.0000,9,False,498.101,472903,0.200105,2026-09-30T09:39:40.046963+00:00,2026-09-30T09:47:58.154051+00:00,codex-cli 0.159.0,47dfcae6488f669762600cd8f77f1c17712ba48f71578edf32a960262c86c698
gpt61sol,high,legacy-pacecore-binary-parity,legacy-pacecore-binary-parity-b753dbb9,code-quality-maintenance-v3.18,published,muse+grok,89.5047,89.8377,100.00,81.40,80.00,9,9,78.1385,73.9583,89.2857,False,75.0000,66.6667,83.3333,100.0000,72.9167,66.6667,79.1667,78.5714,9,False,537.887,471317,0.221111,2026-09-30T11:23:27.140774+00:00,2026-09-30T11:32:25.034432+00:00,codex-cli 0.159.0,91bb13abd54241a2a10f5dc7f0207ef484d1a06c1fb493479143b0c8deb472e4
gpt61sol,high,legacy-paddockcore-binary-parity,legacy-paddockcore-binary-parity-cbf9d51e,code-quality-maintenance-v3.18,published,muse+grok,82.6213,85.3045,100.00,82.73,75.00,15,15,58.2251,57.2917,60.7143,False,56.2500,54.1667,58.3333,50.0000,58.3333,54.1667,62.5000,71.4286,15,False,838.434,2150919,0.599070,2026-09-30T12:41:24.332372+00:00,2026-09-30T12:55:22.774664+00:00,codex-cli 0.159.0,585059c297ea5d9a3f82ba098354f70cf61d9beaf25648b5bab1acf0d9c1e72f
gpt61sol,high,legacy-payrollcore-binary-parity,legacy-payrollcore-binary-parity-740bfc7d,code-quality-maintenance-v3.18,published,muse+grok,88.1078,90.2527,100.00,84.21,90.00,10,10,70.6061,70.8333,70.0000,False,70.8333,62.5000,79.1667,70.0000,70.8333,62.5000,79.1667,70.0000,10,False,700.046,579331,0.319904,2026-09-30T09:27:59.814930+00:00,2026-09-30T09:39:39.867905+00:00,codex-cli 0.159.0,85bd792bcf5180c9d4229b8f02a8b9e8824ad929954b70f557ec1fdd0fd32f80
gpt61sol,high,legacy-qlite-store-parity,legacy-qlite-store-parity-453f2706,code-quality-maintenance-v3.18,published,muse+grok,89.8885,89.3976,100.00,79.57,75.00,9,9,81.0606,78.1250,88.8889,False,75.0000,70.8333,79.1667,88.8889,81.2500,75.0000,87.5000,88.8889,9,False,580.821,436520,0.231782,2026-09-30T09:18:18.826305+00:00,2026-09-30T09:27:59.653470+00:00,codex-cli 0.159.0,da97a40be8c4bb9629eb11a75c4151ca97d75a8449a15180a161d8af22042879
gpt61sol,high,legacy-queuecore-binary-parity,legacy-queuecore-binary-parity-a64940c1,code-quality-maintenance-v3.18,published,muse+grok,87.7910,89.4619,100.00,78.13,90.00,8,8,71.2121,69.7917,75.0000,False,68.7500,54.1667,83.3333,71.4286,70.8333,62.5000,79.1667,78.5714,8,False,694.558,745745,0.304221,2026-09-30T10:32:27.169095+00:00,2026-09-30T10:44:01.733666+00:00,codex-cli 0.159.0,d40d3e2d0827dab8807df884013da82ecae5d723dd0e4296d93e51d6249a00a6
gpt61sol,high,legacy-quotacore-binary-parity,legacy-quotacore-binary-parity-3067007f,code-quality-maintenance-v3.18,published,muse+grok,88.9805,90.6920,100.00,83.30,90.00,10,10,73.4848,68.7500,86.1111,False,66.6667,62.5000,70.8333,88.8889,70.8333,62.5000,79.1667,83.3333,10,False,563.036,462379,0.222790,2026-09-30T10:04:25.167781+00:00,2026-09-30T10:13:48.209772+00:00,codex-cli 0.159.0,5c488f8acc7fa5f2eaae6c59502b9c9941630365465ed5ae728ad396df49f82a
gpt61sol,high,legacy-reflowcore-binary-parity,legacy-reflowcore-binary-parity-c60ac764,code-quality-maintenance-v3.18,published,muse+grok,85.7240,87.8005,100.00,83.98,80.00,8,8,66.0173,66.6667,64.2857,False,68.7500,66.6667,70.8333,57.1429,64.5833,58.3333,70.8333,71.4286,8,False,592.678,658316,0.276438,2026-09-30T11:05:50.794570+00:00,2026-09-30T11:15:43.477980+00:00,codex-cli 0.159.0,564dbd96ff6535d327b649855284040a180c870601f5a9aad39ed6d64043fbb4
gpt61sol,high,legacy-schedcore-binary-parity,legacy-schedcore-binary-parity-b35055ba,code-quality-maintenance-v3.18,published,muse+grok,89.3617,90.2474,100.00,81.44,85.00,8,8,76.4069,72.9167,85.7143,False,70.8333,62.5000,79.1667,92.8571,75.0000,66.6667,83.3333,78.5714,8,False,689.434,702211,0.294808,2026-09-30T10:54:21.196000+00:00,2026-09-30T11:05:50.633053+00:00,codex-cli 0.159.0,28cfe8f9297d580531cef9b391f2554ed03d8528bcd764fd47b2ddab46a2f136
gpt61sol,high,legacy-settlecore-binary-parity,legacy-settlecore-binary-parity-e8f1b85c,code-quality-maintenance-v3.18,published,muse+grok,89.6595,89.8626,100.00,80.70,80.00,10,10,78.7879,73.9583,91.6667,False,72.9167,66.6667,79.1667,88.8889,75.0000,66.6667,83.3333,94.4444,10,False,585.19,652060,0.276755,2026-09-30T09:00:12.617069+00:00,2026-09-30T09:09:57.814407+00:00,codex-cli 0.159.0,8178f9c3dfdd63cdff9c13ce3439cdbc226571282ae41a892c7d78904ac09040
gpt61sol,high,legacy-snapcore-binary-parity,legacy-snapcore-binary-parity-4af242db,code-quality-maintenance-v3.18,published,muse+grok,89.0218,90.5476,100.00,81.58,90.00,10,10,74.0530,76.0417,68.7500,False,77.0833,70.8333,83.3333,75.0000,75.0000,70.8333,79.1667,62.5000,10,False,596.859,648787,0.271625,2026-09-30T10:13:48.379173+00:00,2026-09-30T10:23:45.244481+00:00,codex-cli 0.159.0,3c07816ecda298ea7783faf8ea0894bcd228a9a8d5c80c0da5e4053aac29cdfe
gpt61sol,high,legacy-stampcore-binary-parity,legacy-stampcore-binary-parity-546f955e,code-quality-maintenance-v3.18,published,muse+grok,88.5243,89.1834,100.00,80.79,80.00,9,9,75.3247,68.7500,92.8571,False,66.6667,66.6667,66.6667,100.0000,70.8333,62.5000,79.1667,85.7143,9,False,495.205,559210,0.249377,2026-09-30T11:40:35.571959+00:00,2026-09-30T11:48:50.782055+00:00,codex-cli 0.159.0,c16827bf6f84533d957aebc9a666ec2b07a49d4e45b3592581c35384ac6befb8
gpt61sol,high,legacy-tallycore-binary-parity,legacy-tallycore-binary-parity-c8e90492,code-quality-maintenance-v3.18,published,muse+grok,89.1501,89.7498,100.00,82.69,80.00,8,8,76.7316,76.0417,78.5714,False,79.1667,75.0000,83.3333,78.5714,72.9167,66.6667,79.1667,78.5714,8,False,463.313,758691,0.277401,2026-09-30T11:15:43.656091+00:00,2026-09-30T11:23:26.975964+00:00,codex-cli 0.159.0,fdf04a86da96f71f393b40297091147f8a0341dbfe558b4de7a8c22abb4c34b7
gpt61sol,high,legacy-vaultcore-binary-parity,legacy-vaultcore-binary-parity-018afa73,code-quality-maintenance-v3.18,published,muse+grok,89.3002,91.0078,100.00,84.54,90.00,9,9,74.1342,69.7917,85.7143,False,68.7500,66.6667,70.8333,92.8571,70.8333,66.6667,75.0000,78.5714,9,False,521.59,680782,0.263735,2026-09-30T10:23:45.413989+00:00,2026-09-30T10:32:27.010860+00:00,codex-cli 0.159.0,58dfb084d0e4bfb5471c7c316b5e2512b7473635b46dce6675a90d1719c14400
gpt61sol,extra-high,legacy-blendcore-binary-parity,legacy-blendcore-binary-parity-943b7c1e,code-quality-maintenance-v3.18,published,muse+grok,88.2605,90.1817,100.00,82.55,90.00,9,9,71.4962,76.0417,59.3750,False,77.0833,70.8333,83.3333,62.5000,75.0000,66.6667,83.3333,56.2500,9,False,934.414,1040342,0.418540,2026-09-30T16:33:02.300230+00:00,2026-09-30T16:48:36.721590+00:00,codex-cli 0.159.0,ce4dd404c7b03b9fd12fffee8a65d66341eea30b0218aab3d1fdfcea5e66f825
gpt61sol,extra-high,legacy-cellarcore-binary-parity,legacy-cellarcore-binary-parity-39d7467c,code-quality-maintenance-v3.18,published,muse+grok,89.2321,90.2447,100.00,77.21,90.00,14,14,75.8159,73.9583,80.7692,False,81.2500,79.1667,83.3333,76.9231,66.6667,62.5000,70.8333,84.6154,14,False,1272.208,2633495,0.753956,2026-09-30T18:05:17.708315+00:00,2026-09-30T18:26:29.923196+00:00,codex-cli 0.159.0,0b66b7b6ef0ddfded10d4973159e18fcfafbdb5710a6134cab0b251e7e0d897e
gpt61sol,extra-high,legacy-codeccore-binary-parity,legacy-codeccore-binary-parity-8d49712d,code-quality-maintenance-v3.18,published,muse+grok,91.0635,91.8332,100.00,82.07,90.00,10,10,80.1136,75.0000,93.7500,False,70.8333,66.6667,75.0000,93.7500,79.1667,75.0000,83.3333,93.7500,10,False,958.416,659250,0.372271,2026-09-30T14:13:59.412873+00:00,2026-09-30T14:29:57.835897+00:00,codex-cli 0.159.0,177fa44a700196b9146972b792ce4f51a7b9a9a907e8178706745023a2502362
gpt61sol,extra-high,legacy-depotcore-binary-parity,legacy-depotcore-binary-parity-f19bb90c,code-quality-maintenance-v3.18,published,muse+grok,84.3790,85.9808,100.00,78.78,75.00,14,14,64.5688,63.5417,67.3077,False,62.5000,54.1667,70.8333,76.9231,64.5833,62.5000,66.6667,57.6923,14,False,1390.221,2056287,0.676748,2026-09-30T17:19:52.739769+00:00,2026-09-30T17:43:02.967389+00:00,codex-cli 0.159.0,66789ee481be903a25ecc72d4eddc58bce0d162aeb7fbe3687bec85a0f66f1c8
gpt61sol,extra-high,legacy-freightcore-binary-parity,legacy-freightcore-binary-parity-b3bce7c0,code-quality-maintenance-v3.18,published,muse+grok,91.1829,91.9716,100.00,82.74,90.00,9,9,80.3030,76.0417,91.6667,False,72.9167,66.6667,79.1667,88.8889,79.1667,75.0000,83.3333,94.4444,9,False,719.744,421926,0.249154,2026-09-30T14:01:59.430969+00:00,2026-09-30T14:13:59.181128+00:00,codex-cli 0.159.0,581b65d9f0f35d543c1d7a4c29d3a6af2adc0d729f33e55e59d33ff64774f95a
gpt61sol,extra-high,legacy-granarycore-binary-parity,legacy-granarycore-binary-parity-905c8b8f,code-quality-maintenance-v3.18,published,muse+grok,87.6737,87.6506,100.00,70.46,80.00,14,14,75.4079,69.7917,90.3846,False,68.7500,58.3333,79.1667,92.3077,70.8333,62.5000,79.1667,88.4615,14,False,1136.826,2482158,0.722183,2026-09-30T17:00:55.742362+00:00,2026-09-30T17:19:52.573956+00:00,codex-cli 0.159.0,4cb318ac7bafeba29ec1eef6b00c75e46470694779d2ecece897eadd6edd99db
gpt61sol,extra-high,legacy-hedgecore-binary-parity,legacy-hedgecore-binary-parity-3cadff7b,code-quality-maintenance-v3.18,published,muse+grok,90.3782,90.2982,100.00,80.70,80.00,8,8,80.9659,75.0000,96.8750,False,72.9167,66.6667,79.1667,100.0000,77.0833,70.8333,83.3333,93.7500,8,False,888.427,780494,0.380090,2026-09-30T15:20:30.091827+00:00,2026-09-30T15:35:18.528212+00:00,codex-cli 0.159.0,207f721b17414321e1e783c9135229e96cadb0610dd92a139408f6240545ba06
gpt61sol,extra-high,legacy-lodgecore-binary-parity,legacy-lodgecore-binary-parity-c7397f90,code-quality-maintenance-v3.18,published,muse+grok,89.6553,89.4602,100.00,76.64,80.00,12,12,79.8209,73.9583,95.4545,False,77.0833,70.8333,83.3333,95.4545,70.8333,70.8333,70.8333,95.4545,12,False,1334.418,3163913,0.931903,2026-09-30T17:43:03.125467+00:00,2026-09-30T18:05:17.550503+00:00,codex-cli 0.159.0,edb5f3cb32c8e13dd2dea1bffd56a68ce1a617d0b4f0b9f2b8ea680837d6303b
gpt61sol,extra-high,legacy-matchcore-order-book-parity,legacy-matchcore-order-book-parity-ce11b477,code-quality-maintenance-v3.18,published,muse+grok,89.6030,90.9215,100.00,81.80,90.00,9,9,75.7576,76.0417,75.0000,False,72.9167,66.6667,79.1667,72.2222,79.1667,75.0000,83.3333,77.7778,9,False,723.628,669186,0.337818,2026-09-30T13:06:36.248519+00:00,2026-09-30T13:18:39.881600+00:00,codex-cli 0.159.0,485ef3c3da11ec6bf1b2341650f187615f86181e78ba09f9367067b823627c22
gpt61sol,extra-high,legacy-metercore-binary-parity,legacy-metercore-binary-parity-7b7ea550,code-quality-maintenance-v3.18,published,muse+grok,88.3975,88.1424,100.00,81.00,70.00,9,9,77.4621,76.0417,81.2500,False,81.2500,75.0000,87.5000,87.5000,70.8333,62.5000,79.1667,75.0000,9,False,790.612,508120,0.289555,2026-09-30T13:48:48.670227+00:00,2026-09-30T14:01:59.287170+00:00,codex-cli 0.159.0,faf515a95de0737027922971680cedcc52627c0defa258392b598434f8e46974
gpt61sol,extra-high,legacy-pacecore-binary-parity,legacy-pacecore-binary-parity-664b996a,code-quality-maintenance-v3.18,published,muse+grok,90.7574,90.0622,100.00,80.97,75.00,9,9,83.3333,77.0833,100.0000,False,79.1667,75.0000,83.3333,100.0000,75.0000,70.8333,79.1667,100.0000,9,False,762.751,1038173,0.410732,2026-09-30T16:20:19.376446+00:00,2026-09-30T16:33:02.132552+00:00,codex-cli 0.159.0,3c031b5954c6935e17c18216a97f9f12e27e900a87964705b6f671f84d56a5dc
gpt61sol,extra-high,legacy-paddockcore-binary-parity,legacy-paddockcore-binary-parity-18e24111,code-quality-maintenance-v3.18,published,muse+grok,82.8132,86.3052,100.00,76.71,90.00,15,15,56.4935,56.2500,57.1429,False,54.1667,45.8333,62.5000,60.7143,58.3333,54.1667,62.5000,53.5714,15,False,1352.862,3372025,0.838914,2026-09-30T18:26:30.077910+00:00,2026-09-30T18:49:02.945425+00:00,codex-cli 0.159.0,584bff35e3f0e33732dcd91544ce4953e782ff76ea2e0e8ea51d449f651b97c8
gpt61sol,extra-high,legacy-payrollcore-binary-parity,legacy-payrollcore-binary-parity-0f8ef932,code-quality-maintenance-v3.18,published,muse+grok,88.7030,90.5208,100.00,83.27,90.00,10,10,72.6515,70.8333,77.5000,False,70.8333,66.6667,75.0000,75.0000,70.8333,62.5000,79.1667,80.0000,10,False,961.001,947914,0.406431,2026-09-30T13:32:47.510150+00:00,2026-09-30T13:48:48.515462+00:00,codex-cli 0.159.0,a1b3b05cca64460f2a5fba660e1b74b4dad9ab63af6db78dc1f6baa596c83fb7
gpt61sol,extra-high,legacy-qlite-store-parity,legacy-qlite-store-parity-79adae80,code-quality-maintenance-v3.18,published,muse+grok,89.7750,90.3561,100.00,80.00,85.00,9,9,78.0303,73.9583,88.8889,False,70.8333,66.6667,75.0000,88.8889,77.0833,70.8333,83.3333,88.8889,9,False,847.286,589452,0.324194,2026-09-30T13:18:40.037529+00:00,2026-09-30T13:32:47.330045+00:00,codex-cli 0.159.0,aa7314fc1864abb9c6e01b00d18c692e964dd65d22cebe7d03af969fbf1f8d69
gpt61sol,extra-high,legacy-queuecore-binary-parity,legacy-queuecore-binary-parity-156ac104,code-quality-maintenance-v3.18,published,muse+grok,87.7926,89.8785,100.00,82.35,90.00,8,8,70.1299,65.6250,82.1429,False,64.5833,54.1667,75.0000,100.0000,66.6667,58.3333,75.0000,64.2857,8,False,891.822,459779,0.312294,2026-09-30T15:05:38.044338+00:00,2026-09-30T15:20:29.875157+00:00,codex-cli 0.159.0,d05cfba49261ab27b777216dcac6ba2294adaeee7fbab0aba8a2574bf0eb4489
gpt61sol,extra-high,legacy-quotacore-binary-parity,legacy-quotacore-binary-parity-2ed5f2bf,code-quality-maintenance-v3.18,published,muse+grok,88.5880,89.4200,100.00,82.80,80.00,10,10,75.0000,69.7917,88.8889,False,68.7500,62.5000,75.0000,88.8889,70.8333,62.5000,79.1667,88.8889,10,False,654.882,357844,0.230450,2026-09-30T14:29:58.013146+00:00,2026-09-30T14:40:52.899788+00:00,codex-cli 0.159.0,c481bceea31f77836eae416945b7dc92251b74ab0c4cd696f13f374d3dc42077
gpt61sol,extra-high,legacy-reflowcore-binary-parity,legacy-reflowcore-binary-parity-edea2485,code-quality-maintenance-v3.18,published,muse+grok,89.2815,90.9335,100.00,83.90,90.00,8,8,74.2424,73.9583,75.0000,False,70.8333,66.6667,75.0000,71.4286,77.0833,75.0000,79.1667,78.5714,8,False,865.894,648368,0.318211,2026-09-30T15:54:17.477422+00:00,2026-09-30T16:08:43.375543+00:00,codex-cli 0.159.0,52df310f7f75f1ca4f84da1f6f04ac40f7d4cd9a8bcf1dad47c1240c1f83273a
gpt61sol,extra-high,legacy-schedcore-binary-parity,legacy-schedcore-binary-parity-9aa8e14d,code-quality-maintenance-v3.18,published,muse+grok,88.1670,89.4632,100.00,80.83,85.00,8,8,72.9437,70.8333,78.5714,False,64.5833,58.3333,70.8333,78.5714,77.0833,70.8333,83.3333,78.5714,8,False,1138.609,769406,0.415962,2026-09-30T15:35:18.707245+00:00,2026-09-30T15:54:17.321241+00:00,codex-cli 0.159.0,4b5c0729cbcc5901b26cb0bca1ab9b4e83d5f6587cc49d023e808b79eb32c8ca
gpt61sol,extra-high,legacy-settlecore-binary-parity,legacy-settlecore-binary-parity-a00b06ad,code-quality-maintenance-v3.18,published,muse+grok,88.5550,88.7825,100.00,81.53,75.00,10,10,76.5152,72.9167,86.1111,False,72.9167,66.6667,79.1667,88.8889,72.9167,66.6667,79.1667,83.3333,10,False,669.798,532660,0.263098,2026-09-30T12:55:26.286466+00:00,2026-09-30T13:06:36.089434+00:00,codex-cli 0.159.0,ef15eefdf40d200490d0adedd10ee72eeae149b46e362bd275d34404ce62b919
gpt61sol,extra-high,legacy-snapcore-binary-parity,legacy-snapcore-binary-parity-2ca0d17c,code-quality-maintenance-v3.18,published,muse+grok,88.6884,90.5386,100.00,83.54,90.00,10,10,72.5379,73.9583,68.7500,False,70.8333,70.8333,70.8333,68.7500,77.0833,75.0000,79.1667,68.7500,10,False,832.441,835770,0.462412,2026-09-30T14:40:53.065182+00:00,2026-09-30T14:54:45.513477+00:00,codex-cli 0.159.0,7f8333b11b214e416ff201602c1f37b9543b3bf2a72d63c4a55d600e04611c4b
gpt61sol,extra-high,legacy-stampcore-binary-parity,legacy-stampcore-binary-parity-fb844bea,code-quality-maintenance-v3.18,published,muse+grok,89.2390,90.8998,100.00,83.82,90.00,9,9,74.1342,69.7917,85.7143,False,68.7500,62.5000,75.0000,78.5714,70.8333,66.6667,75.0000,92.8571,9,False,738.714,537236,0.317298,2026-09-30T16:48:36.869072+00:00,2026-09-30T17:00:55.589094+00:00,codex-cli 0.159.0,226a5570054167a788b4396bc5f962539d6b7c0df8ab1f757d33fb72f629b53d
gpt61sol,extra-high,legacy-tallycore-binary-parity,legacy-tallycore-binary-parity-3a4e77dd,code-quality-maintenance-v3.18,published,muse+grok,89.0313,89.0022,100.00,80.83,75.00,8,8,78.1385,73.9583,89.2857,False,68.7500,62.5000,75.0000,100.0000,79.1667,75.0000,83.3333,78.5714,8,False,695.713,695844,0.301205,2026-09-30T16:08:43.510869+00:00,2026-09-30T16:20:19.229335+00:00,codex-cli 0.159.0,ea0061c95afa27fc6f005140045dc9fe30488cebd4b5104bed89c1be721dd9d3
gpt61sol,extra-high,legacy-vaultcore-binary-parity,legacy-vaultcore-binary-parity-63ccb817,code-quality-maintenance-v3.18,published,muse+grok,90.7339,91.7172,100.00,82.92,90.00,9,9,78.8961,75.0000,89.2857,False,75.0000,66.6667,83.3333,78.5714,75.0000,70.8333,79.1667,100.0000,9,False,652.143,503737,0.262167,2026-09-30T14:54:45.706534+00:00,2026-09-30T15:05:37.856281+00:00,codex-cli 0.159.0,a9954cae59aef00b18ec06d4a41b4cadfc8cc0cdcfccc6a9c01e4014c8a72282
gpt61sol,max,legacy-blendcore-binary-parity,legacy-blendcore-binary-parity-4120b14c,code-quality-maintenance-v3.18,published,muse+grok,86.2341,87.2213,100.00,79.96,75.00,9,9,69.8864,75.0000,56.2500,False,72.9167,62.5000,83.3333,62.5000,77.0833,70.8333,83.3333,50.0000,9,False,639.579,796473,0.363058,2026-09-30T22:38:27.139682+00:00,2026-09-30T22:49:06.725346+00:00,codex-cli 0.159.0,7420e0cdc6a87e8625675e011653d713531d9fcddc853f0f2e1b9a87749001b5
gpt61sol,max,legacy-cellarcore-binary-parity,legacy-cellarcore-binary-parity-7576caff,code-quality-maintenance-v3.18,published,muse+grok,88.7587,89.6545,100.00,79.13,85.00,14,14,75.1748,68.7500,92.3077,False,60.4167,54.1667,66.6667,92.3077,77.0833,70.8333,83.3333,92.3077,14,False,851.105,2065472,0.684274,2026-09-30T23:45:18.038966+00:00,2026-09-30T23:59:29.153397+00:00,codex-cli 0.159.0,fe1a81b28ed7f0aad1b8bfa4cfdd21f2d75f78324701a7adff1b8d270380f853
gpt61sol,max,legacy-codeccore-binary-parity,legacy-codeccore-binary-parity-439898ea,code-quality-maintenance-v3.18,published,muse+grok,88.4862,89.1318,100.00,80.50,80.00,10,10,75.2841,71.8750,84.3750,False,70.8333,66.6667,75.0000,93.7500,72.9167,62.5000,83.3333,75.0000,10,False,1228.345,683774,0.448562,2026-09-30T20:34:09.861125+00:00,2026-09-30T20:54:38.212360+00:00,codex-cli 0.159.0,613c1a98ee0b78e14743bad94cfab286a1ca354fe41e2fad4951fe1542bfe135
gpt61sol,max,legacy-depotcore-binary-parity,legacy-depotcore-binary-parity-0a741d99,code-quality-maintenance-v3.18,published,muse+grok,86.5508,87.5629,100.00,76.48,80.00,14,14,70.4545,68.7500,75.0000,False,68.7500,66.6667,70.8333,73.0769,68.7500,66.6667,70.8333,76.9231,14,False,812.022,1594408,0.581698,2026-09-30T23:16:19.676941+00:00,2026-09-30T23:29:51.707595+00:00,codex-cli 0.159.0,a0df497c27bc33ccb6f8a2dd2b9548f8563fbbfdbf825a32e434998ed6df67be
gpt61sol,max,legacy-freightcore-binary-parity,legacy-freightcore-binary-parity-7da4d0ee,code-quality-maintenance-v3.18,published,muse+grok,90.3883,89.9901,100.00,82.51,75.00,9,9,81.8182,76.0417,97.2222,False,77.0833,70.8333,83.3333,94.4444,75.0000,66.6667,83.3333,100.0000,9,False,713.18,454509,0.293176,2026-09-30T20:22:16.487676+00:00,2026-09-30T20:34:09.674318+00:00,codex-cli 0.159.0,bc6ce493ef2a4e049bb67adb35964828c554482b8ca81e3214e173386ac7dea3
gpt61sol,max,legacy-granarycore-binary-parity,legacy-granarycore-binary-parity-0f4e2c37,code-quality-maintenance-v3.18,published,muse+grok,87.0546,88.4966,100.00,82.86,80.00,14,14,70.3380,63.5417,88.4615,False,62.5000,54.1667,70.8333,84.6154,64.5833,54.1667,75.0000,92.3077,14,False,980.209,2552718,0.817625,2026-09-30T22:59:59.278794+00:00,2026-09-30T23:16:19.493151+00:00,codex-cli 0.159.0,03337b4560c3fcaafb08236de87a8e440735e5a51114e1d05747bc5a39919904
gpt61sol,max,legacy-hedgecore-binary-parity,legacy-hedgecore-binary-parity-17047197,code-quality-maintenance-v3.18,published,muse+grok,87.4189,89.4570,100.00,80.37,90.00,8,8,69.5076,60.4167,93.7500,False,54.1667,54.1667,54.1667,93.7500,66.6667,62.5000,70.8333,93.7500,8,False,804.46,819815,0.402345,2026-09-30T21:36:00.462155+00:00,2026-09-30T21:49:24.929437+00:00,codex-cli 0.159.0,fce4ff1918dc397f9d5ade0a8de84683a59dac7d01e83cb0b193c5687d0a1638
gpt61sol,max,legacy-lodgecore-binary-parity,legacy-lodgecore-binary-parity-3c0304d8,code-quality-maintenance-v3.18,published,muse+grok,88.5641,89.6675,100.00,75.46,90.00,12,12,74.2424,64.5833,100.0000,False,64.5833,62.5000,66.6667,100.0000,64.5833,62.5000,66.6667,100.0000,12,False,925.935,2249612,0.785301,2026-09-30T23:29:51.914148+00:00,2026-09-30T23:45:17.856827+00:00,codex-cli 0.159.0,1dc84cded4765b0227c5e26b925764053cf8cf30342c134a44686ad79f6da5e7
gpt61sol,max,legacy-matchcore-order-book-parity,legacy-matchcore-order-book-parity-8b7c52db,code-quality-maintenance-v3.18,published,muse+grok,87.7816,87.4175,100.00,82.43,65.00,9,9,76.5152,76.0417,77.7778,False,75.0000,70.8333,79.1667,72.2222,77.0833,70.8333,83.3333,83.3333,9,False,1261.033,655253,0.405453,2026-09-30T19:08:38.078964+00:00,2026-09-30T19:29:39.116261+00:00,codex-cli 0.159.0,ae338d8cece17315aa80531e3b9cfe768014b2f57f892cce91bebc31d3d497f7
gpt61sol,max,legacy-metercore-binary-parity,legacy-metercore-binary-parity-6d065107,code-quality-maintenance-v3.18,published,muse+grok,88.9140,89.3073,100.00,79.65,80.00,9,9,76.7992,73.9583,84.3750,False,70.8333,58.3333,83.3333,75.0000,77.0833,75.0000,79.1667,93.7500,9,False,881.844,457119,0.315401,2026-09-30T20:07:34.472827+00:00,2026-09-30T20:22:16.323093+00:00,codex-cli 0.159.0,1ef9d0a693d75d52d1c3ed4a73859f59f6f5cd35add3a146763493cf0c28a9f8
gpt61sol,max,legacy-pacecore-binary-parity,legacy-pacecore-binary-parity-680a82d4,code-quality-maintenance-v3.18,published,muse+grok,90.4950,91.4611,100.00,81.79,90.00,9,9,78.4632,77.0833,82.1429,False,75.0000,66.6667,83.3333,92.8571,79.1667,70.8333,87.5000,71.4286,9,False,764.555,794560,0.402715,2026-09-30T22:25:42.422930+00:00,2026-09-30T22:38:26.983082+00:00,codex-cli 0.159.0,cd28cd5401b41e8d11f64d277ab3862dd1b429826be9d941dda527cac1fbea74
gpt61sol,max,legacy-paddockcore-binary-parity,legacy-paddockcore-binary-parity-94580a0d,code-quality-maintenance-v3.18,published,muse+grok,84.5689,85.7620,100.00,75.39,75.00,15,15,66.0173,66.6667,64.2857,False,58.3333,50.0000,66.6667,64.2857,75.0000,70.8333,79.1667,64.2857,15,False,1341.178,3484262,1.004263,2026-09-30T23:59:29.327780+00:00,2026-10-01T00:21:50.519258+00:00,codex-cli 0.159.0,7cf58adb1eea8dcdef61d292f5f4e7bc59d0a8960346632f4ae69b01744a3141
gpt61sol,max,legacy-payrollcore-binary-parity,legacy-payrollcore-binary-parity-1160e40d,code-quality-maintenance-v3.18,published,muse+grok,90.8529,91.8238,100.00,83.27,90.00,10,10,79.1667,76.0417,87.5000,False,79.1667,79.1667,79.1667,90.0000,72.9167,66.6667,79.1667,85.0000,10,False,1273.752,641397,0.358202,2026-09-30T19:46:20.566133+00:00,2026-09-30T20:07:34.323503+00:00,codex-cli 0.159.0,4ca80c0c7ab5b0202c80f8a8016896a16e56afebf5619370a3c9e42ee80fa9b9
gpt61sol,max,legacy-qlite-store-parity,legacy-qlite-store-parity-6017a2bd,code-quality-maintenance-v3.18,published,muse+grok,91.0996,91.8246,100.00,81.76,90.00,9,9,80.3030,78.1250,86.1111,False,79.1667,79.1667,79.1667,83.3333,77.0833,70.8333,83.3333,88.8889,9,False,1001.137,760440,0.366632,2026-09-30T19:29:39.267578+00:00,2026-09-30T19:46:20.411920+00:00,codex-cli 0.159.0,fd75873161d6f97e776111d3da35c6d8101e2284e7db082decc4086e78080ecc
gpt61sol,max,legacy-queuecore-binary-parity,legacy-queuecore-binary-parity-3c0fdcfc,code-quality-maintenance-v3.18,published,muse+grok,87.2407,89.5253,100.00,82.16,90.00,8,8,68.5065,68.7500,67.8571,False,66.6667,54.1667,79.1667,71.4286,70.8333,62.5000,79.1667,64.2857,8,False,567.712,522580,0.286294,2026-09-30T21:26:32.561977+00:00,2026-09-30T21:36:00.282607+00:00,codex-cli 0.159.0,80d171fe49b5136e41c373a3e869e14a6503d75684c715743cc19f91037a28c2
gpt61sol,max,legacy-quotacore-binary-parity,legacy-quotacore-binary-parity-fc9506f2,code-quality-maintenance-v3.18,published,muse+grok,89.3877,91.1210,100.00,85.15,90.00,10,10,74.2424,70.8333,83.3333,False,72.9167,62.5000,83.3333,88.8889,68.7500,58.3333,79.1667,77.7778,10,False,582.926,380128,0.326125,2026-09-30T20:54:38.429642+00:00,2026-09-30T21:04:21.361333+00:00,codex-cli 0.159.0,2e7f407fe95323ecfec84ee5da07c83023048ec5322d3f7c354dbdd39ff9d103
gpt61sol,max,legacy-reflowcore-binary-parity,legacy-reflowcore-binary-parity-b0fb78a9,code-quality-maintenance-v3.18,published,muse+grok,88.8232,90.4972,100.00,82.29,90.00,8,8,73.2684,73.9583,71.4286,False,72.9167,66.6667,79.1667,64.2857,75.0000,66.6667,83.3333,78.5714,8,False,688.233,653443,0.369273,2026-09-30T22:03:00.034736+00:00,2026-09-30T22:14:28.276368+00:00,codex-cli 0.159.0,baf2154c7f2b88a8129f3a349ac5f13d6dac01cc9e4f034161effe2d8e2a4903
gpt61sol,max,legacy-schedcore-binary-parity,legacy-schedcore-binary-parity-f1d26089,code-quality-maintenance-v3.18,published,muse+grok,87.7274,89.1840,100.00,80.70,85.00,8,8,71.6450,67.7083,82.1429,False,64.5833,50.0000,79.1667,78.5714,70.8333,58.3333,83.3333,85.7143,8,False,814.699,756321,0.403972,2026-09-30T21:49:25.113757+00:00,2026-09-30T22:02:59.820736+00:00,codex-cli 0.159.0,17d79a7db8e3ff13219bb7c54afcb1d332b1a3f53c13d78ea22f86c895cf2ca2
gpt61sol,max,legacy-settlecore-binary-parity,legacy-settlecore-binary-parity-3c891166,code-quality-maintenance-v3.18,published,muse+grok,88.4233,88.5500,100.00,79.98,75.00,10,10,76.5152,81.2500,63.8889,False,83.3333,79.1667,87.5000,50.0000,79.1667,75.0000,83.3333,77.7778,10,False,1172.098,777427,0.372126,2026-09-30T18:49:05.840212+00:00,2026-09-30T19:08:37.943992+00:00,codex-cli 0.159.0,22f0becfb3165ceee77588a7053548ad13d3e8de16b91eb0384e7a15a869793c
gpt61sol,max,legacy-snapcore-binary-parity,legacy-snapcore-binary-parity-c823d3b9,code-quality-maintenance-v3.18,published,muse+grok,89.3118,90.7696,100.00,82.05,90.00,10,10,74.8106,77.0833,68.7500,False,75.0000,70.8333,79.1667,75.0000,79.1667,75.0000,83.3333,62.5000,10,False,762.861,831748,0.429939,2026-09-30T21:04:21.551368+00:00,2026-09-30T21:17:04.420178+00:00,codex-cli 0.159.0,52a4d0b2ba61d8e0097feb1238e4c76ec4498b1892026acb104c8203b4d7dc5c
gpt61sol,max,legacy-stampcore-binary-parity,legacy-stampcore-binary-parity-84ada725,code-quality-maintenance-v3.18,published,muse+grok,88.9150,90.7005,100.00,83.79,90.00,9,9,73.1602,69.7917,82.1429,False,70.8333,66.6667,75.0000,85.7143,68.7500,58.3333,79.1667,78.5714,9,False,652.174,562909,0.450029,2026-09-30T22:49:06.899264+00:00,2026-09-30T22:59:59.081229+00:00,codex-cli 0.159.0,93a215df2bee1fbe663e6d6e05a4496bcd090e917b0f8df3a847758bdd25a43a
gpt61sol,max,legacy-tallycore-binary-parity,legacy-tallycore-binary-parity-d0e54756,code-quality-maintenance-v3.18,published,muse+grok,88.4525,90.2981,100.00,82.55,90.00,8,8,72.0779,65.6250,89.2857,False,58.3333,50.0000,66.6667,100.0000,72.9167,66.6667,79.1667,78.5714,8,False,673.77,866482,0.387330,2026-09-30T22:14:28.469074+00:00,2026-09-30T22:25:42.245383+00:00,codex-cli 0.159.0,52bdd879567531aa8b7486b3b34389ddab02d79a5f41bacba78f0eabbdbead74
gpt61sol,max,legacy-vaultcore-binary-parity,legacy-vaultcore-binary-parity-d43a500b,code-quality-maintenance-v3.18,published,muse+grok,86.5498,88.0577,100.00,81.51,80.00,9,9,69.1558,65.6250,78.5714,False,58.3333,54.1667,62.5000,78.5714,72.9167,66.6667,79.1667,78.5714,9,False,567.756,488966,0.287996,2026-09-30T21:17:04.589649+00:00,2026-09-30T21:26:32.352934+00:00,codex-cli 0.159.0,7aab43c6b1ceb13a6b8f1367d62126b3ab718f1dd1102b70d495b4ec11617958
