model,effort,task,run_id,total_score_pct,functional_pct,automated_quality_pct,security_pct,code_quality_pct,astra_reviewer_pct,claude_reviewer_pct,solver_fallback,duration_s,raw_tokens,estimated_api_usd,astra_long_context_upper_usd,started_at,finished_at,solver_cli_version,solver_stream_sha256,patch_sha256
astra,low,legacy-blendcore-binary-parity,legacy-blendcore-binary-parity-2795d86b,90.574,100.0,82.16,75.0,85.00000000000001,92.0,78.0,False,164.289,404405,1.013498,1.922371,2026-09-05T00:53:34.109295+00:00,2026-09-05T00:56:18.402675+00:00,codex-cli 0.153.4,cf3eff14285ec485a10dcd548443b6bdba67c33dfdc32475f9c56c76ff2a3a67,ec9f727f8c70358a2a9bcac3db3ad2d5d12b0ecdfeb898c055b76d905197a05d
astra,low,legacy-cellarcore-binary-parity,legacy-cellarcore-binary-parity-29bd1fd0,93.7045,100.0,80.03,100.0,83.5,89.67,77.33,False,257.333,1275502,2.4158839999999997,4.663968,2026-09-05T01:14:15.962275+00:00,2026-09-05T01:18:33.301558+00:00,codex-cli 0.153.4,d4d96a024c57332918ac92ce43cf67eb40c96c6063d4d6833b9b072b4a2961ac,2a35cef4c8d6fb5d9b92b4d8d63007517fb307f656e258b84a5168cc728db729
astra,low,legacy-codeccore-binary-parity,legacy-codeccore-binary-parity-b554292c,94.2635,100.0,83.09,100.0,84.00000000000001,91.33,76.67,False,213.298,565858,1.224124,2.312423,2026-09-05T00:23:29.782200+00:00,2026-09-05T00:27:03.084934+00:00,codex-cli 0.153.4,a515bea8a47e658946011aee817034b2d0750a5ec582974cb92a9b65aa4a80aa,2286e8f7ce20c099b37e8a35f088dce41ee9518b1e2ed2f9c5b0ff29a87117d6
astra,low,legacy-depotcore-binary-parity,legacy-depotcore-binary-parity-bafee3b8,93.482,100.0,81.88,100.0,81.0,84.33,77.66999999999999,False,220.836,1143288,2.176088,4.214951,2026-09-05T01:06:28.019923+00:00,2026-09-05T01:10:08.861708+00:00,codex-cli 0.153.4,17322d3c0a060af0d3a988bedfb7bc942977cf18128c46f69a809c4cbb28b5f9,28477813ae29f676441799e3dd623269d20d867878c68a0756d29f77ee1bdf3d
astra,low,legacy-freightcore-binary-parity,legacy-freightcore-binary-parity-51fc950c,91.6965,100.0,83.87,85.0,81.83,90.33,73.33,False,161.683,346617,0.891018,1.6771859999999998,2026-09-05T00:20:47.961336+00:00,2026-09-05T00:23:29.649949+00:00,codex-cli 0.153.4,872eb4d0264e2e310be735d925c7e2938ce3a0dad159a7d0f1bac263267044de,a87faa458fdbf43f302648000c31590b64a653e5cea1776abfd13993a6e7e498
astra,low,legacy-granarycore-binary-parity,legacy-granarycore-binary-parity-f862ad6f,89.409,100.0,74.06,80.0,81.5,84.33,78.67,False,459.851,2377282,4.137676,7.960277,2026-09-05T00:58:48.021130+00:00,2026-09-05T01:06:27.878855+00:00,codex-cli 0.153.4,f9a4fe787828e17deeb3335ab7cba62facaa3c94f063641172ae0e43320ab5f8,2b8f8650b27b2778dd8d3ae067e6e009bb54c9ee140aae509e285333c0688d97
astra,low,legacy-hedgecore-binary-parity,legacy-hedgecore-binary-parity-3d731b21,94.70100000000001,100.0,83.12,100.0,86.165,91.33,81.0,False,208.996,579364,1.202216,2.270232,2026-09-05T00:37:02.725225+00:00,2026-09-05T00:40:31.725718+00:00,codex-cli 0.153.4,c09238d33624918779f2b5eb58d55a614107f14526242a2328915fd759e6a826,693af0b7c2fa9706fab28dbf97e4053c4788b9b7e6650aa8d6348b73796f3dd1
astra,low,legacy-lodgecore-binary-parity,legacy-lodgecore-binary-parity-6c2074b3,91.88199999999999,100.0,79.44,90.0,82.33,90.33,74.33,False,246.805,1296678,2.4411319999999996,4.733114,2026-09-05T01:10:09.012025+00:00,2026-09-05T01:14:15.822958+00:00,codex-cli 0.153.4,e3e300ffd32fcdedb1812d86df3cf3dc3febe8980f7900c3a48aec6cc05d8732,cfac658429d1d09a0bd506d7d1088b9ee49f63f0d5c7d2898e72ce0d4c8324cb
astra,low,legacy-matchcore-order-book-parity,legacy-matchcore-order-book-parity-0bf9e2c4,90.7605,100.0,79.07,90.0,77.0,86.67,67.33,False,164.558,496375,1.062734,2.027043,2026-09-05T00:09:36.554583+00:00,2026-09-05T00:12:21.117326+00:00,codex-cli 0.153.4,9d73ebab81f3ec2d72f4897d93724f5879348ef27dc59df8968019ae7c80bcc8,bb8b71dde2070d56785996b4002c6335e06fc08ce15a4daa994b690530b6c0af
astra,low,legacy-metercore-binary-parity,legacy-metercore-binary-parity-27686aac,90.444,100.0,81.39999999999999,80.0,81.17000000000002,89.67,72.67,False,142.095,278076,0.899904,1.720383,2026-09-05T00:18:25.654647+00:00,2026-09-05T00:20:47.755091+00:00,codex-cli 0.153.4,aeef4362a52bd60f49ba9eb41ed247e598432f70e706481a0c98f945d3f656d2,f381b8897bc40529e5d4ab7981b407a7118257d2d7166b3f3a48c9b03a0c9e95
astra,low,legacy-pacecore-binary-parity,legacy-pacecore-binary-parity-30b8dc98,90.49149999999999,100.0,81.83,75.0,84.835,91.0,78.67,False,153.67,311139,0.855222,1.609269,2026-09-05T00:51:00.307110+00:00,2026-09-05T00:53:33.981625+00:00,codex-cli 0.153.4,b1112818c146a200ab2a82f4c8a4751895becc6e591896c4364e72764432abbe,990c2ecce863f20d890347c9c37a7c2503e1b7844be5d27baed1cb311bcbd1c6
astra,low,legacy-paddockcore-binary-parity,legacy-paddockcore-binary-parity-9613f3e9,84.309,93.33,74.96000000000001,80.0,72.0,81.33,62.67,False,1525.72,6777579,10.107861999999999,19.261699,2026-09-05T01:18:33.448000+00:00,2026-09-05T01:43:59.178042+00:00,codex-cli 0.153.4,749adb3f9cc9bb7ba488aa4fc6ac37b66a53c344c1084e6abbf5d4dad24b8c6e,3dc0064d0b16ddf3e52c8f84fab608183fe137a6c3c2419d5855d0c94f168a29
astra,low,legacy-payrollcore-binary-parity,legacy-payrollcore-binary-parity-826887d9,90.8095,100.0,80.51,80.0,83.665,91.0,76.33,False,146.852,284674,1.075068,2.065111,2026-09-05T00:15:58.651611+00:00,2026-09-05T00:18:25.508558+00:00,codex-cli 0.153.4,f2ae6ac875304cacfdffb63f8809316109d4160fa2143845d66f81e9a5cd0951,874f866f4bda60c31d66991284d149e0afcec65fdf8d5b75d3c01e1543671687
astra,low,legacy-qlite-store-parity,legacy-qlite-store-parity-03d0786e,92.7035,100.0,82.69,90.0,84.00000000000001,92.0,76.0,False,217.253,377070,0.98894,1.8336800000000002,2026-09-05T00:12:21.256737+00:00,2026-09-05T00:15:58.514481+00:00,codex-cli 0.153.4,632f3f798abeb22e85f27163be267489f929141609269c6c8c53e6c4823f24a8,a84f2089a199148817e31d000e78ad34986bbd0f4718867f25d0cfb7a1bfa071
astra,low,legacy-queuecore-binary-parity,legacy-queuecore-binary-parity-9f5b45e4,92.075,100.0,80.94,90.0,82.17000000000002,88.67,75.67,False,161.808,348164,0.823016,1.5422319999999998,2026-09-05T00:34:20.734466+00:00,2026-09-05T00:37:02.547525+00:00,codex-cli 0.153.4,f2da8ed098f17c0cf2f5db48486016695d2a229748500c5cadfb56a1ad329e32,fd83168d61214d0707597ef1ffa03ca4b75115492be3dbc6f7db8430449243aa
astra,low,legacy-quotacore-binary-parity,legacy-quotacore-binary-parity-be5b973f,92.465,100.0,85.1,90.0,81.0,88.67,73.33,False,144.378,342718,0.8059160000000001,1.5242820000000001,2026-09-05T00:27:03.227497+00:00,2026-09-05T00:29:27.610216+00:00,codex-cli 0.153.4,6adba5cabe3d32d2c024bb27eb3db0a8384ec129447be0a3eb02faa8ebe3a8a8,39d1989cd04866760f2f7fdf683cc9ca07ed460829eeadfd589b6e7b836d67ec
astra,low,legacy-reflowcore-binary-parity,legacy-reflowcore-binary-parity-c3f2f2fc,91.617,100.0,83.56,85.0,81.66499999999999,89.0,74.33,False,198.422,420020,0.992616,1.857332,2026-09-05T00:44:49.762638+00:00,2026-09-05T00:48:08.190013+00:00,codex-cli 0.153.4,d3713bf09d2a6635389301302f7ba50c763d3d88f704ee1be186793f472800cb,36c7d5b0183f5904eec84e2724c0f37ce7819e3138fe4a3a86a168a51615cabc
astra,low,legacy-schedcore-binary-parity,legacy-schedcore-binary-parity-c0377abc,91.85900000000001,100.0,81.06,90.0,81.0,89.33,72.67,False,257.698,498604,1.29152,2.408115,2026-09-05T00:40:31.872648+00:00,2026-09-05T00:44:49.575495+00:00,codex-cli 0.153.4,592510392983c6baf214e0988851078e1887b837d2a1e64cf08cf30346af4f4b,6a31c9b3b8ed5cdec95e21540814447522cfc0ca94957b8da9791b9106bb9af8
astra,low,legacy-settlecore-binary-parity,legacy-settlecore-binary-parity-504c52d6,91.0395,100.0,80.93,80.0,84.5,91.67,77.33,False,162.516,427113,0.9698979999999999,1.842346,2026-09-05T00:06:53.895092+00:00,2026-09-05T00:09:36.416025+00:00,codex-cli 0.153.4,1e22c28fcb2ec649ae8a790b8f0e0c3d50949c92e95ed8fff9d95e0ff9415099,841b7a26eaceca2a01d9607eb4da4142c2ff715d6043bd06fbfd62938ab0ac82
astra,low,legacy-snapcore-binary-parity,legacy-snapcore-binary-parity-513cc45e,91.5855,100.0,81.35,85.0,83.165,90.33,76.0,False,171.109,557185,1.221074,2.336823,2026-09-05T00:29:27.757253+00:00,2026-09-05T00:32:18.870861+00:00,codex-cli 0.153.4,8f7688ac05ea26dbaf28e824dbf989dd0cf74d29b6133682de93699bc12f78ae,8e09ea21742b7fa249d10c69db31740f903b12306dbc6a5d52fbb32d80a8b8fa
astra,low,legacy-stampcore-binary-parity,legacy-stampcore-binary-parity-f8f16e83,90.07350000000001,100.0,81.71000000000001,75.0,82.83500000000001,91.0,74.67,False,149.336,321544,0.836592,1.5766840000000002,2026-09-05T00:56:18.543904+00:00,2026-09-05T00:58:47.885216+00:00,codex-cli 0.153.4,7150f16687f16be961783d264c0ba772d274dccff9271ffefd7a6bd3ab501640,3980cb9e30f40187fa4c8b56d91aa42bdc59e1b46a099b3a9c0c7f66edf60b3f
astra,low,legacy-tallycore-binary-parity,legacy-tallycore-binary-parity-2d7b070e,93.908,100.0,82.5,100.0,82.665,89.33,76.0,False,171.84,695589,1.3444260000000001,2.590977,2026-09-05T00:48:08.322241+00:00,2026-09-05T00:51:00.167706+00:00,codex-cli 0.153.4,0f8a44c925f6cff5b9668ac7e41109371bba351ad30da2beb8c1970a60f326d9,c6c5c647cc4787bfbab47676bd73af84c8c461726808bea8201231656802ca18
astra,low,legacy-vaultcore-binary-parity,legacy-vaultcore-binary-parity-110313fa,92.987,100.0,84.58,100.0,76.5,87.67,65.33,False,121.452,349850,0.822628,1.5781560000000001,2026-09-05T00:32:19.005301+00:00,2026-09-05T00:34:20.462270+00:00,codex-cli 0.153.4,dc4cf6740a99d3253410a905da5420661455c51b8d4505f8fdfe280db567b805,c61450532e962501ce4742e2484b12c92c05000bbaf03ffa0e0194510aa98627
astra,medium,legacy-blendcore-binary-parity,legacy-blendcore-binary-parity-f57c1be6,90.8575,100.0,81.83,75.0,86.665,92.33,81.0,False,186.385,545851,1.257294,2.402188,2026-09-05T02:39:38.711781+00:00,2026-09-05T02:42:45.101114+00:00,codex-cli 0.153.4,f53a74123749a415dd7dd4281efe7bd8f0709c8ed17e710e47c05713d49cc959,980986503f3a106556c9ffac1a19a2589e4043b060566f510266d57d5f9eebac
astra,medium,legacy-cellarcore-binary-parity,legacy-cellarcore-binary-parity-8ebf63a4,92.322,100.0,79.92,90.0,84.16999999999999,90.67,77.66999999999999,False,269.928,956139,2.04155,3.9014,2026-09-05T03:00:57.180250+00:00,2026-09-05T03:05:27.114111+00:00,codex-cli 0.153.4,0952be103ef016a739d811081904aa40ec367042c5e372408e29db1ab2cc8cfe,d26d49181952e1fb390571e439853088e060fb4b42b8b1dc6a3525b038957c77
astra,medium,legacy-codeccore-binary-parity,legacy-codeccore-binary-parity-5cbb6c27,91.66149999999999,100.0,82.63000000000001,80.0,86.33500000000001,91.67,81.0,False,156.4,379243,0.986702,1.870104,2026-09-05T02:03:40.465941+00:00,2026-09-05T02:06:16.870114+00:00,codex-cli 0.153.4,354b132523908a2d93b12f1c917f5ac23fdaebe5fa0fb5e68be3856680783ce3,43e60fe4a564c13b85aacb2294d1641b1222fe50833cd829dca3487ef9d60890
astra,medium,legacy-depotcore-binary-parity,legacy-depotcore-binary-parity-24323bec,93.71000000000001,100.0,81.84,100.0,82.17000000000002,87.67,76.67,False,287.363,1017935,2.085398,3.987196,2026-09-05T02:52:12.808052+00:00,2026-09-05T02:57:00.175307+00:00,codex-cli 0.153.4,aee5160b2861d7ef425434d32de3e6756e441669bc3166fc712589c57894c3f5,f7d1e958c067e035a1c7cd62116ada582094e22b1e48110925867dc04c7ffbc5
astra,medium,legacy-freightcore-binary-parity,legacy-freightcore-binary-parity-a1e51c1d,89.994,100.0,80.96,75.0,83.0,91.0,75.0,False,175.902,331980,0.8658399999999999,1.613005,2026-09-05T02:00:44.428044+00:00,2026-09-05T02:03:40.334313+00:00,codex-cli 0.153.4,84617b33afe53db53d344b8de654f2093377ca671e7186a2c989809e7413f51e,33c5d03014b27254260d561b55d208b50e79a0be9b4291a8dd557be818c93969
astra,medium,legacy-granarycore-binary-parity,legacy-granarycore-binary-parity-f5fab24f,91.07600000000001,100.0,77.62,90.0,79.66499999999999,86.33,73.0,False,391.519,1851645,3.468186,6.674097,2026-09-05T02:45:41.122519+00:00,2026-09-05T02:52:12.650860+00:00,codex-cli 0.153.4,259a5eaa7baae675d3f4d8372a0436a0c2dffb3f849904372c15996dc7c4c347,4e0569303d02810bc2a22ccbcf3f1edec2401b81b3add9106d9e9cea9f4bd969
astra,medium,legacy-hedgecore-binary-parity,legacy-hedgecore-binary-parity-358f7c88,92.83550000000001,100.0,81.78999999999999,90.0,85.33500000000001,90.67,80.0,False,273.554,545167,1.609598,3.038571,2026-09-05T02:19:32.811426+00:00,2026-09-05T02:24:06.369481+00:00,codex-cli 0.153.4,459a30db05118e8b4f16e3b2b73648b76c1ce9f19a8f2f45f9c921fdb6586818,b2da6df8ab2297e94b714092cc18b5e533ac270d4048f954c56f6c1cf936db82
astra,medium,legacy-lodgecore-binary-parity,legacy-lodgecore-binary-parity-9b3d9d13,89.861,100.0,77.52,80.0,81.16499999999999,88.0,74.33,False,236.687,1220405,2.305346,4.4635419999999995,2026-09-05T02:57:00.347105+00:00,2026-09-05T03:00:57.039566+00:00,codex-cli 0.153.4,ed1780b614c8e29781572aeaed707bd5f2c08fd5a7357a0181e30316932fc560,339b8d1cdb70940a3334ab988b3d2d52a2dc034bb132fa7b2e0d5c85702a6381
astra,medium,legacy-matchcore-order-book-parity,legacy-matchcore-order-book-parity-52b34f11,91.6095,100.0,80.95,90.0,79.835,89.0,70.67,False,203.429,475250,1.104428,2.079781,2026-09-05T01:47:59.593668+00:00,2026-09-05T01:51:23.028117+00:00,codex-cli 0.153.4,09b3e42c437db7c839f5a133883eaa4d27746232ab47dc6ebbcd6135612f4917,c9510e0da01950431f85a405a16f40f50fb2f63a7fe3d7c93396436436799bd8
astra,medium,legacy-metercore-binary-parity,legacy-metercore-binary-parity-9fc40183,91.005,100.0,80.7,80.0,84.5,92.33,76.67,False,183.288,307556,0.8199040000000001,1.521033,2026-09-05T01:57:40.996716+00:00,2026-09-05T02:00:44.288578+00:00,codex-cli 0.153.4,80a5cd72e4a00aea9c5a2476555b57de7f4c797e2f5ec91a2d865e09187d7f0c,9054361f6602d6cd33338796c26a13ca12cd7695bb86aeaabf99ddb21efce673
astra,medium,legacy-pacecore-binary-parity,legacy-pacecore-binary-parity-3cf35dfc,90.56649999999999,100.0,81.89,75.0,85.165,90.33,80.0,False,197.596,620765,1.3432819999999999,2.563114,2026-09-05T02:36:20.978076+00:00,2026-09-05T02:39:38.579236+00:00,codex-cli 0.153.4,f47f0be1958db8b64a3a6bb580111e650944177e210f31f8b3aa059cd1df5fd7,4de7b268f967e4b9ae791ec269e5fe85eb4ebffcb567da2764c514a9b3f4de38
astra,medium,legacy-paddockcore-binary-parity,legacy-paddockcore-binary-parity-489e241d,91.628,100.0,79.52,90.0,81.0,86.67,75.33,False,391.323,1887877,3.394538,6.551601,2026-09-05T03:05:27.286872+00:00,2026-09-05T03:11:58.616570+00:00,codex-cli 0.153.4,81d1a86566d18f88f376c4894125b46b8628b94942ff1eb5575ffc084adee376,37206d243a5f1b03282ac2bbbb3caa289c9e2334c37db2ecb8c5d143c43ba126
astra,medium,legacy-payrollcore-binary-parity,legacy-payrollcore-binary-parity-001dce1d,91.4145,100.0,83.43,80.0,84.5,91.33,77.66999999999999,False,181.901,352596,0.858792,1.5996839999999999,2026-09-05T01:54:38.930093+00:00,2026-09-05T01:57:40.835259+00:00,codex-cli 0.153.4,9dc96e46e320abcc67d015ba337cca61c29aaf3eedea4cde67033b5c2b5f4117,b3c8dc106e756a77efd11300ab788be31ddcb52afc1c94d2d3987df7f8e1ad73
astra,medium,legacy-qlite-store-parity,legacy-qlite-store-parity-815066a7,92.3805,100.0,81.43,90.0,83.33,91.33,75.33,False,195.588,426267,1.073958,2.016141,2026-09-05T01:51:23.192713+00:00,2026-09-05T01:54:38.786534+00:00,codex-cli 0.153.4,29228213ac3cc2684bac095b7be444f63203becb62d6bed8db64ac85951ede99,c8335a1b05a6c320d7b76e6e886e1f60901cde8b11e07483bd56e0d5a56fc2bc
astra,medium,legacy-queuecore-binary-parity,legacy-queuecore-binary-parity-0b493a62,92.81,100.0,82.96,90.0,84.33,91.33,77.33,False,288.701,611006,1.363196,2.538142,2026-09-05T02:14:43.963427+00:00,2026-09-05T02:19:32.669699+00:00,codex-cli 0.153.4,f0f47ae3e5311e7ed0e68a1b77fc21a82e18bad8cc3cd41f9c4554251a0f6748,f00afa63dc5dd9ffdf6c100f96238663194a2acda85d04118863ae3ca054541c
astra,medium,legacy-quotacore-binary-parity,legacy-quotacore-binary-parity-84c2a3cb,91.3325,100.0,83.33,80.0,84.165,90.33,78.0,False,156.225,257562,0.657796,0.657796,2026-09-05T02:06:17.013823+00:00,2026-09-05T02:08:53.242182+00:00,codex-cli 0.153.4,ecd9216c465198557f1a1469ab95d6472aefe2cc4117149306d4c4776586c5fc,f655a0b7f570e4402ff2de0385e3d85bee0779225bc0d54360a08e4b7cd5b51a
astra,medium,legacy-reflowcore-binary-parity,legacy-reflowcore-binary-parity-f2b1345e,91.84649999999999,100.0,83.09,85.0,83.165,91.33,75.0,False,240.761,585638,1.230308,2.305591,2026-09-05T02:28:32.804703+00:00,2026-09-05T02:32:33.570611+00:00,codex-cli 0.153.4,ffc126bbc9415542bebb30ea6346d858a41606bc584581caedea7fc6a029951b,eb57339cdd3d76ab220eb08fe1f899048b430a6e163867566371f88d8146de2e
astra,medium,legacy-schedcore-binary-parity,legacy-schedcore-binary-parity-28eba9b4,92.294,100.0,81.96,90.0,82.5,89.67,75.33,False,266.168,743493,1.577522,2.979044,2026-09-05T02:24:06.505462+00:00,2026-09-05T02:28:32.678784+00:00,codex-cli 0.153.4,e67d2a0701605532c9f8f37671e04b171e47b12c4f17eef76b3007a765c9e433,8a95735d27c7968fd7e41da3f8d5e8f913bc64a6e7e52109976808260aa57043
astra,medium,legacy-settlecore-binary-parity,legacy-settlecore-binary-parity-d2f3f6d0,92.00450000000001,100.0,82.03,90.0,81.0,88.33,73.67,False,239.406,506320,1.229984,2.319168,2026-09-05T01:44:00.047135+00:00,2026-09-05T01:47:59.458590+00:00,codex-cli 0.153.4,b76b8bffe9d0d28884500c525f0b5666a763eee23ba1fc375f9074ecac37c731,aa6206a5d7ce14d6f0bb632173815fbd43bba2098d5a9f0bda24927531b10050
astra,medium,legacy-snapcore-binary-parity,legacy-snapcore-binary-parity-2ac6f514,90.281,100.0,81.32000000000001,75.0,84.165,92.0,76.33,False,179.691,425930,1.017268,1.918086,2026-09-05T02:08:53.373863+00:00,2026-09-05T02:11:53.069483+00:00,codex-cli 0.153.4,4b5d2d21a6372874997bbd9fd5e31e948be9bf4b12a677032325463131afcd52,6ef3fd302000ad55b26eda20e7d894c77f7dee6b629a7b0c622387691811297a
astra,medium,legacy-stampcore-binary-parity,legacy-stampcore-binary-parity-52ae17d7,93.22200000000001,100.0,83.26,100.0,78.665,90.0,67.33,False,175.723,463392,1.06172,2.012465,2026-09-05T02:42:45.234161+00:00,2026-09-05T02:45:40.962524+00:00,codex-cli 0.153.4,f1776bc97e318d00c721f0dd38abe3646bbcf30aace0014f96aa333ebd8dc58e,6bd6ea83a10a60be8106d95e968e33b436511651a4b06b0ddc752e7a24962d2d
astra,medium,legacy-tallycore-binary-parity,legacy-tallycore-binary-parity-37091566,94.094,100.0,84.17999999999999,100.0,82.33500000000001,91.0,73.67,False,227.128,814581,1.715402,3.285329,2026-09-05T02:32:33.715619+00:00,2026-09-05T02:36:20.848615+00:00,codex-cli 0.153.4,f612905c885339fbf87cb8b97e072db85cc32507752c95190b4bab4984f4f85e,83c78bf70f17b98fb03586188b1cec06245437b0daf8605360d74fccee87c18c
astra,medium,legacy-vaultcore-binary-parity,legacy-vaultcore-binary-parity-a30ecb05,90.95150000000001,100.0,82.57,80.0,82.83,91.33,74.33,False,170.574,410325,1.0029620000000001,1.8959240000000002,2026-09-05T02:11:53.212488+00:00,2026-09-05T02:14:43.791310+00:00,codex-cli 0.153.4,2c200d4ef46b98b3c480351661f8bf21f7f2b2008f67818fa2a29005e6745800,073248c3abbf8556d5da0f36aa793560ee1771147f535219021c5b3ec816eaa8
astra,high,legacy-blendcore-binary-parity,legacy-blendcore-binary-parity-d650ea8b,91.5715,100.0,81.81,80.0,86.5,93.0,80.0,False,292.462,800548,1.694776,3.185102,2026-09-05T04:24:00.645473+00:00,2026-09-05T04:28:53.111709+00:00,codex-cli 0.153.4,1885545f38675eb76c0c027193023ba624f508002d60a772233311353891df0c,bb1046359b013dc69c0c1b741952e650dabf22df9fbf064c4f86eed98e76c9b3
astra,high,legacy-cellarcore-binary-parity,legacy-cellarcore-binary-parity-01370c8f,90.65150000000001,100.0,79.01,80.0,84.00000000000001,88.67,79.33,False,298.957,1349467,2.59887,4.998415,2026-09-05T04:53:13.943903+00:00,2026-09-05T04:58:12.907036+00:00,codex-cli 0.153.4,031ac78a0df3a48fdf43cb64555d4957a9b802d63a6494c043e34d88e9034806,a34c43db497e76eb81b9cd86e86e1308048b5d64903d650f1087d20bc5058fe9
astra,high,legacy-codeccore-binary-parity,legacy-codeccore-binary-parity-d29ae34f,91.42399999999999,100.0,80.38,80.0,86.835,93.67,80.0,False,273.485,558659,1.403382,2.610389,2026-09-05T03:40:05.810997+00:00,2026-09-05T03:44:39.300677+00:00,codex-cli 0.153.4,16cfca2c4e8431b3adcf3f8ed19b9fbeb78477ccc24d7b3cfb23aebf17d4f0e2,368fc7d4216bfc24fa56860466c258b0958ef6134674f175bd9042b3ef1b82b5
astra,high,legacy-depotcore-binary-parity,legacy-depotcore-binary-parity-fceaca10,92.4205,100.0,79.47,90.0,85.00000000000001,89.67,80.33,False,342.582,1084301,2.2726100000000002,4.30732,2026-09-05T04:41:38.832788+00:00,2026-09-05T04:47:21.420740+00:00,codex-cli 0.153.4,919dd47788e73d2a95c758010649e15636e88c075ded321093246eecad277fc9,f3efafa21596fe40c3ed81936b581faf07e9f6cd04f62b8318987483b030d924
astra,high,legacy-freightcore-binary-parity,legacy-freightcore-binary-parity-111a5475,91.7865,100.0,82.13000000000001,80.0,87.33500000000001,93.67,81.0,False,286.216,463246,1.154036,2.104647,2026-09-05T03:35:19.453920+00:00,2026-09-05T03:40:05.674305+00:00,codex-cli 0.153.4,2c5395efbc9a74d1394c2a27487fdc908d7f29efb7c00ebd1b923e92e75e49d8,907870408fb95edf6c5fa8e7261b82317a813a4d747e87b5ff2d839baa95bb08
astra,high,legacy-granarycore-binary-parity,legacy-granarycore-binary-parity-b08e163b,90.9055,100.0,75.14999999999999,90.0,80.665,82.33,79.0,False,474.858,2096020,3.79692,7.265289999999999,2026-09-05T04:33:43.822224+00:00,2026-09-05T04:41:38.687256+00:00,codex-cli 0.153.4,107bee0bf74a645966df35e930ae25e6664a1cfaa60c6b78d26ce129a2a40417,83f79074f5b58da3fba4407690740911b67dbd0490b7c35dd93762a3d647e5af
astra,high,legacy-hedgecore-binary-parity,legacy-hedgecore-binary-parity-93589f31,91.536,100.0,81.8,80.0,86.33,92.33,80.33,False,338.473,649633,1.561762,2.878349,2026-09-05T04:00:37.327657+00:00,2026-09-05T04:06:15.803077+00:00,codex-cli 0.153.4,e5c731f0fb93de96f4a1e88662d01f8e036ca9d9d68de42ad235c3191c8cac2f,0d291daa85fef75f12a7a5e3d3c081de4f124053fc90b94193c717503f8b50c6
astra,high,legacy-lodgecore-binary-parity,legacy-lodgecore-binary-parity-c0d74734,91.622,100.0,79.7,90.0,80.83500000000001,88.67,73.0,False,352.193,1962329,3.67829,7.112605,2026-09-05T04:47:21.598684+00:00,2026-09-05T04:53:13.797679+00:00,codex-cli 0.153.4,d3be25255ceb29eb452eb74e3f8954c9ef8dfa2e315e1537094b95e11e851078,e183042135a96f352e8f1e236d06288237342a6a098b1d96ab9a875bcec7f6d7
astra,high,legacy-matchcore-order-book-parity,legacy-matchcore-order-book-parity-8d48ea0d,90.232,100.0,76.32,75.0,87.67,92.67,82.67,False,286.607,585714,1.368628,2.535856,2026-09-05T03:17:25.386659+00:00,2026-09-05T03:22:11.998753+00:00,codex-cli 0.153.4,a96753eb84c59dcdad84160d8c0235ee1dead9163c870d72fc8e0a86326e20e7,6c7072feeeb888e4a8a8fe4cc0aa4f3b27a3748d7cb00996c26617507540db4e
astra,high,legacy-metercore-binary-parity,legacy-metercore-binary-parity-cec66723,91.0455,100.0,81.97,75.0,87.5,93.33,81.67,False,236.394,557506,1.384636,2.607647,2026-09-05T03:31:22.764030+00:00,2026-09-05T03:35:19.163207+00:00,codex-cli 0.153.4,05503b0a0eca8f8070435add4e2174cfb575d96a7b5fbcfca52b4a6aef402f6b,76331c0885bd98591c7ba0525a9272a411790313e3dc89b92ba6a778994c2e41
astra,high,legacy-pacecore-binary-parity,legacy-pacecore-binary-parity-b26d02e4,93.28699999999999,100.0,84.58,90.0,85.5,92.33,78.67,False,260.636,591320,1.38192,2.58269,2026-09-05T04:19:39.814793+00:00,2026-09-05T04:24:00.454510+00:00,codex-cli 0.153.4,511e82e83b6c373d4cea67379b18f811a09cea802486918ee204bc8eb75cf9da,7a14ca559a6589d2ca5f80446e69dc888496684971d43f209862809e8177c2b9
astra,high,legacy-paddockcore-binary-parity,legacy-paddockcore-binary-parity-b8808e9c,90.1045,100.0,76.25,80.0,83.33500000000001,89.0,77.66999999999999,False,391.697,1440792,2.840856,5.418087,2026-09-05T04:58:13.053785+00:00,2026-09-05T05:04:44.758348+00:00,codex-cli 0.153.4,25cee84a4c1a2193940536f3e12d73f2a76added098a37c23916985098bc790d,ea763f9a5fb2a84e23636bcfd13facd17fdc9c6d2521b67351623403dc27acc7
astra,high,legacy-payrollcore-binary-parity,legacy-payrollcore-binary-parity-7dbcf38f,91.624,100.0,82.38,80.0,86.33500000000001,92.67,80.0,False,288.046,393056,1.128632,2.047189,2026-09-05T03:26:34.569931+00:00,2026-09-05T03:31:22.620651+00:00,codex-cli 0.153.4,9e73a0ce7e250cece665258b4507d72fd79bba971be68e6c006b7c5312329fa4,661e2da8f1ee05e658bef884c273a725c6ba76caf4342c1d03bbbb4c5c9a9c23
astra,high,legacy-qlite-store-parity,legacy-qlite-store-parity-248e85e5,90.9375,100.0,80.25,80.0,84.5,91.67,77.33,False,262.295,407226,1.550356,2.922262,2026-09-05T03:22:12.139374+00:00,2026-09-05T03:26:34.439620+00:00,codex-cli 0.153.4,8ab7c106fd429e495534d0e2268e032c2f005c6dc60d5e53fa9e19fce164b971,a61f02afd682d141d9848673ffe496b8faf1bd043f502f82d6ddfa1080289783
astra,high,legacy-queuecore-binary-parity,legacy-queuecore-binary-parity-e8375242,91.4085,100.0,81.61,80.0,85.835,92.0,79.67,False,262.702,406390,1.0854840000000001,1.985518,2026-09-05T03:56:14.492862+00:00,2026-09-05T04:00:37.199269+00:00,codex-cli 0.153.4,ede35a749bc2198302d9d8d6e15cd585b5cb9e003a474f9ffe528c17166f6b79,599b2df80daf940c78345e65e4862187a1e81ae9ae65b63238d1076104609f26
astra,high,legacy-quotacore-binary-parity,legacy-quotacore-binary-parity-93db74d5,91.488,100.0,83.7,80.0,84.665,91.33,78.0,False,225.117,334022,0.932428,1.705806,2026-09-05T03:44:39.452347+00:00,2026-09-05T03:48:24.573204+00:00,codex-cli 0.153.4,556f15e54cc77f3197e9506bbe6f98842f57664df169a9c91073620190b88b47,915f7e2fd638c0bf852ba62e6e2e9da1e38fa8927ec3748a59e6a476c449acb8
astra,high,legacy-reflowcore-binary-parity,legacy-reflowcore-binary-parity-ab41a1c0,91.5915,100.0,82.83,80.0,85.835,92.67,79.0,False,244.338,424628,1.094264,2.017978,2026-09-05T04:11:31.246830+00:00,2026-09-05T04:15:35.587939+00:00,codex-cli 0.153.4,7a1c14f1a807c60ddddc76c9c62855de60ec853099fe37feb2cc3b393113bf2a,52c87f2bf76f6b1e71d27d91eceff32cad7f625e361c4b1bad44c88a45033d91
astra,high,legacy-schedcore-binary-parity,legacy-schedcore-binary-parity-6beaa7cb,92.794,100.0,81.96,90.0,85.0,91.67,78.33,False,315.18,696963,1.574566,2.9304069999999998,2026-09-05T04:06:15.930720+00:00,2026-09-05T04:11:31.114853+00:00,codex-cli 0.153.4,f8fe0a237f2ab0c089eec7521ac0865099d5ada5b1259a7872956c117b52f508,011468f4975ef5d1f13d43c19e5bb0211334362a8f76e8bdb7c78990e7cea0e9
astra,high,legacy-settlecore-binary-parity,legacy-settlecore-binary-parity-8a186cc8,90.9065,100.0,80.71000000000001,80.0,84.00000000000001,93.0,75.0,False,325.87,577969,1.476714,2.717428,2026-09-05T03:11:59.368716+00:00,2026-09-05T03:17:25.241173+00:00,codex-cli 0.153.4,4f815694a0f5d53ee2d603bce588db407de2345e6f26ae75db1a5797fc355d6f,c931678caf6ec354c5da0925eb6e3e68efa9370c508332a5126c8b6d9bb611e7
astra,high,legacy-snapcore-binary-parity,legacy-snapcore-binary-parity-3caa376f,91.701,100.0,81.56,80.0,87.33500000000001,93.67,81.0,False,249.088,605162,1.382292,2.5948339999999996,2026-09-05T03:48:24.698527+00:00,2026-09-05T03:52:33.788847+00:00,codex-cli 0.153.4,3477f8f4668fa3ee812ec43cf92a1e88c941511f38c68c6e9985570a0c6370b8,ece1220f48732ed979e1eaf2a39fa5970cd7708274a51dbd88f02351e7f64ff5
astra,high,legacy-stampcore-binary-parity,legacy-stampcore-binary-parity-09115481,92.80550000000001,100.0,83.81,90.0,83.67,92.67,74.67,False,290.414,482906,1.265076,2.3262020000000003,2026-09-05T04:28:53.254102+00:00,2026-09-05T04:33:43.672075+00:00,codex-cli 0.153.4,97a7e45a8474fce5654651a6db8e05605dfcf89c9f929611eb1366f9d1b9c041,18bbfccdec6991e97336b9e00fb8c77521c0b2c86d868ede99815433270d82ca
astra,high,legacy-tallycore-binary-parity,legacy-tallycore-binary-parity-7aac2c90,91.5195,100.0,83.69,80.0,84.83000000000001,91.33,78.33,False,243.942,725530,1.554884,2.947968,2026-09-05T04:15:35.721665+00:00,2026-09-05T04:19:39.666392+00:00,codex-cli 0.153.4,8f0984ca6e323f52596998f5e437e3035a13359904d6bf3d63d5b3b08ec2d879,97789a294ce55e9b0bcb2741acd46b6b6896d99b7f8b1c3d3207b74a9e4c1990
astra,high,legacy-vaultcore-binary-parity,legacy-vaultcore-binary-parity-e166b28d,93.10549999999999,100.0,83.15,90.0,85.665,93.0,78.33,False,220.318,459386,1.173108,2.193866,2026-09-05T03:52:33.933958+00:00,2026-09-05T03:56:14.255517+00:00,codex-cli 0.153.4,b66e773a0ce57a51e3e266e0ad47e032c22e49a70b5c32e2cb7094df3ab61040,413414190838bc61bbadbcdeed610f54f7ceb5a55b4683e34df64dc70b37386a
astra,extra-high,legacy-blendcore-binary-parity,legacy-blendcore-binary-parity-096cfce6,91.8445,100.0,81.41000000000001,80.0,88.165,94.0,82.33,False,380.17,631018,1.734508,3.188891,2026-09-05T06:57:50.417790+00:00,2026-09-05T07:04:10.591888+00:00,codex-cli 0.153.4,91f1935a30b21641105f41a8808497c9c7b9f77e83694ef9337b42caf32b64b0,e1ec6280ae44c228c84c8b709f30514b096890d45d80647ac3c72a4e1c9976fc
astra,extra-high,legacy-cellarcore-binary-parity,legacy-cellarcore-binary-parity-cbdd0879,92.611,100.0,80.74,90.0,85.0,91.33,78.67,False,1156.938,2473792,5.309984,9.832668,2026-09-05T07:42:02.669455+00:00,2026-09-05T08:01:19.614377+00:00,codex-cli 0.153.4,31aa1fe0a6ec2ddb89c0d5115f65503357b04d3c99f00a7a3b9220d950eaf6c2,8d9ded332904bdf62ae932b198957b1c539c4fdec0fa77b41073556859b553d8
astra,extra-high,legacy-codeccore-binary-parity,legacy-codeccore-binary-parity-84564d65,92.8385,100.0,81.37,90.0,85.665,93.33,78.0,False,417.879,690203,1.823486,3.331222,2026-09-05T05:48:05.696665+00:00,2026-09-05T05:55:03.579622+00:00,codex-cli 0.153.4,58eb2ba5829bb2a83e92791bed0d500341cc5d04081ba11e4ca539557fdb7d86,9b20d254bfb2db9855490071947bc84b747bd435051d55fc8b2532d1d29e16cc
astra,extra-high,legacy-depotcore-binary-parity,legacy-depotcore-binary-parity-e20eabe0,91.9785,100.0,78.97,90.0,83.165,90.0,76.33,False,653.385,2069966,4.740796,9.054041999999999,2026-09-05T07:21:45.396186+00:00,2026-09-05T07:32:38.788180+00:00,codex-cli 0.153.4,fbc13c8797bf34c8fa66c622f8788b7b744ac949e6c95c31af4fa81c8fd87009,b181f5450de26afd4ce011bc77c30c809105fe3cc541e490fd703d1809c2f734
astra,extra-high,legacy-freightcore-binary-parity,legacy-freightcore-binary-parity-e93bd652,91.7985,100.0,81.99,80.0,87.5,93.67,81.33,False,432.863,452828,1.4545599999999999,2.583795,2026-09-05T05:40:52.690036+00:00,2026-09-05T05:48:05.556913+00:00,codex-cli 0.153.4,34039444c0777ba8e0239427359bec1b027f97ba9b138cf0623df673d7cd0859,e224db5a2b0c479b2ab55e7595abb87c78b138a8eab346ef3408ff3891aa9ef1
astra,extra-high,legacy-granarycore-binary-parity,legacy-granarycore-binary-parity-4ea5272c,92.3905,100.0,79.49000000000001,90.0,84.835,86.67,83.0,False,650.331,2214499,4.398518,8.317461,2026-09-05T07:10:54.900337+00:00,2026-09-05T07:21:45.235951+00:00,codex-cli 0.153.4,9074946921e1679394c0dd3f340599566c41c906a7859d7aa80c43538c7708af,299db2b3461f1c594f6692ed7b889e0d991d553ebae8657f13137685a3f0f20b
astra,extra-high,legacy-hedgecore-binary-parity,legacy-hedgecore-binary-parity-80696bb5,91.149,100.0,80.66,75.0,89.0,93.67,84.33,False,458.595,574876,1.72284,3.10708,2026-09-05T06:20:24.746938+00:00,2026-09-05T06:28:03.427548+00:00,codex-cli 0.153.4,ff9a9d5630b70ce9f97c3a8bc1a6e4ffa7799724bea4474e2739841bdb701c11,9b660cb1345db567782e4298702e961cf239d5c1eda9b491567a647a8946c12b
astra,extra-high,legacy-lodgecore-binary-parity,legacy-lodgecore-binary-parity-2f4f7ddc,91.8985,100.0,77.99000000000001,90.0,83.5,91.0,76.0,False,563.591,1912502,3.830076,7.267652,2026-09-05T07:32:38.928428+00:00,2026-09-05T07:42:02.525071+00:00,codex-cli 0.153.4,ee7afec7bf1c1778642ac95ffd543a8adbb998c2127d6bc0172ff9bbcdbff635,5ea4a6237335c853c51d96a0346ba8e1befea162f134d05dd083411057b2ed4d
astra,extra-high,legacy-matchcore-order-book-parity,legacy-matchcore-order-book-parity-58cfe083,90.87349999999999,100.0,79.27,75.0,88.66499999999999,94.0,83.33,False,449.5,655080,1.892896,3.459142,2026-09-05T05:12:32.106584+00:00,2026-09-05T05:20:01.612371+00:00,codex-cli 0.153.4,4980cfaa5a62aaef8958bd6e5817e39a2a6ad29d7bd4d243d5865221be300ad9,a4fdf6c44a617662006fa44d8ad5cf5d8dec07dd3495427c9e4988015b2328f4
astra,extra-high,legacy-metercore-binary-parity,legacy-metercore-binary-parity-c9ba784d,91.43900000000001,100.0,80.04,80.0,87.165,94.0,80.33,False,384.062,434237,1.330906,2.375337,2026-09-05T05:34:28.470171+00:00,2026-09-05T05:40:52.537141+00:00,codex-cli 0.153.4,18be03f17d48d1d94bf873b0ff6b088ef2e61674f19e76052df2c5f52e6da9a9,193ce71c1a31b1eb56f6c97b8004a239107d7aa7696bdc13b459f5c4f7d67a44
astra,extra-high,legacy-pacecore-binary-parity,legacy-pacecore-binary-parity-bd076ac7,93.3525,100.0,82.35,90.0,87.5,93.67,81.33,False,427.794,701960,1.9012160000000002,3.493582,2026-09-05T06:50:42.459419+00:00,2026-09-05T06:57:50.258556+00:00,codex-cli 0.153.4,66c662a6134e581af1bf6cc880e1ae115967039fc4bce7f8687733304abcbbfd,2be14202805e9ae545ccbb9eee2924597dc8ecbf52b87e679d1102dbe78a61d3
astra,extra-high,legacy-paddockcore-binary-parity,legacy-paddockcore-binary-parity-bc8eee40,92.381,100.0,82.98,90.0,82.17000000000002,87.67,76.67,False,574.547,1670706,3.411092,6.431684,2026-09-05T08:01:19.795909+00:00,2026-09-05T08:10:54.349192+00:00,codex-cli 0.153.4,7e477a222ca64c28502cc4508db27bcb9ca46a8e41edd1fa6218f0fe8b3f6098,aaa6a57608211d636c1bfe04bf98ebc48f60ef54abdd4087639815bccec49092
astra,extra-high,legacy-payrollcore-binary-parity,legacy-payrollcore-binary-parity-ae23a1ca,92.716,100.0,82.44,85.0,88.0,93.67,82.33,False,440.829,406800,1.4343119999999998,2.531799,2026-09-05T05:27:07.488396+00:00,2026-09-05T05:34:28.321469+00:00,codex-cli 0.153.4,7167c26a19014530cba2e759b2548cc56c607bdb691c76c94bf28d1e84367497,e2d7820e8c1d8f90d341a3687e7a7efb6eb0e1fa4e407004b878aa63f8dddfbb
astra,extra-high,legacy-qlite-store-parity,legacy-qlite-store-parity-b9ed14ac,92.863,100.0,80.64,90.0,86.33500000000001,93.67,79.0,False,425.528,516833,1.9108580000000002,3.502516,2026-09-05T05:20:01.805836+00:00,2026-09-05T05:27:07.341481+00:00,codex-cli 0.153.4,3fe467999cf2abcec2b95518622b90f1f17f16e07cdb45d1e1c9b8feb5f5e556,e51c96cb7c837ce1f2a9f150c56f03a799b0797cbd0ba2cd08d1defaabbbbb61
astra,extra-high,legacy-queuecore-binary-parity,legacy-queuecore-binary-parity-65a2547e,92.709,100.0,82.28,90.0,84.33500000000001,90.67,78.0,False,424.784,615173,1.766586,3.230447,2026-09-05T06:13:19.825553+00:00,2026-09-05T06:20:24.614462+00:00,codex-cli 0.153.4,96b4d199b6ba6d888dc9736dffb3517e2c906043a7bb9726e3c3a476dee477e7,40e8202b69401debaa22e572c17065c25098e2431519f28e4788bbf53c321034
astra,extra-high,legacy-quotacore-binary-parity,legacy-quotacore-binary-parity-37cc2c7b,93.6395,100.0,85.15,90.0,86.835,92.67,81.0,False,340.565,323968,1.099912,1.946699,2026-09-05T05:55:03.760412+00:00,2026-09-05T06:00:44.329913+00:00,codex-cli 0.153.4,47df822a182fb9c5fc643a138edbc49ed1ac2b0c80f8c8233abfd4bdac7f6fdb,5ba10c617edaf123e6cb32a9a4b22fb4aae1266a2be11f82b9cc0ea85b707baf
astra,extra-high,legacy-reflowcore-binary-parity,legacy-reflowcore-binary-parity-19b69cb7,93.74150000000002,100.0,85.61,90.0,87.00000000000001,93.0,81.0,False,418.309,563366,1.772052,3.2367290000000004,2026-09-05T06:36:28.129680+00:00,2026-09-05T06:43:26.443515+00:00,codex-cli 0.153.4,47559c89b62ace87e9dfc3e40989c8a83c777bac4b67fce9f84ce26193189846,9968998457aedc178540c1388a8099dc1771ac114de60c959b0f3dc3082da5cd
astra,extra-high,legacy-schedcore-binary-parity,legacy-schedcore-binary-parity-1f5b6e3b,92.8485,100.0,80.99,90.0,86.0,92.33,79.67,False,504.386,908043,2.20619,4.03598,2026-09-05T06:28:03.597316+00:00,2026-09-05T06:36:27.988944+00:00,codex-cli 0.153.4,d2c6cddb84a9a4b186997f22ee080929cd41dcb3e3a2cd99fbd9e42b90926769,ad16f1172c7c3ce8d3e8d5c121d9d49d7a384718b9b8f65f34db6fad0785f580
astra,extra-high,legacy-settlecore-binary-parity,legacy-settlecore-binary-parity-a4caf8e7,92.854,100.0,87.14,85.0,85.165,91.33,79.0,False,466.062,623084,1.787256,3.225512,2026-09-05T05:04:45.783046+00:00,2026-09-05T05:12:31.850011+00:00,codex-cli 0.153.4,8604d00642cccaec80d6df517094037f81ae40d266f9d6b014a764c5cf0103c3,e62ea2c3a1baa2f14cbd38a88861fd0dda7471cfaa5c7d42e27ba597d7733e71
astra,extra-high,legacy-snapcore-binary-parity,legacy-snapcore-binary-parity-dbecc8b0,93.19800000000001,100.0,82.88,90.0,86.33,93.33,79.33,False,379.234,858969,2.087842,3.905659,2026-09-05T06:00:44.464320+00:00,2026-09-05T06:07:03.703591+00:00,codex-cli 0.153.4,b1983efd0bd80b5bab84f1671a51d9bff0d0a6f781c3ec116f3f2b76c64d8762,75caf6a7e501f7e28d2d6b0aa3974de4e3646f67cd79d7142b6738eec89b759e
astra,extra-high,legacy-stampcore-binary-parity,legacy-stampcore-binary-parity-abd57910,91.42949999999999,100.0,79.53,80.0,87.5,94.33,80.67,False,403.997,611771,1.674182,3.051889,2026-09-05T07:04:10.749030+00:00,2026-09-05T07:10:54.747599+00:00,codex-cli 0.153.4,3a049fcb7a21871c98dd977aba7aa27b66266f1b22db7293b9a5d57866c286fb,c3fd4158fdb7b4009feea76dc7fe9069d7540c2d56a9b95749daa5e3a65d2001
astra,extra-high,legacy-tallycore-binary-parity,legacy-tallycore-binary-parity-d1f795e4,92.897,100.0,81.98,90.0,85.5,92.67,78.33,False,435.712,953216,2.214248,4.123471,2026-09-05T06:43:26.590513+00:00,2026-09-05T06:50:42.306470+00:00,codex-cli 0.153.4,95020531422635dfb9459c92ed6914d6aa1b32166cff36f26474da145e11ed1e,d300b35db3544158355f0f05502c4bba1d0c20dfea3ae16c22e20ee09846c1c6
astra,extra-high,legacy-vaultcore-binary-parity,legacy-vaultcore-binary-parity-858035b5,91.5275,100.0,81.28999999999999,80.0,86.67,93.67,79.67,False,375.825,469022,1.442196,2.601767,2026-09-05T06:07:03.845463+00:00,2026-09-05T06:13:19.675915+00:00,codex-cli 0.153.4,b1ab7f8369128447d007300344b197d89043561681a29fa6a52735ccaadf6bbe,12cd212fe208952a9781ef6baada13c3d36c4e495de12bd7a8faeb15241d6011
astra,max,legacy-blendcore-binary-parity,legacy-blendcore-binary-parity-dcdbffc5,91.9855,100.0,82.35,80.0,88.165,94.33,82.0,False,714.239,814763,2.28651,4.16462,2026-09-05T10:37:37.221835+00:00,2026-09-05T10:49:31.463640+00:00,codex-cli 0.153.4,170ea152c472029e79c72435d9b3d915eb14d4405678c3d0e5b453f1424f8b2a,819b2a027b2f61388d41753c8542efc7e3163877177fc11bc42f389bb72677fa
astra,max,legacy-cellarcore-binary-parity,legacy-cellarcore-binary-parity-80963573,91.001,100.0,77.34,80.0,87.0,93.33,80.67,False,693.092,1420598,3.4640839999999997,6.400093,2026-09-05T11:42:12.919508+00:00,2026-09-05T11:53:46.017083+00:00,codex-cli 0.153.4,7ee10c833a1a737b016c7a0b1734ecdf0ae389a9612106ed21f1512636d3654f,9b7e42cd8f147feb02b89a93fcb909c98c5c34534ec1cd7ed1d40c8fadd5eb18
astra,max,legacy-codeccore-binary-parity,legacy-codeccore-binary-parity-0041db50,93.3065,100.0,82.93,90.0,86.835,93.67,80.0,False,526.333,723780,2.08096,3.7633449999999997,2026-09-05T09:10:43.662736+00:00,2026-09-05T09:19:30.001063+00:00,codex-cli 0.153.4,e8458d951fa73732975b56868a339e3f0451437a0383cb0fd5165d0b4625186e,ef1f99c9e0976ac13392c4fc5a479f044a75b679f4b54858001b20bddf2a9c61
astra,max,legacy-depotcore-binary-parity,legacy-depotcore-binary-parity-ddca93e6,90.9475,100.0,77.42999999999999,80.0,86.665,92.0,81.33,False,858.083,1571012,5.267776,9.903777,2026-09-05T11:15:13.978950+00:00,2026-09-05T11:29:32.066635+00:00,codex-cli 0.153.4,cd90dd29879a681d637ec9686f160f7007746fcff678fb0b446c3e6ae067f4b5,9ead37fa2668c3bcef194aef6720ecd14959de493d29256659d0710a082f59fa
astra,max,legacy-freightcore-binary-parity,legacy-freightcore-binary-parity-90f8da84,92.894,100.0,81.52000000000001,90.0,85.83000000000001,93.33,78.33,False,555.468,435522,1.74654,3.0751049999999998,2026-09-05T09:01:28.036398+00:00,2026-09-05T09:10:43.510325+00:00,codex-cli 0.153.4,d96ac4347a975ba86954a5e6866714dafcdbca5b02cae560424c54dbb1be25ef,ea3b665a730fff40c76c83c3ff4f437b3dc501bcfa369d0943a6bd6450e06ea2
astra,max,legacy-granarycore-binary-parity,legacy-granarycore-binary-parity-f7e3d19e,91.96950000000001,100.0,77.35,90.0,84.33500000000001,87.67,81.0,False,1035.501,4036677,7.060498,13.361896,2026-09-05T10:57:58.327716+00:00,2026-09-05T11:15:13.835333+00:00,codex-cli 0.153.4,fb779cf58d579003afa41c58653d75213770dbab5a12e2e3c9c7ffc01f2d15af,0276296f5ae35d76cb95391cca8c3154204f97b7782e79ae1982baeeee2e2088
astra,max,legacy-hedgecore-binary-parity,legacy-hedgecore-binary-parity-81e7e27e,93.0995,100.0,81.55,90.0,86.835,93.0,80.67,False,531.35,730848,2.092864,3.7893280000000003,2026-09-05T09:55:06.297541+00:00,2026-09-05T10:03:57.652374+00:00,codex-cli 0.153.4,f495f160824e5e06517fdf5ba8fc143bbc57ff2b805a2aa93d2ae575e627abee,7d34ac605a11103121e3888c19ba69ad9429b3f40808a8ae20bc494a04f4a312
astra,max,legacy-lodgecore-binary-parity,legacy-lodgecore-binary-parity-06d096e5,90.911,100.0,76.74,80.0,87.0,92.0,82.0,False,760.554,1584764,3.885936,7.196897,2026-09-05T11:29:32.209943+00:00,2026-09-05T11:42:12.770312+00:00,codex-cli 0.153.4,08f31087f3b7d759d859d5e3f7b5baed7d09f4366149176d600a7776705fc4a2,5cb781391c5550a38d01763d13539f215458397b9de7f487926cf55b0ff7b654
astra,max,legacy-matchcore-order-book-parity,legacy-matchcore-order-book-parity-5455bdbf,91.652,100.0,79.9,80.0,88.335,94.0,82.67,False,716.243,583570,1.917988,3.439826,2026-09-05T08:20:38.115234+00:00,2026-09-05T08:32:34.363264+00:00,codex-cli 0.153.4,bbae4d7182d820613cae72f66099f82e4389b9dc512c7969f386ac6af4c91af4,03a398b77ea8537d527429716f4f34795ab964dd5e3e044a2ba1862059b1a528
astra,max,legacy-metercore-binary-parity,legacy-metercore-binary-parity-255656c6,91.809,100.0,80.06,80.0,88.99999999999999,94.0,84.0,False,513.721,566437,1.68137,2.982915,2026-09-05T08:52:54.167212+00:00,2026-09-05T09:01:27.892698+00:00,codex-cli 0.153.4,360fa0e5feaca25df5e1f14f3bc7f8d2628e274ad238c23c4a08eb6d6bd65c13,fcdabd29332bd38db9f199951fb848f54e1a8cd4a2aec3a133be4808cc84be68
astra,max,legacy-pacecore-binary-parity,legacy-pacecore-binary-parity-9499e6be,93.221,100.0,82.36,90.0,86.835,93.67,80.0,False,489.769,729615,1.975046,3.5843420000000004,2026-09-05T10:29:27.304351+00:00,2026-09-05T10:37:37.078802+00:00,codex-cli 0.153.4,c5f1145e5ca52bee69e8c34f0ef1507e8e8bef86771aa4b7ea358801967c3e79,42b4d8247eafa87a918c0f764bd3f2f8ce0dad7d0d7e53027aec36638fc58f77
astra,max,legacy-paddockcore-binary-parity,legacy-paddockcore-binary-parity-f342fcec,90.135,100.0,77.34,80.0,82.67,87.67,77.66999999999999,False,819.427,1934938,4.268676,7.960552,2026-09-05T11:53:46.160062+00:00,2026-09-05T12:07:25.591696+00:00,codex-cli 0.153.4,08b1f192ee5e2097e99c4da8d3ad84aa0ea8ba3ff899470ca869350d34d0d8ff,aec0aaa3aec5c398fc66dd8d0633334efcedb5b46b5afae4d59e326b1011009f
astra,max,legacy-payrollcore-binary-parity,legacy-payrollcore-binary-parity-9b7d33fe,93.069,100.0,82.67999999999999,90.0,85.835,93.0,78.67,False,668.2,687740,2.08152,3.664865,2026-09-05T08:41:45.800603+00:00,2026-09-05T08:52:54.005886+00:00,codex-cli 0.153.4,312409c3337122df7a7243cb159c13b69678eb37e6d16701f26e4a35f96a1cdf,7287ee52a7616c26fba1103280fd67f4ad76eb770245f38cd54f32e05d435a40
astra,max,legacy-qlite-store-parity,legacy-qlite-store-parity-43e07c57,93.2365,100.0,81.13,90.0,87.835,93.0,82.67,False,551.134,479896,1.6738,2.989625,2026-09-05T08:32:34.502124+00:00,2026-09-05T08:41:45.640324+00:00,codex-cli 0.153.4,0a59351b66b9934dfd4d3737a51d8db4ee4db5c180cacf8606ba6b4237de8ba7,85c2c95cb21f0c1133870bc84d5258a0497a6b7b83881ed2401354e35dbaf767
astra,max,legacy-queuecore-binary-parity,legacy-queuecore-binary-parity-b2a61cca,92.8305,100.0,82.65,90.0,84.665,91.0,78.33,False,615.164,550495,1.916286,3.356047,2026-09-05T09:44:50.988647+00:00,2026-09-05T09:55:06.159057+00:00,codex-cli 0.153.4,812bf14438b34881e2b165475881be031244ad777eb937eca112fb03fdc42250,eff001842d8f12636bda2614161dfb8228f239748651ad310ed62535e8004ef8
astra,max,legacy-quotacore-binary-parity,legacy-quotacore-binary-parity-ad36a562,92.9205,100.0,83.47,90.0,84.5,91.33,77.66999999999999,False,469.331,374523,1.6764700000000001,3.000715,2026-09-05T09:19:30.136877+00:00,2026-09-05T09:27:19.471918+00:00,codex-cli 0.153.4,0739a23ce68e8ac3f13105a8d2d0be6c6f85e832d271093cf5936e7639f169fb,ff96ef7b2d795a4a78f5000cbe09baadbbc12510149396b669dcccce92aac817
astra,max,legacy-reflowcore-binary-parity,legacy-reflowcore-binary-parity-38d199a8,92.00500000000001,100.0,83.14,80.0,87.67,93.67,81.67,False,440.078,607820,1.7421440000000001,3.157363,2026-09-05T10:13:37.088216+00:00,2026-09-05T10:20:57.172317+00:00,codex-cli 0.153.4,e26cc789a0c42ff08ea1adaf325b801d3a2344bf347d34e42784bf681d431332,c5a0ecc1911fa85b5ab0dea59bf9609d30604e26c28d1c52dae349129cf87c84
astra,max,legacy-schedcore-binary-parity,legacy-schedcore-binary-parity-ac7628bb,93.0465,100.0,82.09,90.0,86.165,92.0,80.33,False,579.129,527754,1.8594439999999999,3.271838,2026-09-05T10:03:57.805795+00:00,2026-09-05T10:13:36.939228+00:00,codex-cli 0.153.4,1a6387623256134dbce41aec6f396c8e2ff17525476671d6ee8e325d7b83a7d5,70df6c7bf9424af361fd4c4e8d24b87da7aac38cc2686d527118da704a3c0cd4
astra,max,legacy-settlecore-binary-parity,legacy-settlecore-binary-parity-eee93041,90.515,100.0,79.32000000000001,75.0,86.835,93.0,80.67,False,582.829,592728,2.163976,3.8885769999999997,2026-09-05T08:10:55.145878+00:00,2026-09-05T08:20:37.979241+00:00,codex-cli 0.153.4,3ec8a48333be832d51b1897d0d804169052dd3a737b29a207e7fea28dee33e75,ee54884d7f0df526eab39492c2e2a990fa2dd01187470a949d0cc939286110ee
astra,max,legacy-snapcore-binary-parity,legacy-snapcore-binary-parity-1d0753ed,93.361,100.0,81.52000000000001,90.0,88.165,94.33,82.0,False,607.775,889329,2.513586,4.570647,2026-09-05T09:27:19.626970+00:00,2026-09-05T09:37:27.407090+00:00,codex-cli 0.153.4,4d34d73a1c7a1289f54edd9911f733380576e7eadaa39ea3216d6912529dad2c,5a478142b439b02ebc199f41418e9c6263358d4b4791fdbce8f128dc4929f22d
astra,max,legacy-stampcore-binary-parity,legacy-stampcore-binary-parity-dbbef60e,93.321,100.0,83.7,90.0,86.33,92.33,80.33,False,506.587,673836,1.975584,3.5669429999999998,2026-09-05T10:49:31.596174+00:00,2026-09-05T10:57:58.187820+00:00,codex-cli 0.153.4,a8a63227124029f3533069a712ac36a558779389ba9b3717f96c88a096b575ee,84578f79af61772ec6c5a1092631b8eff578871ab2af3fb923dbc9210f9d6efe
astra,max,legacy-tallycore-binary-parity,legacy-tallycore-binary-parity-951a0928,93.0445,100.0,81.63,90.0,86.5,92.67,80.33,False,509.837,831768,2.144864,3.919178,2026-09-05T10:20:57.323823+00:00,2026-09-05T10:29:27.165300+00:00,codex-cli 0.153.4,f49a6c7fc3274fd88ef921ce0ab5bcb1cea19ba2381ff164eea87c16034792d7,998b5f75b0d2cd9a30f4757d89cc53fcedebc0c8d2131488921c1b23f682c7d3
astra,max,legacy-vaultcore-binary-parity,legacy-vaultcore-binary-parity-03b520c5,91.54299999999999,100.0,81.84,80.0,86.33500000000001,93.0,79.67,False,443.301,498990,1.591028,2.854031,2026-09-05T09:37:27.553718+00:00,2026-09-05T09:44:50.859420+00:00,codex-cli 0.153.4,ab4850338379bf7dbafd2d6599ee0704b51b255ef6d747669219058428869ef7,1728defb825bdd0c6f083b98dca356c604adf576f7ac5b4057215d25ca5d3cd9
fable,low,legacy-blendcore-binary-parity,legacy-blendcore-binary-parity-8c394a8f,94.439,100.0,82.69999999999999,100.0,85.16999999999999,90.67,79.67,False,425.5,585690,2.1261810000000003,,2026-09-03T07:02:37.537342+00:00,2026-09-03T07:09:43.040397+00:00,2.1.259 (Claude Code),17059c60f93e7cc60ed2709565ee6bc947577b4f9cc4958ee2fed7d7d540ce46,cac5981ca2b988568b74cfdea35ef72df21f89d2bdc2d139fcbf63bce7df4e1a
fable,low,legacy-cellarcore-binary-parity,legacy-cellarcore-binary-parity-e7e656c2,93.734,100.0,77.34,100.0,85.66499999999999,89.33,82.0,False,4535.52,10454935,17.514192,,2026-09-03T11:53:58.994344+00:00,2026-09-03T13:09:34.525638+00:00,2.1.259 (Claude Code),f7b58905b4f522e0492990e25a953c7a0b871dcab02d6ea7b7eb615c5af00ffc,5fa33f440debdf9e5384bd2439171af1a67f0fbfb52bd7b84394c7251f612d45
fable,low,legacy-codeccore-binary-parity,legacy-codeccore-binary-parity-363f3155,75.249,70.0,83.22,100.0,63.83000000000001,69.33,58.330000000000005,False,804.206,1479260,3.998179,,2026-09-03T04:47:31.921665+00:00,2026-09-03T05:00:56.132606+00:00,2.1.259 (Claude Code),7895bdb242b2b7df55c33559552879cf7d592573ecf9a77cb58e66c2e6baa9b4,bed7263a193b5079fecc88ebfa57fc69bc380a258afc36e46db0b7315e5479c0
fable,low,legacy-depotcore-binary-parity,legacy-depotcore-binary-parity-3a749234,92.49149999999999,100.0,76.83,100.0,79.835,83.67,76.0,False,7965.282,36967983,45.84916425,,2026-09-03T09:06:23.473276+00:00,2026-09-03T11:19:08.779935+00:00,2.1.259 (Claude Code),a7d2add4c59a539b926b3ffcf768a10d48fa1a2dde5450af85159a1d2c7c93e0,256d444cddb2ada4e7be41c9db8f5e5b338cce7bc0ef0133524071f7eae61df2
fable,low,legacy-freightcore-binary-parity,legacy-freightcore-binary-parity-7fb92ccb,93.9525,100.0,84.35000000000001,100.0,81.5,89.33,73.67,False,911.381,1714769,5.88218325,,2026-09-03T04:32:20.406889+00:00,2026-09-03T04:47:31.793958+00:00,2.1.259 (Claude Code),216fa4a1bdac6bbf68b621c9f5c088a8233d369c37ff4b8639ef874e40f43e79,1d2319d232cf22ca20471978b7a8fe5de4fb445605ed606338f1998b5bdcd042
fable,low,legacy-granarycore-binary-parity,legacy-granarycore-binary-parity-e59660a8,78.549,85.71,78.96,85.0,55.49999999999999,65.33,45.67,True,6743.688,19875699,31.892919,,2026-09-03T07:13:59.634136+00:00,2026-09-03T09:06:23.336632+00:00,2.1.259 (Claude Code),7712d0606b7cad2a9107eee74733862aa1d171b48d8fba6b33c5b0d807b73669,33a31bf63ba7562023e057b8aa8ddd094794c7da43634615417afdb4cef2a4fa
fable,low,legacy-hedgecore-binary-parity,legacy-hedgecore-binary-parity-f04d863b,95.122,100.0,83.91999999999999,100.0,87.67,91.67,83.67,False,1053.964,1653781,5.644126,,2026-09-03T05:58:55.191562+00:00,2026-09-03T06:16:29.161644+00:00,2.1.259 (Claude Code),ddc563088349373e80fd1d3b1616d5a20135f957f09fc6834ac4c72aef49f1aa,28324682e80b9322097582817042fcd402a6599dbde7da7328576191932f0a0d
fable,low,legacy-lodgecore-binary-parity,legacy-lodgecore-binary-parity-93fa5259,92.5965,100.0,75.31,100.0,81.5,88.33,74.67,False,2089.923,4058103,10.844601749999999,,2026-09-03T11:19:08.925122+00:00,2026-09-03T11:53:58.854470+00:00,2.1.259 (Claude Code),3fac3e68d8089e25ab0d3efb686c0f05c08040b46086f4ca50b0240f334bc849,79d121100e836905b41fbbee9b0cfacc6e1b7c9beff8f502759a748bc781baaf
fable,low,legacy-matchcore-order-book-parity,legacy-matchcore-order-book-parity-de1307fe,93.93599999999999,100.0,87.02,95.0,83.165,85.33,81.0,False,910.015,1842805,4.39778675,,2026-09-03T02:57:08.474853+00:00,2026-09-03T03:12:18.497048+00:00,2.1.259 (Claude Code),67dc5c013eebf2087f5f58d7e61c4ab6f6918347c08071e60685154e3e799e74,26f7e056e594f4e31c911f51e0e6dbc9d4d1ef2abebba3b10f6ab747ca4742a6
fable,low,legacy-metercore-binary-parity,legacy-metercore-binary-parity-49000e6d,94.917,100.0,84.78,100.0,86.0,90.67,81.33,False,693.431,1121527,2.71887475,,2026-09-03T03:35:26.595413+00:00,2026-09-03T03:47:00.030007+00:00,2.1.259 (Claude Code),08bed4ba099ed101c7dbfe1bec2a71aa0b0f3839256b529805838e28e4c2dffa,625037a2372dbac29dc301440310c917cf54621faa911d4ef2e018d9ea2afcdd
fable,low,legacy-pacecore-binary-parity,legacy-pacecore-binary-parity-53989899,94.685,100.0,83.67999999999999,100.0,85.665,90.33,81.0,False,413.327,633708,2.1910705000000004,,2026-09-03T06:55:44.078697+00:00,2026-09-03T07:02:37.408955+00:00,2.1.259 (Claude Code),b95206d0ca028390633126c6c7f25ce1cc1bac12c28037fec53912f30d14b684,b372cfd53e8c707b8ae6286d5396d59f88949c1b3351fcd2a6229d4d00214ec6
fable,low,legacy-paddockcore-binary-parity,legacy-paddockcore-binary-parity-2e141d56,92.312,100.0,74.52,100.0,80.67,84.67,76.67,False,2274.113,7916410,11.9687315,,2026-09-03T15:53:12.871163+00:00,2026-09-03T16:31:06.992076+00:00,2.1.259 (Claude Code),720b1df34f8d558eea3bcec6c19a0a755d14939a65e662bc18b4e8c731506985,04c7ea7aa2f8a760bddafb78a81941c427a40546783cc14b1e33ca4ab9bd7439
fable,low,legacy-payrollcore-binary-parity,legacy-payrollcore-binary-parity-d14523a1,94.71350000000001,100.0,81.65,100.0,87.33,91.33,83.33,False,771.339,2136938,4.563269,,2026-09-03T03:22:35.116363+00:00,2026-09-03T03:35:26.461350+00:00,2.1.259 (Claude Code),c42f7314bf80527790b31eda4df91de57eff35ec7f95b59eeecb30199f341076,2c5485b20070084bfb28b08f746b524eaaefd758fa7f17107b020cef259e8b3e
fable,low,legacy-qlite-store-parity,legacy-qlite-store-parity-2467024c,88.94,100.0,84.38,65.0,82.665,83.33,82.0,False,616.34,747796,2.7302897500000003,,2026-09-03T03:12:18.643722+00:00,2026-09-03T03:22:34.987829+00:00,2.1.259 (Claude Code),eafaa04c057304ef630ebd40519db9ecdde399713072ef5823be4562fbebce1e,976c432244a0e47520c7094eeb530351546321252e2a6be7b495957a83ba1f63
fable,low,legacy-queuecore-binary-parity,legacy-queuecore-binary-parity-7c722765,77.752,75.0,81.89999999999999,100.0,64.835,72.0,57.67,False,1218.772,1349955,4.97031325,,2026-09-03T05:38:36.288947+00:00,2026-09-03T05:58:55.065774+00:00,2.1.259 (Claude Code),52e983e1ad74d2062c9b6b6b652aba2b18a75dd2d2f9d277e2ecff22e272f955,fed326d3a18b2ce73f640d76e56e07f14cfad03b3b09a027510cd51f58b9786f
fable,low,legacy-quotacore-binary-parity,legacy-quotacore-binary-parity-fabaf15d,91.202,100.0,88.46000000000001,70.0,87.165,90.33,84.0,False,919.246,777383,2.85549625,,2026-09-03T05:00:56.260454+00:00,2026-09-03T05:16:15.510473+00:00,2.1.259 (Claude Code),4b8228e8d390f4c8a30bb0aa4edd889d6ebf08beeba2b17c9099643b392646e2,b5cb05579ed88e120ed442e8d2115841cc53a39a22eb31b2b67c3aadebe08577
fable,low,legacy-reflowcore-binary-parity,legacy-reflowcore-binary-parity-08828d94,95.20200000000001,100.0,90.68,100.0,83.0,88.67,77.33,False,652.249,927287,3.044991,,2026-09-03T06:27:19.661103+00:00,2026-09-03T06:38:11.914174+00:00,2.1.259 (Claude Code),a169f6e26c5b815906e4ef6eaa9d02765b1a3dd33f3e9c2ff56e90822e101ee9,2e7e1958430a1fb0c869bbadacdf57b16e565cc34864e09d6e4567201388643c
fable,low,legacy-schedcore-binary-parity,legacy-schedcore-binary-parity-cfd3f7c5,94.7255,100.0,81.95,100.0,87.165,91.33,83.0,False,650.248,835590,2.9037824999999997,,2026-09-03T06:16:29.287030+00:00,2026-09-03T06:27:19.539651+00:00,2.1.259 (Claude Code),f5bbc42764cc5c06fc7e0ed45cae23f7bba693ef16b25478d8247a07bcf98555,829c017d2aa31534226b343fd84277947e42d52703a708e135db409d6a3f720e
fable,low,legacy-settlecore-binary-parity,legacy-settlecore-binary-parity-62323e23,80.9305,80.0,80.87,100.0,69.0,77.0,61.0,False,820.754,1587637,4.28181325,,2026-09-03T02:43:27.583125+00:00,2026-09-03T02:57:08.344491+00:00,2.1.259 (Claude Code),992b03f0f86c7961084fd0955aa870ca128e713e4a04cbf655fc8839ca28d99e,787608cca909948d46883026b725795beea92865443bac128d44270cd48ca9b7
fable,low,legacy-snapcore-binary-parity,legacy-snapcore-binary-parity-2d91fdec,94.877,100.0,84.96000000000001,100.0,85.665,91.0,80.33,False,838.783,1267526,3.764498,,2026-09-03T05:16:15.632486+00:00,2026-09-03T05:30:14.419034+00:00,2.1.259 (Claude Code),86bd08f8bc671262267a0d60729eb0f23a1b413fa2ad1fe93357459781c98d27,aeaa7f43559d7e5ab950f75c5333aec07e1ff90612ac4e7decbb099f228b1921
fable,low,legacy-stampcore-binary-parity,legacy-stampcore-binary-parity-46f1d860,94.69800000000001,100.0,83.32000000000001,100.0,86.0,90.67,81.33,False,256.334,477787,1.8450417499999998,,2026-09-03T07:09:43.171602+00:00,2026-09-03T07:13:59.509165+00:00,2.1.259 (Claude Code),4d7548f0900c63fc3202d5ce8450b56154273bcdd9856885b038837b2b7b643d,18581359020799d307de5c74fae5e4ab24b8b9724cc22d1397c01024d266bdee
fable,low,legacy-tallycore-binary-parity,legacy-tallycore-binary-parity-f9bd6317,94.186,100.0,83.24000000000001,100.0,83.5,90.67,76.33,False,1051.913,1717253,4.66053225,,2026-09-03T06:38:12.040116+00:00,2026-09-03T06:55:43.958290+00:00,2.1.259 (Claude Code),45abf5b929623f68b62207cbdccfc86e5f02549d250c9d071075827e37a5cf62,83dece7b3a57172d90018de14bb71dd7a3b7e89116ce99b82bbc6f101ebe4010
fable,low,legacy-vaultcore-binary-parity,legacy-vaultcore-binary-parity-cb8acce2,94.625,100.0,85.5,100.0,84.00000000000001,91.0,77.0,False,501.6,703812,2.51750375,,2026-09-03T05:30:14.551518+00:00,2026-09-03T05:38:36.155359+00:00,2.1.259 (Claude Code),eaf8f7217630a18746bd1ad3fadc14f8e377976f9672996be52c12a62da3435c,e3909e18311b5dc6fb7b438144b6a99e67487abccce7d5c20c7a926e031b3235
fable,medium,legacy-blendcore-binary-parity,legacy-blendcore-binary-parity-39096572,91.9285,100.0,89.19,75.0,86.5,89.33,83.67,False,1051.219,1708032,4.62457975,,2026-09-04T02:48:03.986064+00:00,2026-09-04T03:05:35.210647+00:00,2.1.260 (Claude Code),773ba3c3c875dfb3bc6e0f1601f3a2dec83b030afcd89ea4a729d9892e3ced5b,3dbb730e189060e0d33362157990cfc953009c1f19925fd2942bcbe59f6d7788
fable,medium,legacy-cellarcore-binary-parity,legacy-cellarcore-binary-parity-886256a8,93.34649999999999,100.0,76.53,100.0,84.33500000000001,89.0,79.67,False,1339.223,3043906,9.006976,,2026-09-04T09:47:39.351827+00:00,2026-09-04T10:09:58.583206+00:00,2.1.260 (Claude Code),f45575c99e57f42402057e4bdce70039c9f5ed93f54e3f67821fc703dfddf913,ced4b773cceb0e3dd6035d45a79e415ec6ff42eecafc410e516d31f7533ff7dc
fable,medium,legacy-codeccore-binary-parity,legacy-codeccore-binary-parity-76caa619,92.5895,100.0,83.93,90.0,82.5,89.0,76.0,False,962.534,2225418,4.1189842500000005,,2026-09-03T22:18:50.115331+00:00,2026-09-03T22:34:52.656249+00:00,2.1.259 (Claude Code),967151b63bb733a5b56f2bc1049529caea4063b01cf5871079eb82e0d460a205,878670432cd34f6e41c2705e7eb97ad8f94499b109384d198ea0696d94100dd4
fable,medium,legacy-depotcore-binary-parity,legacy-depotcore-binary-parity-e3803e0a,82.5345,85.71,76.75,100.0,65.835,72.67,59.0,True,10023.073,60089044,55.316139750000005,,2026-09-04T06:15:12.953110+00:00,2026-09-04T09:02:16.050989+00:00,2.1.260 (Claude Code),dc9f788602bde27c597097a96439ff52131ecb66b37d9ad2599169a5929d3496,65d1b1f22f8b3c6f9016913d9ad1fa169f1d49698e9c0a274026950987b599c7
fable,medium,legacy-freightcore-binary-parity,legacy-freightcore-binary-parity-2fc46197,95.1155,100.0,82.99,100.0,88.335,91.67,85.0,False,767.734,1458594,4.123227,,2026-09-03T22:06:02.248868+00:00,2026-09-03T22:18:49.989361+00:00,2.1.259 (Claude Code),d8ffa024e6e2bbf4f3abb3bbf8d6fa04376b7a30539b6608e8bfaaff1e1ffe35,0c0e80f8fe5ce492dc12e53c24f73ade636ce89b32c184d26c8e8891d7d06d4c
fable,medium,legacy-granarycore-binary-parity,legacy-granarycore-binary-parity-8f909cd4,77.37049999999999,78.57,81.35,95.0,58.165,68.33,48.0,True,10508.787,52811752,39.4079325,,2026-09-04T03:20:04.002454+00:00,2026-09-04T06:15:12.802830+00:00,2.1.260 (Claude Code),c0d9a60e0fbb39a9965a45e941f58888ebdfc1cc748f35b952560621675b4e7d,656c40dec6efe871052332a9775ccb8a14d94c407a8f249ac8d20102cf2151dc
fable,medium,legacy-hedgecore-binary-parity,legacy-hedgecore-binary-parity-2c5123bb,94.8265,100.0,83.50999999999999,100.0,86.5,91.0,82.0,False,1399.318,2799830,7.769185,,2026-09-04T00:49:43.590916+00:00,2026-09-04T01:13:02.916110+00:00,2.1.260 (Claude Code),3516b530792b3a3c167a222a638f3a1531abd45387ec0a268e835b81142be4f8,4e4b53f941c5413659f8beed386d2b404d39354f427e6d287f168ed19ccf8889
fable,medium,legacy-lodgecore-binary-parity,legacy-lodgecore-binary-parity-120a6c16,94.6805,100.0,86.09,100.0,83.835,90.67,77.0,False,2722.986,7635609,16.30045625,,2026-09-04T09:02:16.191670+00:00,2026-09-04T09:47:39.191022+00:00,2.1.260 (Claude Code),cc3f941fb57d0ded1d636c6f1e789c0994d843e947f6fb5f363be4422f153b9b,502ab87da400d181de977f64dbcaea72a4279dd2e6ae13d6a8a2e3598bf76da9
fable,medium,legacy-matchcore-order-book-parity,legacy-matchcore-order-book-parity-dd2fd85d,95.171,100.0,81.14,100.0,90.0,93.33,86.67,False,758.185,1044431,3.87001625,,2026-09-03T16:51:09.596433+00:00,2026-09-03T17:03:47.787866+00:00,2.1.259 (Claude Code),f41aa0865e01ef2a7b76258ef6226b3691f751b5f93e33848b53d04003238c1e,6f942712c7a27ffb7f0fd15a896d22785fd8c6e808648fb4a41e8720df47b504
fable,medium,legacy-metercore-binary-parity,legacy-metercore-binary-parity-274479f4,94.7085,100.0,83.39,100.0,86.0,91.33,80.67,False,390.665,435845,1.4739434999999999,,2026-09-03T21:59:31.437332+00:00,2026-09-03T22:06:02.106391+00:00,2.1.259 (Claude Code),3b8e886ded11365e50cbd5cb738d7e23c29d879102bd883bf90cf0a66ced0165,5ba57ceb41de56b4cd86349c3c12fd092ad115b4e0a1b648fd71d758ddd5ebc6
fable,medium,legacy-pacecore-binary-parity,legacy-pacecore-binary-parity-b1e6fdaa,94.43,100.0,82.19999999999999,100.0,85.5,89.0,82.0,False,368.127,578791,2.13796125,,2026-09-04T02:41:55.722630+00:00,2026-09-04T02:48:03.854954+00:00,2.1.260 (Claude Code),4e74b017aeb670ab60877b2eed7f700ebe05522c1936f3475189d1ccc839fa2d,1834c1e0e53dd6afccb00182bba2dd882bd1894b54bdb726452f9e422031a85f
fable,medium,legacy-paddockcore-binary-parity,legacy-paddockcore-binary-parity-c255bc7d,91.6725,100.0,72.71,100.0,78.83,85.33,72.33000000000001,False,1216.168,4890328,9.6368845,,2026-09-04T10:09:58.729397+00:00,2026-09-04T10:30:14.903416+00:00,2.1.260 (Claude Code),9751c8db648d04815458f5acd82b32729dbdaad5ed6008739cdb6d4a35157b2c,7a8190ee9b73124c521152caa348972124d9929274cd24001931186fc1c8646e
fable,medium,legacy-payrollcore-binary-parity,legacy-payrollcore-binary-parity-c22b6450,89.929,100.0,82.42,70.0,85.33,87.33,83.33,False,338.652,459268,1.6016537499999999,,2026-09-03T21:53:52.652471+00:00,2026-09-03T21:59:31.307812+00:00,2.1.259 (Claude Code),4771d311e3d1747849374605cd27f1783a653cf207d56d81c35fc350a4f03dcf,1437cba2636e352901339ea8086d8de62d79bf24714cfd7a08b1896574d8ad28
fable,medium,legacy-qlite-store-parity,legacy-qlite-store-parity-b9717872,85.118,100.0,82.34,40.0,83.835,82.0,85.67,False,677.563,1181192,3.6836367500000002,,2026-09-03T17:03:47.927737+00:00,2026-09-03T17:15:05.497907+00:00,2.1.259 (Claude Code),863161f5f05ea1615588d8b00c0ec96b38e0a48274666285b91852bd00878a1f,1f0ec67af8168707f86f5df8425a935fcb36fba456ba7a55e81045efe4841dbe
fable,medium,legacy-queuecore-binary-parity,legacy-queuecore-binary-parity-6b2308b5,94.925,100.0,83.28,100.0,87.165,92.33,82.0,False,1679.384,1193954,3.8753975,,2026-09-03T23:21:38.629358+00:00,2026-09-03T23:49:38.019169+00:00,2.1.259 (Claude Code),1a0e4c161cee3749a8ced46f20cb08f03386624374e620d9e5668222a662154f,664a95f54599391dffccfb4b21bc09234940698e56f0be21df4cfabe54659a76
fable,medium,legacy-quotacore-binary-parity,legacy-quotacore-binary-parity-1fa5ac46,95.084,100.0,84.34,100.0,87.165,91.0,83.33,False,1179.026,2179129,4.38013175,,2026-09-03T22:34:52.785709+00:00,2026-09-03T22:54:31.817199+00:00,2.1.259 (Claude Code),33c616cd4df7c02e468a59cf2feec5176f6be6b27c241fdcbe92b44afe80700b,773cc53d92e97bfda0eb99d7f3b8824d97f9cb61489397d3bf79762c9d32b9f9
fable,medium,legacy-reflowcore-binary-parity,legacy-reflowcore-binary-parity-3b05d555,94.72500000000001,100.0,85.5,100.0,84.5,89.33,79.67,False,995.413,1806938,5.4391815,,2026-09-04T01:39:45.625412+00:00,2026-09-04T01:56:21.043796+00:00,2.1.260 (Claude Code),227ede1a99510f46baf4691d6df86321f3e910e3e81e359a84b79716d61bf528,519c3ab3dd70580404b3d389343b601eae21bae495c17a104f7361fa53a93c82
fable,medium,legacy-schedcore-binary-parity,legacy-schedcore-binary-parity-d0965306,93.47500000000001,100.0,86.5,90.0,85.00000000000001,88.67,81.33,False,1602.413,2546571,6.9384014999999994,,2026-09-04T01:13:03.063159+00:00,2026-09-04T01:39:45.485114+00:00,2.1.260 (Claude Code),9531272594a730457584867627b42cd30ac0cf14de46ec59e5fc6ea164f678e3,ba00e9b4e798f6d214a50b1dd80ba8720e0d386d7774eb2c524d4a1e73acb744
fable,medium,legacy-settlecore-binary-parity,legacy-settlecore-binary-parity-0c29c6d3,80.453,80.0,81.02000000000001,100.0,66.5,77.0,56.00000000000001,False,1196.774,2114794,6.3553235,,2026-09-03T16:31:12.669560+00:00,2026-09-03T16:51:09.452086+00:00,2.1.259 (Claude Code),ffaeb03f5b3ec9fbe9c1fff08eab59d2765f473297b76e599476479649c8df42,78541388c7d1a4c40be26829c9f5d5f52fa0f0b2e0b2ac97dd61e5c69c68c9da
fable,medium,legacy-snapcore-binary-parity,legacy-snapcore-binary-parity-cfdb8fec,95.23049999999999,100.0,84.87,100.0,87.5,91.33,83.67,False,897.466,1779229,3.6887495,,2026-09-03T22:54:31.965034+00:00,2026-09-03T23:09:29.440046+00:00,2.1.259 (Claude Code),14bbcf5760a3b1be61f530f03a89e3b8767c44d5b2ca895e2f28472169b96bef,8a073a3f873a456660bdbc1c8b61f294482df252d0ad0ce0ea403cc74e7b249f
fable,medium,legacy-stampcore-binary-parity,legacy-stampcore-binary-parity-0904b83c,94.88,100.0,90.64,95.0,85.17,89.67,80.67,True,868.527,1484614,3.4451509999999996,,2026-09-04T03:05:35.335035+00:00,2026-09-04T03:20:03.868262+00:00,2.1.260 (Claude Code),dfb6562ae97ef093768aa060c42c84491dc1705bfeb71797fc2d4e52503345c4,c60b07fb5612ba9d09f7baf77a9c12efa097cb0add9d47edf2db88f591647cf0
fable,medium,legacy-tallycore-binary-parity,legacy-tallycore-binary-parity-f7f71191,94.611,100.0,84.52,100.0,84.665,91.0,78.33,False,2103.223,6126142,11.3553385,,2026-09-04T02:06:52.355227+00:00,2026-09-04T02:41:55.587481+00:00,2.1.260 (Claude Code),bb3decc7f84357ea1ab6f5b28d8451ec029c6e66db40c8057bbd8f15e0021a8c,65882bcaa3cf67aed98a8ba9f4629b1506694930350107618fb66d5eb95af636
fable,medium,legacy-vaultcore-binary-parity,legacy-vaultcore-binary-parity-e86cdae0,89.096,100.0,90.2,60.0,82.83,89.33,76.33,False,728.888,766689,2.728971,,2026-09-03T23:09:29.590096+00:00,2026-09-03T23:21:38.485546+00:00,2.1.259 (Claude Code),118efe4476be591d8b85b5b2c15779d3d848fe2706d56d2006cb234b80514b74,42dbdea25b3388ec74e44ac6ffb455a062bd660da6b43422400e0e5bfe754f53
fable,high,legacy-blendcore-binary-parity,legacy-blendcore-binary-parity-dd79ab00,94.9195,100.0,84.13000000000001,100.0,86.5,91.67,81.33,False,697.556,662060,3.0964957500000003,,2026-09-04T14:55:16.115041+00:00,2026-09-04T15:06:53.677002+00:00,2.1.260 (Claude Code),550cee90ab25542da7b86fa5f196166291e37669669a1f86119b3d919e28658b,b7ee675eb7c6e00fe5d3fc097ee7aa75149cd39ee7fa68d1fa927551c902e3cf
fable,high,legacy-cellarcore-binary-parity,legacy-cellarcore-binary-parity-28505d33,87.69449999999999,92.86,75.99000000000001,100.0,74.33000000000001,82.33,66.33,False,1573.21,2436974,8.712068,,2026-09-04T21:01:33.214244+00:00,2026-09-04T21:27:46.433157+00:00,2.1.260 (Claude Code),6d0ad8b205d721aa90de24246bdd96d575c3a2085997a1b26e45b866827b34e9,5e1cadf718badee2461a33053502684ba8cc3cb8ce9b8a83703c956ae6c100ea
fable,high,legacy-codeccore-binary-parity,legacy-codeccore-binary-parity-f90dddaa,95.03699999999999,100.0,83.36,100.0,87.66499999999999,91.33,84.0,False,796.892,2053173,5.36581025,,2026-09-04T11:34:51.989888+00:00,2026-09-04T11:48:08.890579+00:00,2.1.260 (Claude Code),571e4f0c7a1f862fae4ebd0dec498b4c1a3abb2343e7bef6c9d2f55befb5f467,a0a63c4d7d44bf79414113097f6b4d165f02fe8afc3a190e2ceaaa3c4b2fdc90
fable,high,legacy-depotcore-binary-parity,legacy-depotcore-binary-parity-fa820731,86.7535,100.0,78.91,55.00000000000001,83.33500000000001,84.0,82.67,False,2447.066,8164786,16.53358725,,2026-09-04T18:23:06.493798+00:00,2026-09-04T19:03:53.573229+00:00,2.1.260 (Claude Code),5832bb673bc2941221e968e7f45417038081d81c5c305edad70d2460063c26ac,f4e05b414f3406b2cf7373ea184238e2b984a089fbe9e5bbc9399f04b2cd8114
fable,high,legacy-freightcore-binary-parity,legacy-freightcore-binary-parity-afddac06,95.05749999999999,100.0,83.05,100.0,88.0,92.67,83.33,False,305.348,403806,1.8901882499999998,,2026-09-04T11:29:46.502990+00:00,2026-09-04T11:34:51.855640+00:00,2.1.260 (Claude Code),a90633210f0b300b55c1ec4a73c090286c4b3efae051843ac2b2497a184768a3,0d8f92e557476369d2e8304e18f99b5cbddbbbd6b7a46fbf9eac3f49a7d77f7a
fable,high,legacy-granarycore-binary-parity,legacy-granarycore-binary-parity-d6236695,92.2235,100.0,69.49,100.0,84.0,86.33,81.67,False,3549.256,8036432,18.079101,,2026-09-04T17:23:57.078014+00:00,2026-09-04T18:23:06.351743+00:00,2.1.260 (Claude Code),446ad35a9e96447be7cd5153228eabc0a1ece8747e5b7d6add908275c5bd3698,97da3f9612839153906cc8fab038416f8148ff7d8c76ba4564a17cb4cfbc3f8a
fable,high,legacy-hedgecore-binary-parity,legacy-hedgecore-binary-parity-b68fbea8,87.92699999999999,100.0,84.39999999999999,50.0,88.835,92.0,85.67,False,1510.308,2627937,8.08336875,,2026-09-04T13:09:44.707296+00:00,2026-09-04T13:34:55.022805+00:00,2.1.260 (Claude Code),f705f4183e78197240cd2dfb9d99db34a831919709cf558f2d0053c4bd4b70c1,6896d85f6f77c9a7079796e64eb0e40c3fb2a728444b7de6d0bdaac9eede1c41
fable,high,legacy-lodgecore-binary-parity,legacy-lodgecore-binary-parity-9a6ad86c,85.82499999999999,91.67,87.16000000000001,85.0,70.83,78.33,63.33,True,7059.332,40378924,40.2475325,,2026-09-04T19:03:53.708854+00:00,2026-09-04T21:01:33.065071+00:00,2.1.260 (Claude Code),cfe32e984070b91b54a556a0afa06a11a039ae84083d45d797e786e74ea527d0,2ff5ec2454a7b583a8ef08635c6a2d7db9aae47c46548b84168d9f477db5d534
fable,high,legacy-matchcore-order-book-parity,legacy-matchcore-order-book-parity-f30f4f04,94.8555,100.0,80.15,100.0,89.165,92.0,86.33,False,521.254,849677,4.0584437499999995,,2026-09-04T10:47:58.395444+00:00,2026-09-04T10:56:39.654594+00:00,2.1.260 (Claude Code),bd4af1bc993d16b90f0575f0905f203c67a33350f1ada9afdaf482a9d2ca2b64,32a49c1d231af9fae29cbf798c335f64c680fe440d5a6c0cee919dec4a4e9b0b
fable,high,legacy-metercore-binary-parity,legacy-metercore-binary-parity-121ec3b6,95.2945,100.0,84.85000000000001,100.0,87.835,91.67,84.0,False,607.503,801497,3.58005825,,2026-09-04T11:19:38.871760+00:00,2026-09-04T11:29:46.380464+00:00,2.1.260 (Claude Code),6fa8b1e77f6a27bb1d362b11ba7453e34fe49f548d574c00cc29d1517f96e61f,cfa264a19e7cc13de1df8fa24c52373eefb696b480ef77efe267d6199bf8145b
fable,high,legacy-pacecore-binary-parity,legacy-pacecore-binary-parity-31f5f8e6,95.00999999999999,100.0,83.39999999999999,100.0,87.5,90.33,84.67,False,1505.873,2497339,8.1779195,,2026-09-04T14:30:10.111714+00:00,2026-09-04T14:55:15.991859+00:00,2.1.260 (Claude Code),14e4bb5515930549804d48d23426f0d844c07210d974969b879c2ac94bcd038d,6b4fc80832ced09a7e6d7bd2311a98feea584eb10ac5b6cf7a29b7d325b9334b
fable,high,legacy-paddockcore-binary-parity,legacy-paddockcore-binary-parity-fde98343,92.5345,100.0,76.44999999999999,100.0,80.33500000000001,84.67,76.0,True,7958.244,40165461,47.172853,,2026-09-04T21:27:46.562550+00:00,2026-09-04T23:40:24.827053+00:00,2.1.260 (Claude Code),e14eb2ea5000427e317a569d30dcb9e102fb4f695bcf301d6f25a8fda528f42b,9a6a373c5157239ed4434c5f6e3eef0f29ff7f028d5c0459213397a85630b734
fable,high,legacy-payrollcore-binary-parity,legacy-payrollcore-binary-parity-067707da,87.8735,100.0,81.27,55.00000000000001,87.165,89.0,85.33,False,481.645,794961,3.15211925,,2026-09-04T11:11:37.085126+00:00,2026-09-04T11:19:38.736889+00:00,2.1.260 (Claude Code),cee43c39202a466af96143d8e4239c8b840aedf5aa292777b71042a96d35d448,28b9086e5970ede9997f39898dc9c209d77d1f0d6fb3bbcb412e585692b15178
fable,high,legacy-qlite-store-parity,legacy-qlite-store-parity-b4475f4c,95.01899999999999,100.0,83.46000000000001,100.0,87.5,90.0,85.0,False,897.155,1213960,5.373403000000001,,2026-09-04T10:56:39.787186+00:00,2026-09-04T11:11:36.947884+00:00,2.1.260 (Claude Code),dab6f0636d3b3aad1edbf099a1e099c75fd10e48a246792a16a6af32b03213b6,5e7dc0c009dae45e602db6f135e3b55e06b3c03f824b35810e3bc745a3216e05
fable,high,legacy-queuecore-binary-parity,legacy-queuecore-binary-parity-43a0950b,90.133,100.0,87.0,75.0,79.16499999999999,83.33,75.0,False,1641.547,2959641,7.513034,,2026-09-04T12:42:23.008056+00:00,2026-09-04T13:09:44.563859+00:00,2.1.260 (Claude Code),49fe3749986e2c866d205e0ca4badc96303250459234a6ce2dbe054b1819e7b8,752da6c109333ebf846f6ed5e3c2ef2ab9559d684b3f5d505b0cf1837b2510d1
fable,high,legacy-quotacore-binary-parity,legacy-quotacore-binary-parity-41e4b5e3,87.987,100.0,85.8,65.0,76.835,82.0,71.67,False,916.543,1367098,5.34556875,,2026-09-04T11:48:09.021654+00:00,2026-09-04T12:03:25.571161+00:00,2.1.260 (Claude Code),e19e5c7ba37b1b836b13cd20d06a571b2f15e4a19c8bd75bff454141226f61bc,5e645e873111d96431c2927d770492d5b9b1e6a7ca0b5bf6e89a3c1e0dccfc95
fable,high,legacy-reflowcore-binary-parity,legacy-reflowcore-binary-parity-3ccc8fd0,94.69149999999999,100.0,85.05,100.0,84.67,88.67,80.67,False,1321.489,1519635,6.611397,,2026-09-04T13:57:33.945823+00:00,2026-09-04T14:19:35.439882+00:00,2.1.260 (Claude Code),b1845434aeb626513d7cf83923981d12663580d7ab2067a617e05210f2bce78c,8687fd2ccc522b897941008858d47ff6b3ffcda1d1b6d1299af6e08d0885c7dc
fable,high,legacy-schedcore-binary-parity,legacy-schedcore-binary-parity-c1d31fc8,90.6305,100.0,84.87,70.0,87.0,89.33,84.67,False,1358.643,1753548,6.4518125,,2026-09-04T13:34:55.172153+00:00,2026-09-04T13:57:33.821418+00:00,2.1.260 (Claude Code),28847e2b8ef77153d3eee429ffed2e86123e7ffeb638b8c822feaf729641ea1d,46a160e99982c2b26f25ae086a326bad0ed5c4a89c4f97ccb93d0eff11aeec94
fable,high,legacy-settlecore-binary-parity,legacy-settlecore-binary-parity-c1c7da20,81.16300000000001,80.0,82.19999999999999,100.0,69.16499999999999,77.0,61.33,False,1058.461,2188202,6.17684125,,2026-09-04T10:30:19.775777+00:00,2026-09-04T10:47:58.244431+00:00,2.1.260 (Claude Code),096745e3b71f650d59ad321af453674c53ddc46b6658082b2d8162803af28405,562a9f0f94bd6b516ab7d5ef4c030ddfc66d817c3b66b84b6b91a8f83405609c
fable,high,legacy-snapcore-binary-parity,legacy-snapcore-binary-parity-a7deba17,81.598,100.0,83.32000000000001,10.0,88.0,90.0,86.0,False,1303.271,1732130,5.70164925,,2026-09-04T12:03:25.704354+00:00,2026-09-04T12:25:08.981735+00:00,2.1.260 (Claude Code),025daf7fd20623ee7caca662e0a0d687bf2f31716d211d6a85ba2aa3f39f9952,db1eb391da17cb449180f2057d045d2ca8dc3e98ba5f1af8923cf956f5871594
fable,high,legacy-stampcore-binary-parity,legacy-stampcore-binary-parity-e8622b7a,94.5005,100.0,83.11,100.0,85.16999999999999,90.67,79.67,False,511.948,666853,2.65698125,,2026-09-04T15:06:53.820821+00:00,2026-09-04T15:15:25.776107+00:00,2.1.260 (Claude Code),629410063241eea5b4a2c6915a27f0dc4214ae33ae7cc5410aac2198463c2238,40b236db512ea4402a9b30dbb1eb5add70747d8cb3feffc231e8e0c8e4a42aef
fable,high,legacy-tallycore-binary-parity,legacy-tallycore-binary-parity-25e0929d,90.0435,100.0,87.07000000000001,65.0,86.165,88.33,84.0,False,634.397,1043286,3.529951,,2026-09-04T14:19:35.574875+00:00,2026-09-04T14:30:09.977588+00:00,2.1.260 (Claude Code),84cfd757bacbbc6093d1f263dae3b739734800ae0a2b79d9fddc541f89a2093e,3561dad50e720b19befd1573eb13bf2dcc9b2f0ce96e4dcb3285e379e1406fa4
fable,high,legacy-vaultcore-binary-parity,legacy-vaultcore-binary-parity-741f57d1,95.58800000000001,100.0,85.92,100.0,88.5,92.0,85.0,False,1033.758,1912923,5.62603525,,2026-09-04T12:25:09.111612+00:00,2026-09-04T12:42:22.877222+00:00,2.1.260 (Claude Code),93e498ad0510123b632757a8d71a234ae685a26b7c76861a540e4ece015c8bad,cf27d7e8535c69773207cf2da00962750b38e14223776b50c74416557ac59ade
fable,extra-high,legacy-blendcore-binary-parity,legacy-blendcore-binary-parity-3d73f24f,94.801,100.0,83.12,100.0,86.66499999999999,91.33,82.0,False,630.79,1466162,4.350774,,2026-09-06T01:39:05.449812+00:00,2026-09-06T01:49:36.243578+00:00,2.1.261 (Claude Code),5d213b080eda55fd8f43157c42f5410611143fd22c64deaa35bca0036fc4e3f1,513c49a1944222e48b7376b2c8a546fff2e307af6ce1a083355dcc7d92508e8e
fable,extra-high,legacy-cellarcore-binary-parity,legacy-cellarcore-binary-parity-9cd5f12a,89.70750000000001,100.0,84.83000000000001,65.0,86.165,89.33,83.0,False,1358.742,5602409,11.16075225,,2026-09-06T07:43:41.716177+00:00,2026-09-06T08:06:20.465005+00:00,2.1.261 (Claude Code),5b8ce172242fda7913cb2024fbff754afe77211d85d78659e7dd2aef3c8e1a18,01a126127cbe5b252a9f69c7f2e4bb4b488c31a2bdd4d686dd3d18518d6a8a69
fable,extra-high,legacy-codeccore-binary-parity,legacy-codeccore-binary-parity-ba711fbb,95.161,100.0,83.74000000000001,100.0,88.0,93.0,83.0,False,824.279,963939,5.118877,,2026-09-05T14:55:52.713337+00:00,2026-09-05T15:09:36.997348+00:00,2.1.260 (Claude Code),1ca1a05c45f2af721f7cdea041a3e2909053e1125c6c9504fc606d0d179bc3f9,e124396c2a81ef2af64fc4f8c6e8aa18b624df2a782b9f0c896bcbdf3880dadf
fable,extra-high,legacy-depotcore-binary-parity,legacy-depotcore-binary-parity-a7f1bd6e,92.187,100.0,87.8,95.0,73.83500000000001,84.0,63.67,True,10060.986,73076102,63.172166000000004,,2026-09-06T04:29:31.501626+00:00,2026-09-06T07:17:12.510157+00:00,2.1.261 (Claude Code),c2956cc5e984781641b4d7e5b5e9fa07d09c98139fe18a2c21cf261d1bc6ce9a,6f56a6ff2b77a0518962912741fcb119b4ed1508429b0002484843905d6d59e6
fable,extra-high,legacy-freightcore-binary-parity,legacy-freightcore-binary-parity-35dd75af,95.197,100.0,83.98,100.0,88.0,93.33,82.67,False,1084.245,1528729,6.8200575,,2026-09-05T14:37:48.336788+00:00,2026-09-05T14:55:52.587140+00:00,2.1.260 (Claude Code),f24cf064f83f73a54327f66813a4e0dc0fe670455eb3cf564d29929fbfb4aa1b,b70a4dfe226b6629c48ed362da7e0c087177888932491bda13b13ff3a0ad58c9
fable,extra-high,legacy-granarycore-binary-parity,legacy-granarycore-binary-parity-0c6fd1c7,90.38,100.0,69.64,100.0,74.66999999999999,81.67,67.67,True,8922.121,71424879,61.47305275,,2026-09-06T02:00:49.213254+00:00,2026-09-06T04:29:31.360424+00:00,2.1.261 (Claude Code),2ad3c23a1c72e5ba86c22fe25d952907cf0813730cfb5ce63e8884d6b99fdc15,7dfd35c83e62335c3db967561f5f78a0c4e7a7c7e4e9915e3f7315a1fcc382f6
fable,extra-high,legacy-hedgecore-binary-parity,legacy-hedgecore-binary-parity-bff7f767,79.9345,100.0,82.23,0.0,88.0,91.33,84.67,False,851.198,1309723,5.34408325,,2026-09-05T16:43:38.785221+00:00,2026-09-05T16:57:49.995483+00:00,2.1.260 (Claude Code),d18d3af277ed539134a1f712e8212c44b276254c6889594dbcec6e5d3f4f0369,734a2a1d28ee2f225aad1349b0aa1ca1c19a16a204540d79a79e9b7dc0b3e158
fable,extra-high,legacy-lodgecore-binary-parity,legacy-lodgecore-binary-parity-a43515de,93.286,100.0,75.46000000000001,100.0,84.835,91.0,78.67,False,1588.916,4094568,10.438721750000001,,2026-09-06T07:17:12.650374+00:00,2026-09-06T07:43:41.576464+00:00,2.1.261 (Claude Code),cd8937633849b9c9f24a1042907046e5a7cece9e199e0768c15f7ee3eb759a5d,f16a78af1b660eaf2e9466765382a9d62e43909430fa6ab76a9aebf4a1146d0b
fable,extra-high,legacy-matchcore-order-book-parity,legacy-matchcore-order-book-parity-43b4f49d,91.884,100.0,82.34,80.0,87.66499999999999,90.0,85.33,False,1134.256,1707897,5.653039499999999,,2026-09-05T13:30:00.823415+00:00,2026-09-05T13:48:55.084762+00:00,2.1.260 (Claude Code),0eb31436e18c4a459b1eff14d6dfdf0afd9f8bbf8a76e0e1159a8504b47cb765,4145f761af0098c568e470ae103283c38b0759bdf16ae89be400f041c6294fa6
fable,extra-high,legacy-metercore-binary-parity,legacy-metercore-binary-parity-3e375cc4,94.35100000000001,100.0,86.78,90.0,89.16999999999999,92.67,85.67,False,996.332,1258463,5.49851275,,2026-09-05T14:21:11.859801+00:00,2026-09-05T14:37:48.197109+00:00,2.1.260 (Claude Code),da8369be4f5f24a020e6854e56e88f7dc531b8c1794b2bc6f84246ac80fa05d7,fdc2ea36538ed0a633332e4bc677bfc2d63d3023cde33f5d0653f52418f32724
fable,extra-high,legacy-pacecore-binary-parity,legacy-pacecore-binary-parity-c1feb9c9,88.744,100.0,83.96000000000001,55.00000000000001,89.5,93.0,86.0,False,1007.976,1179138,4.93908825,,2026-09-06T01:22:17.337299+00:00,2026-09-06T01:39:05.317030+00:00,2.1.261 (Claude Code),dc101f3d43c49c99a4e0d16a85bb30a08adcca2d50b3ae2fede5b629eda992a4,0868e302286ea9504c54e2efe6fddb039c39c1c1b0d9fb134c4b153025c4ea56
fable,extra-high,legacy-paddockcore-binary-parity,legacy-paddockcore-binary-parity-3601a54a,80.01650000000001,80.0,87.33,95.0,63.33500000000001,71.67,55.00000000000001,True,10576.801,72351055,71.2738495,,2026-09-06T08:06:20.601798+00:00,2026-09-06T11:02:37.431038+00:00,2.1.261 (Claude Code),104445108a07560355a15f88867263ec45b308f46f8cf4530873b550d1aeddfb,c13001ee24c3d4187631c26044a40db670e133be955124f0f04257c7aebf40dc
fable,extra-high,legacy-payrollcore-binary-parity,legacy-payrollcore-binary-parity-b13c889a,87.195,100.0,84.3,45.0,89.0,92.33,85.67,False,1022.321,2395258,6.719315,,2026-09-05T14:04:09.364670+00:00,2026-09-05T14:21:11.690877+00:00,2.1.260 (Claude Code),589c7c0ec5f854b3ce0056216338ddeae7b9f8319ccf9c518ea95369f3fa26bf,5e269781e2d7d91931fec6c23546deb89e643cf61ab61aa827e7a42262834ef9
fable,extra-high,legacy-qlite-store-parity,legacy-qlite-store-parity-230dd274,94.6895,100.0,83.71,100.0,85.66499999999999,88.33,83.0,False,913.984,1381041,5.38166075,,2026-09-05T13:48:55.233414+00:00,2026-09-05T14:04:09.221748+00:00,2.1.260 (Claude Code),951881ac51028577f50dd7dab77d600ce89cfd7acbd501826052a4f8027df8fb,83d145d58063e114e30327d4b8c5527204f39b8be63570225ee1523ce22526bd
fable,extra-high,legacy-queuecore-binary-parity,legacy-queuecore-binary-parity-8090c2fa,94.5585,100.0,82.61,100.0,85.835,91.0,80.67,False,1805.248,3651697,8.92345425,,2026-09-05T16:13:33.402874+00:00,2026-09-05T16:43:38.648053+00:00,2.1.260 (Claude Code),47c367c995fd1d36ce8601bcca7940d46e6cc6070c9dbde5d4b452044c9339dd,c7c4509797c0131224c84162659a255c7d24612e9b5608612367045c6ed673d5
fable,extra-high,legacy-quotacore-binary-parity,legacy-quotacore-binary-parity-6b6e2387,88.17150000000001,100.0,82.59,55.00000000000001,87.665,91.0,84.33,False,1471.191,2741682,7.527836000000001,,2026-09-05T15:09:37.124814+00:00,2026-09-05T15:34:08.320563+00:00,2.1.260 (Claude Code),4b0d711a8b29edec544c2d14a6dff46f7418428086b2ea2d95ae27a1a349aabd,40714892bca0d13e6743c4c186e3f0a14021b43fe7f3c9a167d5b9118b840090
fable,extra-high,legacy-reflowcore-binary-parity,legacy-reflowcore-binary-parity-e9403505,88.966,100.0,87.22,55.00000000000001,88.165,93.0,83.33,False,1870.143,2455784,7.9123715,,2026-09-06T00:31:08.405761+00:00,2026-09-06T01:02:18.556119+00:00,2.1.261 (Claude Code),fe3939040e03b55c6e3257b3c091c5814aab5a1a715b8cbfb634d53ff1453f35,5e2b55bef4aafbaf7381abbaad6b34daed70edf949036e8e9031582c139383c3
fable,extra-high,legacy-schedcore-binary-parity,legacy-schedcore-binary-parity-1ff4932c,93.1925,100.0,85.17,85.0,88.33500000000001,89.67,87.0,False,2235.719,5799474,10.955017999999999,,2026-09-05T23:53:52.548775+00:00,2026-09-06T00:31:08.276159+00:00,2.1.261 (Claude Code),6a5b2cedfceae1318d7eda72fa7b4e14f389a89f379bf0d125ba60af49577705,2a9a3658fe32b13329dfe1e8ae1d1ed3f8e34f60c1b4632614074f9ed5afac8c
fable,extra-high,legacy-settlecore-binary-parity,legacy-settlecore-binary-parity-7e097647,94.559,100.0,83.06,100.0,85.5,90.67,80.33,False,915.955,1287413,5.6749995,,2026-09-05T13:14:44.733266+00:00,2026-09-05T13:30:00.694744+00:00,2.1.260 (Claude Code),1cb4e4298a3fb9d8e1711e821bac91570c9a31d979954f20c1bb7645e7daa1bb,d6d82a8e687ce88c1eb9aa0cae703fc7bd6e62918d14cdd66463550217c31b9c
fable,extra-high,legacy-snapcore-binary-parity,legacy-snapcore-binary-parity-4a17424c,94.7465,100.0,84.53,100.0,85.33500000000001,90.67,80.0,False,1282.928,2825743,6.81841,,2026-09-05T15:34:08.452978+00:00,2026-09-05T15:55:31.389198+00:00,2.1.260 (Claude Code),e5fd7d4bc1b07a98382207e6ce1f2911ffaceab03bd2768ceb03edef3893b00b,26723a368f14d51e28c14370248567edf5ce5df1c34efc4e2265b43b7ed4bc14
fable,extra-high,legacy-stampcore-binary-parity,legacy-stampcore-binary-parity-c75ebeb7,94.626,100.0,82.62,100.0,86.165,91.0,81.33,False,672.699,854083,3.9410635000000003,,2026-09-06T01:49:36.365501+00:00,2026-09-06T02:00:49.068710+00:00,2.1.261 (Claude Code),bd07407c1cfda812a0b74c0d986c2f84e3d6892bc0186de81dc0e804b3441d3a,9c8dc164837aa9b14166e4c1ee76f7a58042737a68728dc830d97c8dd3f38145
fable,extra-high,legacy-tallycore-binary-parity,legacy-tallycore-binary-parity-a9347c70,93.685,100.0,82.67999999999999,95.0,85.165,90.33,80.0,False,1198.51,2207121,7.9792375,,2026-09-06T01:02:18.680732+00:00,2026-09-06T01:22:17.198673+00:00,2.1.261 (Claude Code),030df7d40ee25ce9c1a254af9f9e0048169e7a63c488db316524cb5690f7c75d,9893bc3e549b43e231ac4296f7c71db1ee101dea7300effea0d0328ec6a014fe
fable,extra-high,legacy-vaultcore-binary-parity,legacy-vaultcore-binary-parity-f7b01ecd,95.12700000000001,100.0,84.39999999999999,100.0,87.33500000000001,91.0,83.67,False,1081.744,1451361,6.09326575,,2026-09-05T15:55:31.524416+00:00,2026-09-05T16:13:33.274184+00:00,2.1.260 (Claude Code),de24d822147a872117ceb35d05f115c16bc8d0897e27c6c19a17ca3e1d9b50fa,465ff68631b46384d4186549c4cfb38155289c01c58d01f34bdaf5a5fe4e3791
fable,max,legacy-blendcore-binary-parity,legacy-blendcore-binary-parity-e13e3b5d,95.18100000000001,100.0,84.54,100.0,87.5,92.0,83.0,False,1524.529,1231912,5.35432025,,2026-09-05T07:07:59.025713+00:00,2026-09-05T07:33:23.559570+00:00,2.1.260 (Claude Code),a7339a70ba8924f741242975f08d4ba4a233c2fcceab967fac9c5327f2fa452e,3dfaa5b2fb82a5a19864e95ce480395dfc2d8928060b80c64373db345d492289
fable,max,legacy-cellarcore-binary-parity,legacy-cellarcore-binary-parity-bbc55448,93.1765,100.0,78.51,100.0,82.0,88.0,76.0,True,2443.849,5089106,8.95716225,,2026-09-05T09:13:31.376129+00:00,2026-09-05T09:54:15.233453+00:00,2.1.260 (Claude Code),6f179df92bd64ff0381dda1b6fd6df2b2fb2ce264f5bedf69d15a219cff29774,e2866eb473871c8e486e557a486715fd72525e7aed54ab784c75835ae24b14b2
fable,max,legacy-codeccore-binary-parity,legacy-codeccore-binary-parity-764ce0a6,94.7505,100.0,82.11,100.0,87.16999999999999,91.67,82.67,False,1293.644,1648469,8.51423675,,2026-09-05T02:04:54.804646+00:00,2026-09-05T02:26:28.458063+00:00,2.1.260 (Claude Code),d3964eb0191c981a7135e949c493e6c799bf9592d5b337a72538e719859b60a6,610b57a38d5b3077255a832c954f65bcfa2a9bf7255bd664bbffc15be676f327
fable,max,legacy-depotcore-binary-parity,legacy-depotcore-binary-parity-52304d66,93.122,100.0,75.7,100.0,83.83500000000001,86.67,81.0,False,1244.906,2582072,10.0046785,,2026-09-05T08:17:49.828599+00:00,2026-09-05T08:38:34.744035+00:00,2.1.260 (Claude Code),e8b1447d5ba0260342c28bfbe8a191515a7575099d9d2f9d565dd5cd5ac0147e,4640cb5173c6620803dbce1a0fc668ad8034bb512143312b71093b92084edea3
fable,max,legacy-freightcore-binary-parity,legacy-freightcore-binary-parity-d99c7082,94.9875,100.0,83.03,100.0,87.66499999999999,92.33,83.0,False,1795.645,4667445,11.24577775,,2026-09-05T01:34:59.030766+00:00,2026-09-05T02:04:54.682573+00:00,2.1.260 (Claude Code),6ba372b71249e7300ad867673ca919c2e995f554b46b16886f273097822169f2,18f5ac74b04a8601a9c15d1a6411f4d26a2c7e56268cc0f29f6e852ae20fb580
fable,max,legacy-granarycore-binary-parity,legacy-granarycore-binary-parity-238fe6df,90.51,100.0,76.62,85.0,81.33500000000001,82.0,80.67,False,1779.287,3608095,12.02702375,,2026-09-05T07:48:10.382494+00:00,2026-09-05T08:17:49.677918+00:00,2.1.260 (Claude Code),6f4eff09303eac49add56531a1de8812e07d8e00e9ebbc96879e474f6b416572,f67846e506cdf505995d592762a98259e4a6ae9700bbac51ee406dbbcf8d0ec4
fable,max,legacy-hedgecore-binary-parity,legacy-hedgecore-binary-parity-58ec6461,94.1705,100.0,82.69,100.0,83.835,85.0,82.67,False,921.125,1322740,6.10899175,,2026-09-05T05:25:41.418006+00:00,2026-09-05T05:41:02.548776+00:00,2.1.260 (Claude Code),071f476f1ff0ed3adfd44c389b252666f61f7aca3cebd0641f4f856d463d5f53,60ba25a09619b83bc9b07ca7e9ae85c6dc7e8c523e8eb1c130b845434f6590d2
fable,max,legacy-lodgecore-binary-parity,legacy-lodgecore-binary-parity-7e9137aa,93.1815,100.0,75.42999999999999,100.0,84.33500000000001,88.0,80.67,False,2096.338,9405900,14.3248,,2026-09-05T08:38:34.882927+00:00,2026-09-05T09:13:31.232853+00:00,2.1.260 (Claude Code),4a86f9292881fd90f16b9a91331c47f0b7b75c020dc1cdd602636b178708f040,9627b7a1652a954ff8b2c140b4f0c90e872ed8e08e34a978ff6d2028c3798608
fable,max,legacy-matchcore-order-book-parity,legacy-matchcore-order-book-parity-3b8fefe8,87.25699999999999,100.0,82.38,50.0,87.0,90.0,84.0,False,966.381,1302142,5.74935625,,2026-09-05T00:29:59.049815+00:00,2026-09-05T00:46:05.437397+00:00,2.1.260 (Claude Code),0f2b97aa8672d5e08f1b81d27579da98529b59abf01574d9709ad3c245fa5f0e,84f8553233aff99bc724e159a79738143ffe7c3932eec9f2dc35c4ce6a1a2e1b
fable,max,legacy-metercore-binary-parity,legacy-metercore-binary-parity-bb57c5d2,95.028,100.0,83.3,100.0,87.66499999999999,93.33,82.0,False,1034.674,1743236,5.273947,,2026-09-05T01:17:44.223952+00:00,2026-09-05T01:34:58.904458+00:00,2.1.260 (Claude Code),6ea779b40983befa9948d3808bd815eaef58d346ee9c1cd033d30aa233e1ac02,b31179525e349d2b2f771fab9c3c391a01191d98590083fb7241477b18156755
fable,max,legacy-pacecore-binary-parity,legacy-pacecore-binary-parity-cb2d7a82,94.51899999999999,100.0,83.24000000000001,100.0,85.165,90.33,80.0,False,1083.17,2129276,5.88814325,,2026-09-05T06:49:55.713552+00:00,2026-09-05T07:07:58.890161+00:00,2.1.260 (Claude Code),10aba14e0fe6bcc2bda5c45239aaae2df56faaf6ecb3123fd4fe1d5f0beb8278,b71d395603caeb7f13f7a4f2626a41689edbc30d1aadd683ac2f0c8cffe338d3
fable,max,legacy-paddockcore-binary-parity,legacy-paddockcore-binary-parity-7888207a,88.777,100.0,80.62,65.0,84.67,87.67,81.67,False,1846.457,8330815,13.646165250000001,,2026-09-05T09:54:15.392279+00:00,2026-09-05T10:25:01.862777+00:00,2.1.260 (Claude Code),149ed386a9c84283d51cc1151e3958c4ba54583f6bb335e8bd16e9efa3d1a90c,bef6730f0397ff0fc9e1f43ee7d75525816d3ba09586105b5ed4839d2c674237
fable,max,legacy-payrollcore-binary-parity,legacy-payrollcore-binary-parity-c1cc1a21,91.4375,100.0,85.25,75.0,87.0,90.67,83.33,False,990.858,1505022,5.34441225,,2026-09-05T01:01:13.235740+00:00,2026-09-05T01:17:44.099975+00:00,2.1.260 (Claude Code),4f0f7fd840e407bfdce6ed799a0ee5ccbf812522c1f10f03c2eb745e0aaa22e2,f3a5b78a7bc9f83f8bc941007fa00369835a912f4d99d1e534b8b480bd4ef648
fable,max,legacy-qlite-store-parity,legacy-qlite-store-parity-7f145cd8,94.3045,100.0,81.81,100.0,85.165,88.33,82.0,False,907.511,1664830,6.4365570000000005,,2026-09-05T00:46:05.570959+00:00,2026-09-05T01:01:13.089440+00:00,2.1.260 (Claude Code),88500f05a18401f20201f5611f4088e81010cdd79ab143efb463e1fd9a1cc4fb,fc94267ab5c5a41f08af91a39c6d51cffdcc970a7f3cc8322ca62f2eba8b9dc5
fable,max,legacy-queuecore-binary-parity,legacy-queuecore-binary-parity-4dcb5489,94.2715,100.0,83.59,100.0,83.665,88.33,79.0,True,6085.819,18050369,22.6886455,,2026-09-05T03:44:15.439146+00:00,2026-09-05T05:25:41.271420+00:00,2.1.260 (Claude Code),04f1f99816f1b91fbb6c8da6f59d79ce5388eebea7783bb89ade428641017fbc,c2c00386f273edeb825701eb0d07029e752b0fa8d676799ff3fe4c8f48e3ce76
fable,max,legacy-quotacore-binary-parity,legacy-quotacore-binary-parity-27bba039,94.783,100.0,85.22,100.0,85.0,89.33,80.67,False,1868.771,2713586,10.112513499999999,,2026-09-05T02:26:28.602735+00:00,2026-09-05T02:57:37.381376+00:00,2.1.260 (Claude Code),0100a32397edac2b86406eff00c26139144d61bdf5a8f855bb4d1db883dc387d,cf983c6462904c5082ce10b6070e7eb2efa9cacee606cb8a12fced9e086f0853
fable,max,legacy-reflowcore-binary-parity,legacy-reflowcore-binary-parity-7721fb02,95.044,100.0,85.18,100.0,86.33500000000001,90.0,82.67,False,1177.96,1642102,5.8870295,,2026-09-05T06:17:49.157231+00:00,2026-09-05T06:37:27.123218+00:00,2.1.260 (Claude Code),539408170ffecd5d2fc109b2af2d08af4cc6b9c6c44e073953a4b40390ae3f3c,307c9e003aa086885c09985e44c5417a3f395614aa9a1893705c3d8649c1b182
fable,max,legacy-schedcore-binary-parity,legacy-schedcore-binary-parity-fbe043e5,91.00349999999999,100.0,83.69,75.0,86.0,89.0,83.0,False,2206.328,5224752,12.71921025,,2026-09-05T05:41:02.680632+00:00,2026-09-05T06:17:49.018796+00:00,2.1.260 (Claude Code),abd3fc0d32cb48a3846c7984826c7f3de3d0bbc0d7ca92fa9007a8cfe42dde62,7a620923ff87374177dfcc808b82d75ad7b8b292c5f7f07e584a7f2523fe3fe4
fable,max,legacy-settlecore-binary-parity,legacy-settlecore-binary-parity-2ee0f83c,94.227,100.0,82.62,100.0,84.17,89.67,78.67,False,1693.265,5266495,10.561927749999999,,2026-09-05T00:01:45.636763+00:00,2026-09-05T00:29:58.913911+00:00,2.1.260 (Claude Code),72f7e8f486aa9ac954b804586c10a6389440b2d46d6f55f44d29c3e34121b37c,95422a1e61be3f22a5126ba11159d3cc752f927fe37bda2d5a3df567c0f8da2b
fable,max,legacy-snapcore-binary-parity,legacy-snapcore-binary-parity-c8b4ac1b,88.4915,100.0,79.05,60.0,88.16999999999999,92.67,83.67,False,1129.013,2384603,7.72302225,,2026-09-05T02:57:37.511269+00:00,2026-09-05T03:16:26.532262+00:00,2.1.260 (Claude Code),590ad82a800b9a1b83068f1e47267eeeaeed7d0dc7f660b24add49c1cbea21fc,d7b0d497e1b302c9d05c0fab034bd1046a477497f7d10671fda5527a219e7f46
fable,max,legacy-stampcore-binary-parity,legacy-stampcore-binary-parity-602d297e,94.913,100.0,83.64,100.0,86.835,90.67,83.0,False,886.506,1148067,5.58410025,,2026-09-05T07:33:23.704838+00:00,2026-09-05T07:48:10.218224+00:00,2.1.260 (Claude Code),6d14646a5b6e0bcdbc037918d50d8f34b0971ff77806dcef4a44b1e1ff5925c7,19f44349d454c6baa9dcbbfb188c3afdced3db0884de76db82e5af368c2e276c
fable,max,legacy-tallycore-binary-parity,legacy-tallycore-binary-parity-90d771ae,92.193,100.0,86.83999999999999,80.0,85.835,91.0,80.67,False,748.304,1393058,5.24867475,,2026-09-05T06:37:27.255557+00:00,2026-09-05T06:49:55.566008+00:00,2.1.260 (Claude Code),b5f9ce4130ab115cd1bcf3787b2f4a199b27d7699c782a5c633ad915ec692dfc,38397f53aba670e8b8b0da9c8d9ca32514eb953044c6f6a6fcbd7a98e9f3586d
fable,max,legacy-vaultcore-binary-parity,legacy-vaultcore-binary-parity-55013b56,91.284,100.0,84.56,80.0,83.0,86.0,80.0,False,1668.631,3882115,8.95086,,2026-09-05T03:16:26.662640+00:00,2026-09-05T03:44:15.302776+00:00,2.1.260 (Claude Code),78e5e48dc4abf73904c5cde18bc7f2b1af96254a5eb14563cc65492c72b709b4,88ba1bef245948e9c189912677b5e599d936d9d8547f186ba2f24bd43db656f9
