model,effort,task,run_id,judged_under,judged,combined_33,combined_20_profile,functional_pct,automated_quality_pct,security_pct,code_quality,reviewed_score,intent_recovery,intent_recovery_redistributed,muse_reviewed,muse_readability,muse_maintainability,muse_intent_recovery,grok_reviewed,grok_readability,grok_maintainability,grok_intent_recovery,passed_quirk_families,duration_s,raw_tokens,estimated_usd,started_at,finished_at,solver_cli_version,evidence_sha256
sol,low,legacy-blendcore-binary-parity,legacy-blendcore-binary-parity-1f274ed7,code-quality-maintenance-v3.7,published,74.3294,78.2986,77.78,82.06,100.00,60.4978,60.4167,60.7143,False,58.3333,54.1667,62.5000,64.2857,62.5000,54.1667,70.8333,57.1429,7,246.922,668385,0.724305,2026-09-18T00:58:32.844486+00:00,2026-09-18T01:02:39.771334+00:00,codex-cli 0.153.4,e57c73993020abbdc12be3db5d94086b13f3174af480c58dfa5f5a6006c6fdc7
sol,low,legacy-cellarcore-binary-parity,legacy-cellarcore-binary-parity-4f0888dc,code-quality-maintenance-v3.7,published,57.0527,61.7011,50.00,75.41,100.00,51.9481,50.0000,57.1429,False,52.0833,41.6667,62.5000,50.0000,47.9167,45.8333,50.0000,64.2857,7,1843.256,5429502,3.156610,2026-09-18T01:41:26.040576+00:00,2026-09-18T02:12:09.303508+00:00,codex-cli 0.153.4,a7ed021260105498f225d12d8e8034a053871386055cc5701dc189f42663d1d6
sol,low,legacy-codeccore-binary-parity,legacy-codeccore-binary-parity-16fa8a2e,code-quality-maintenance-v3.7,published,65.8413,67.7011,50.00,82.25,100.00,76.8182,71.8750,90.0000,False,75.0000,66.6667,83.3333,100.0000,68.7500,62.5000,75.0000,80.0000,5,369.722,903290,0.767035,2026-09-17T23:27:30.543859+00:00,2026-09-17T23:33:40.272065+00:00,codex-cli 0.153.4,f8b095ad8d5feddb58f9a235061cdff12310e9726831cc2b9946e39725983506
sol,low,legacy-depotcore-binary-parity,legacy-depotcore-binary-parity-e2c95df4,code-quality-maintenance-v3.7,published,71.9206,74.7833,71.43,73.89,100.00,64.9242,58.3333,82.5000,False,52.0833,50.0000,54.1667,85.0000,64.5833,66.6667,62.5000,80.0000,10,763.528,3433057,2.361345,2026-09-18T01:17:48.547375+00:00,2026-09-18T01:30:32.083404+00:00,codex-cli 0.153.4,b9cf460ee2722cbfd9bca0450712f80ec0e0b44415ec6507da9f6b2b03634c92
sol,low,legacy-freightcore-binary-parity,legacy-freightcore-binary-parity-be0c0d52,code-quality-maintenance-v3.7,published,90.9760,92.4756,100.00,79.13,100.00,78.0303,69.7917,100.0000,False,68.7500,62.5000,75.0000,100.0000,70.8333,62.5000,79.1667,100.0000,9,512.074,1508705,1.225175,2026-09-17T23:18:58.339054+00:00,2026-09-17T23:27:30.417281+00:00,codex-cli 0.153.4,451d8b49596c4babf992d30a7b2e3edad8f00f502535cc62c3dda97d88815067
sol,low,legacy-granarycore-binary-parity,legacy-granarycore-binary-parity-c99fcd5e,code-quality-maintenance-v3.7,published,60.5231,63.3563,50.00,70.86,100.00,63.6364,59.3750,75.0000,False,58.3333,50.0000,66.6667,85.7143,60.4167,58.3333,62.5000,64.2857,7,611.623,2831919,1.868537,2026-09-18T01:07:36.766508+00:00,2026-09-18T01:17:48.398366+00:00,codex-cli 0.153.4,8934f280a9e9da16b987e58235e01e66994ff16eebab1d8834d3abcd0830baca
sol,low,legacy-hedgecore-binary-parity,legacy-hedgecore-binary-parity-8295f14c,code-quality-maintenance-v3.7,published,62.4511,65.5421,50.00,81.19,100.00,66.8182,56.2500,95.0000,False,52.0833,50.0000,54.1667,100.0000,60.4167,62.5000,58.3333,90.0000,4,695.367,3403168,2.288726,2026-09-18T00:16:40.928794+00:00,2026-09-18T00:28:16.301450+00:00,codex-cli 0.153.4,f641d7d197775a62923b1b48c5ec46355cc055e5f87eb570b308ff9c3603b666
sol,low,legacy-lodgecore-binary-parity,legacy-lodgecore-binary-parity-4dcbd7ad,code-quality-maintenance-v3.7,published,36.4438,41.1410,8.33,76.81,100.00,52.2727,62.5000,25.0000,False,56.2500,54.1667,58.3333,0.0000,68.7500,70.8333,66.6667,50.0000,1,653.669,1615474,1.368565,2026-09-18T01:30:32.229606+00:00,2026-09-18T01:41:25.905802+00:00,codex-cli 0.153.4,771f926de076ba36c53b9129b750a2f442e31ef952aec52f4564110a1f526628
sol,low,legacy-matchcore-order-book-parity,legacy-matchcore-order-book-parity-033fcb40,code-quality-maintenance-v3.7,published,76.6148,79.1765,77.78,76.91,100.00,68.7500,68.7500,68.7500,False,68.7500,62.5000,75.0000,68.7500,68.7500,62.5000,75.0000,68.7500,7,486.505,1391123,1.188591,2026-09-17T22:47:40.090766+00:00,2026-09-17T22:55:46.600712+00:00,codex-cli 0.153.4,6b6ea2d5d658d7502f995f20c8fc389736f9f7cacd365f5417401a60eca8647d
sol,low,legacy-metercore-binary-parity,legacy-metercore-binary-parity-a28e4bd4,code-quality-maintenance-v3.7,published,87.1082,90.3569,100.00,81.42,100.00,65.7197,64.5833,68.7500,False,62.5000,58.3333,66.6667,75.0000,66.6667,62.5000,70.8333,62.5000,9,344.413,765708,0.667603,2026-09-17T23:13:13.789910+00:00,2026-09-17T23:18:58.207897+00:00,codex-cli 0.153.4,726da7f1ce0662323874f69a26efe0dbe5a0885e5a22736e61ee55b418ee335f
sol,low,legacy-pacecore-binary-parity,legacy-pacecore-binary-parity-b33a8a30,code-quality-maintenance-v3.7,published,39.8031,42.0858,0.00,82.39,100.00,73.6364,65.6250,95.0000,False,60.4167,54.1667,66.6667,90.0000,70.8333,66.6667,75.0000,100.0000,6,472.827,891850,0.798411,2026-09-18T00:50:39.878297+00:00,2026-09-18T00:58:32.711611+00:00,codex-cli 0.153.4,8de71d471e80be3ce008d453120057d9e657581d49ffdc100466036d51162c40
sol,low,legacy-paddockcore-binary-parity,legacy-paddockcore-binary-parity-03b3f49b,code-quality-maintenance-v3.7,published,47.0360,50.0689,26.67,65.60,100.00,59.4697,58.3333,62.5000,False,58.3333,54.1667,62.5000,75.0000,58.3333,58.3333,58.3333,50.0000,4,643.432,1698344,1.328550,2026-09-18T02:12:09.501673+00:00,2026-09-18T02:22:52.939936+00:00,codex-cli 0.153.4,a2f418ad87d3ede40d5951b2aab600baddf8ad248c077795cf8ca133da7d04f4
sol,low,legacy-payrollcore-binary-parity,legacy-payrollcore-binary-parity-16e926cd,code-quality-maintenance-v3.7,published,82.3144,85.3588,90.00,80.17,100.00,66.6667,65.6250,69.4444,False,64.5833,58.3333,70.8333,66.6667,66.6667,62.5000,70.8333,72.2222,9,806.214,3419779,2.313708,2026-09-17T22:59:47.423388+00:00,2026-09-17T23:13:13.645193+00:00,codex-cli 0.153.4,02a69ce809f77ae86fdeb3c4de866aa3cedc2e2d161077ae4a4b51abfc693af5
sol,low,legacy-qlite-store-parity,legacy-qlite-store-parity-01ef118a,code-quality-maintenance-v3.7,published,38.3100,40.9208,0.00,79.75,100.00,69.7917,66.6667,78.1250,False,70.8333,58.3333,83.3333,81.2500,62.5000,50.0000,75.0000,75.0000,8,240.541,508988,0.555078,2026-09-17T22:55:46.745357+00:00,2026-09-17T22:59:47.291136+00:00,codex-cli 0.153.4,515888f7c7a73e337122ae9c3e03232c9bdb5d4084dd91aedd51beb88c494550
sol,low,legacy-queuecore-binary-parity,legacy-queuecore-binary-parity-013cad64,code-quality-maintenance-v3.7,published,67.7906,71.1123,62.50,79.89,100.00,64.3939,60.4167,75.0000,False,58.3333,45.8333,70.8333,80.0000,62.5000,54.1667,70.8333,70.0000,5,908.881,1684259,1.320838,2026-09-18T00:01:31.889073+00:00,2026-09-18T00:16:40.779374+00:00,codex-cli 0.153.4,98c72a9dc31b0b0a92d173b318b9c6db07a49819bc226f36d0e87d6fc337f753
sol,low,legacy-quotacore-binary-parity,legacy-quotacore-binary-parity-c283192f,code-quality-maintenance-v3.7,published,89.3816,91.6895,100.00,80.96,100.00,72.7273,63.5417,97.2222,False,60.4167,54.1667,66.6667,100.0000,66.6667,62.5000,70.8333,94.4444,10,441.612,898189,0.956346,2026-09-17T23:33:40.422895+00:00,2026-09-17T23:41:02.038880+00:00,codex-cli 0.153.4,d7fc4a94c0b1357247fde9b470ab4d23dee1e0844110851e09132c826f6e09c4
sol,low,legacy-reflowcore-binary-parity,legacy-reflowcore-binary-parity-21b42bd8,code-quality-maintenance-v3.7,published,83.0499,88.0057,100.00,82.52,100.00,53.1385,48.9583,64.2857,False,47.9167,45.8333,50.0000,57.1429,50.0000,50.0000,50.0000,71.4286,8,506.264,1451335,1.226978,2026-09-18T00:34:52.283742+00:00,2026-09-18T00:43:18.567337+00:00,codex-cli 0.153.4,fd894b7a52278e5d6c879be2fdc3c815d962dbf7e8519f6725e408f948c62712
sol,low,legacy-schedcore-binary-parity,legacy-schedcore-binary-parity-5c4a5283,code-quality-maintenance-v3.7,published,80.3068,83.5994,87.50,79.66,100.00,64.5022,64.5833,64.2857,False,60.4167,54.1667,66.6667,64.2857,68.7500,62.5000,75.0000,64.2857,7,395.521,612894,0.677742,2026-09-18T00:28:16.456795+00:00,2026-09-18T00:34:51.984519+00:00,codex-cli 0.153.4,0d8ad4c0f3266ac6f9889ced699bd0cb29ad2f4d75a309ebbbae16567bb6d34f
sol,low,legacy-settlecore-binary-parity,legacy-settlecore-binary-parity-c6d27473,code-quality-maintenance-v3.7,published,63.5691,65.9508,50.00,78.46,100.00,70.9091,75.0000,60.0000,False,72.9167,66.6667,79.1667,60.0000,77.0833,70.8333,83.3333,60.0000,5,580.247,2707698,1.850162,2026-09-17T22:37:59.707126+00:00,2026-09-17T22:47:39.960531+00:00,codex-cli 0.153.4,6f945aac39d20d447a8ca86face99bce0917866ece6060522881771d3fbe0379
sol,low,legacy-snapcore-binary-parity,legacy-snapcore-binary-parity-6ed783eb,code-quality-maintenance-v3.7,published,62.9760,67.9166,60.00,82.07,100.00,53.0303,54.1667,50.0000,False,52.0833,50.0000,54.1667,58.3333,56.2500,58.3333,54.1667,41.6667,6,758.664,2465546,1.897675,2026-09-17T23:41:02.174999+00:00,2026-09-17T23:53:40.851581+00:00,codex-cli 0.153.4,09e8f8b924c60e65ea6158790f56cb0c50640a1e8f361da63a02aa84e1c389c3
sol,low,legacy-stampcore-binary-parity,legacy-stampcore-binary-parity-81261311,code-quality-maintenance-v3.7,published,85.7506,89.6267,100.00,82.36,100.00,61.3636,56.2500,75.0000,False,52.0833,50.0000,54.1667,64.2857,60.4167,58.3333,62.5000,85.7143,9,296.714,874583,0.723100,2026-09-18T01:02:39.905897+00:00,2026-09-18T01:07:36.625531+00:00,codex-cli 0.153.4,5eba6f23c44c48e31673dbb1aa121a9e43150da3b37a5aff46b54c87dd0f209d
sol,low,legacy-tallycore-binary-parity,legacy-tallycore-binary-parity-c9149716,code-quality-maintenance-v3.7,published,88.5440,91.1218,100.00,80.35,100.00,70.3463,64.5833,85.7143,False,58.3333,50.0000,66.6667,85.7143,70.8333,66.6667,75.0000,85.7143,8,441.01,996264,0.971827,2026-09-18T00:43:18.739670+00:00,2026-09-18T00:50:39.754785+00:00,codex-cli 0.153.4,ac62993445e1d82faeb4764dc18c6974a192a1245be57c9acd648e1b3e512037
sol,low,legacy-vaultcore-binary-parity,legacy-vaultcore-binary-parity-d8367aa0,code-quality-maintenance-v3.7,published,76.0393,79.5368,77.78,84.11,100.00,65.1515,64.5833,66.6667,False,64.5833,58.3333,70.8333,58.3333,64.5833,62.5000,66.6667,75.0000,7,470.766,1101514,1.023954,2026-09-17T23:53:40.987306+00:00,2026-09-18T00:01:31.758173+00:00,codex-cli 0.153.4,c3c9574bce05f8126b3e696fd659bbee43de574b5b0899198c2c882b7b2493c3
sol,medium,legacy-blendcore-binary-parity,legacy-blendcore-binary-parity-d15ed653,code-quality-maintenance-v3.7,published,80.0232,81.9325,77.78,83.92,100.00,77.2727,78.1250,75.0000,False,79.1667,75.0000,83.3333,75.0000,77.0833,70.8333,83.3333,75.0000,7,557.437,1207288,1.126874,2026-09-18T04:37:06.380581+00:00,2026-09-18T04:46:23.823867+00:00,codex-cli 0.153.4,16f7754abfac465860ec02a2567a00e5f7e713b4323a6aac04b441f400d686a8
sol,medium,legacy-cellarcore-binary-parity,legacy-cellarcore-binary-parity-056ae47c,code-quality-maintenance-v3.7,published,67.6228,71.0007,64.29,76.21,100.00,62.1212,59.3750,69.4444,False,54.1667,54.1667,54.1667,66.6667,64.5833,62.5000,66.6667,72.2222,9,1167.204,4407533,3.110999,2026-09-18T05:36:20.832225+00:00,2026-09-18T05:55:48.042268+00:00,codex-cli 0.153.4,a2d2de764372f062b5fcff4ae9506d3d0febfdbd082160e2a256288fa1c5c619
sol,medium,legacy-codeccore-binary-parity,legacy-codeccore-binary-parity-29f4d910,code-quality-maintenance-v3.7,published,75.8263,77.5838,70.00,81.15,100.00,77.0563,69.7917,96.4286,False,72.9167,70.8333,75.0000,92.8571,66.6667,62.5000,70.8333,100.0000,7,431.698,1292637,1.033351,2026-09-18T03:19:18.482440+00:00,2026-09-18T03:26:30.186124+00:00,codex-cli 0.153.4,4eee96e720ca6ddcfe4b06368288a22a22e88f1cc479856f97af6e509348e584
sol,medium,legacy-depotcore-binary-parity,legacy-depotcore-binary-parity-4f731fe9,code-quality-maintenance-v3.7,published,84.1716,87.7539,100.00,73.06,100.00,58.9744,57.2917,63.4615,False,54.1667,50.0000,58.3333,57.6923,60.4167,62.5000,58.3333,69.2308,14,751.371,4196362,2.930328,2026-09-18T05:07:52.878562+00:00,2026-09-18T05:20:24.255987+00:00,codex-cli 0.153.4,8171a54f44f8c39afeb0fee8db27be53529b5f3c6aecc70fff0f649c0ff42b79
sol,medium,legacy-freightcore-binary-parity,legacy-freightcore-binary-parity-25cbc299,code-quality-maintenance-v3.7,published,88.8850,91.3924,100.00,81.00,100.00,71.2121,62.5000,94.4444,False,64.5833,54.1667,75.0000,100.0000,60.4167,58.3333,62.5000,88.8889,9,469.091,1677817,1.374442,2026-09-18T03:11:29.246775+00:00,2026-09-18T03:19:18.343904+00:00,codex-cli 0.153.4,ffcf94dc792063b670c8141c44c09f0420c7ce4d70476c108a27482e51961c3f
sol,medium,legacy-granarycore-binary-parity,legacy-granarycore-binary-parity-45f4ba25,code-quality-maintenance-v3.7,published,79.9201,82.9367,92.86,64.59,100.00,59.0909,56.2500,66.6667,False,56.2500,54.1667,58.3333,54.1667,56.2500,58.3333,54.1667,79.1667,13,954.182,5722827,3.597609,2026-09-18T04:51:58.545380+00:00,2026-09-18T05:07:52.734850+00:00,codex-cli 0.153.4,0b7417a0dd0735e3268b7ac455b810169de503b793dc83d0aeebe4e808d90a6e
sol,medium,legacy-hedgecore-binary-parity,legacy-hedgecore-binary-parity-fdc1620c,code-quality-maintenance-v3.7,published,88.8135,91.4112,100.00,81.63,100.00,70.8333,64.5833,87.5000,False,60.4167,58.3333,62.5000,87.5000,68.7500,66.6667,70.8333,87.5000,8,383.11,1272370,1.062635,2026-09-18T03:59:20.187174+00:00,2026-09-18T04:05:43.302943+00:00,codex-cli 0.153.4,475e2727373b96b2dd5f2fb050a5f8c624edd619518aad20a8e5d6a74cb1e5a5
sol,medium,legacy-lodgecore-binary-parity,legacy-lodgecore-binary-parity-9aa67a7e,code-quality-maintenance-v3.7,published,75.1029,77.4989,75.00,74.74,100.00,68.9394,66.6667,75.0000,False,64.5833,58.3333,70.8333,75.0000,68.7500,62.5000,75.0000,75.0000,9,2330.062,7817714,5.107166,2026-09-18T06:14:15.736048+00:00,2026-09-18T06:53:05.809987+00:00,codex-cli 0.153.4,ff6b1a82ccbd002cdd21097b93ad3a62d8524169018dd74a9ec2a2d2f2c41acc
sol,medium,legacy-matchcore-order-book-parity,legacy-matchcore-order-book-parity-1125587d,code-quality-maintenance-v3.7,published,88.4957,90.7054,100.00,76.42,100.00,71.2121,69.7917,75.0000,False,68.7500,58.3333,79.1667,72.2222,70.8333,66.6667,75.0000,77.7778,9,525.86,1201482,1.033570,2026-09-18T02:39:40.799333+00:00,2026-09-18T02:48:26.665018+00:00,codex-cli 0.153.4,c22e0367c9a5a4cb36322010070ee46fa6dcb583a90caea0e28b173605bcde18
sol,medium,legacy-metercore-binary-parity,legacy-metercore-binary-parity-5f8492bc,code-quality-maintenance-v3.7,published,76.8354,79.7415,77.78,81.29,100.00,68.2900,69.7917,64.2857,False,70.8333,62.5000,79.1667,64.2857,68.7500,62.5000,75.0000,64.2857,7,440.996,878457,0.851870,2026-09-18T03:04:08.099275+00:00,2026-09-18T03:11:29.101774+00:00,codex-cli 0.153.4,df2de6e8940357e3048742821a8d467a1f67d99f50c932296849fcf161a88941
sol,medium,legacy-pacecore-binary-parity,legacy-pacecore-binary-parity-b8fc4243,code-quality-maintenance-v3.7,published,89.7115,91.9406,100.00,81.48,100.00,73.5931,67.7083,89.2857,False,66.6667,58.3333,75.0000,100.0000,68.7500,66.6667,70.8333,78.5714,9,324.301,687552,0.682765,2026-09-18T04:31:41.939491+00:00,2026-09-18T04:37:06.245323+00:00,codex-cli 0.153.4,5b3618114d55e330dd03a4c8f2d89620e0cd4ed6360f1d99a4cbfdb2a3b5332a
sol,medium,legacy-paddockcore-binary-parity,legacy-paddockcore-binary-parity-60d860b2,code-quality-maintenance-v3.7,published,84.0845,86.8521,100.00,69.44,95.00,60.9307,58.3333,67.8571,False,52.0833,45.8333,58.3333,67.8571,64.5833,62.5000,66.6667,67.8571,15,1107.401,6797191,4.260914,2026-09-18T05:55:48.179460+00:00,2026-09-18T06:14:15.588458+00:00,codex-cli 0.153.4,db51a317ac14b806c3e8821d028ae66616638e66a96847253b7fc6e45338a497
sol,medium,legacy-payrollcore-binary-parity,legacy-payrollcore-binary-parity-c5e2f8a0,code-quality-maintenance-v3.7,published,87.6382,90.5827,100.00,80.45,100.00,67.5758,66.6667,70.0000,False,62.5000,58.3333,66.6667,65.0000,70.8333,62.5000,79.1667,75.0000,10,674.98,1726842,1.492546,2026-09-18T02:52:52.977509+00:00,2026-09-18T03:04:07.965079+00:00,codex-cli 0.153.4,fa794ba46f0a0bc1d8a8e455ceea3c559b368c50ae68ad1bd029901830547a48
sol,medium,legacy-qlite-store-parity,legacy-qlite-store-parity-baee846d,code-quality-maintenance-v3.7,published,78.3575,80.5242,77.78,79.87,100.00,73.2684,64.5833,96.4286,False,66.6667,58.3333,75.0000,100.0000,62.5000,54.1667,70.8333,92.8571,7,266.043,456125,0.510138,2026-09-18T02:48:26.801082+00:00,2026-09-18T02:52:52.848625+00:00,codex-cli 0.153.4,954c758bcfc576a003e8d681a839a174de12de3ea469b0f1414acd406d5da693
sol,medium,legacy-queuecore-binary-parity,legacy-queuecore-binary-parity-5a4d75f5,code-quality-maintenance-v3.7,published,85.1011,88.8116,100.00,78.08,100.00,60.4978,60.4167,60.7143,False,60.4167,50.0000,70.8333,64.2857,60.4167,54.1667,66.6667,57.1429,8,639.564,1031592,1.041315,2026-09-18T03:48:40.487828+00:00,2026-09-18T03:59:20.056447+00:00,codex-cli 0.153.4,cc1ee8eaf3f51f52d8069a1dc7e953c93866e03f256257566de39d6f1fad1111
sol,medium,legacy-quotacore-binary-parity,legacy-quotacore-binary-parity-9de78075,code-quality-maintenance-v3.7,published,80.7433,82.8614,80.00,84.48,100.00,75.9470,73.9583,81.2500,False,72.9167,66.6667,79.1667,87.5000,75.0000,75.0000,75.0000,75.0000,8,409.793,786077,0.774660,2026-09-18T03:26:30.314096+00:00,2026-09-18T03:33:20.111240+00:00,codex-cli 0.153.4,f9541072bc5aa292a7c5778944ca2804248a100cdd69c9f9dcc7b74a72908ad4
sol,medium,legacy-reflowcore-binary-parity,legacy-reflowcore-binary-parity-f15d645a,code-quality-maintenance-v3.7,published,85.4470,89.6288,100.00,84.25,100.00,59.9567,58.3333,64.2857,False,56.2500,54.1667,58.3333,57.1429,60.4167,62.5000,58.3333,71.4286,8,591.897,1310308,1.269603,2026-09-18T04:14:10.045800+00:00,2026-09-18T04:24:01.949788+00:00,codex-cli 0.153.4,da1838ad281274f07a38e84adafc4413db7e518a2a31adb185e05835cfd9cb22
sol,medium,legacy-schedcore-binary-parity,legacy-schedcore-binary-parity-ad7c0a09,code-quality-maintenance-v3.7,published,81.1827,84.1519,87.50,79.88,100.00,67.0996,70.8333,57.1429,False,70.8333,62.5000,79.1667,42.8571,70.8333,66.6667,75.0000,71.4286,7,506.452,814004,0.795667,2026-09-18T04:05:43.436974+00:00,2026-09-18T04:14:09.894579+00:00,codex-cli 0.153.4,3c001280635cd2b3ebec98aa756708ba4c30034ad5c3793212c113002bac4b6f
sol,medium,legacy-settlecore-binary-parity,legacy-settlecore-binary-parity-82a71779,code-quality-maintenance-v3.7,published,77.4806,80.2537,80.00,78.08,100.00,67.7083,70.8333,59.3750,False,68.7500,58.3333,79.1667,43.7500,72.9167,70.8333,75.0000,75.0000,8,1004.908,2828178,2.497278,2026-09-18T02:22:55.748697+00:00,2026-09-18T02:39:40.666032+00:00,codex-cli 0.153.4,f2d35cb486803ceddd0aeb34722d5178b81cc69af71460e1f04bfcc98cb2ecee
sol,medium,legacy-snapcore-binary-parity,legacy-snapcore-binary-parity-86b5fa06,code-quality-maintenance-v3.7,published,77.5049,80.6948,80.00,82.41,100.00,66.6667,63.5417,75.0000,False,60.4167,58.3333,62.5000,78.5714,66.6667,62.5000,70.8333,71.4286,8,337.697,1076499,0.976130,2026-09-18T03:33:20.277837+00:00,2026-09-18T03:38:57.979059+00:00,codex-cli 0.153.4,549d5c4c23730ef3335603714ab0cdc7962c9b52ab74f4c0193abe7ad1a91a2b
sol,medium,legacy-stampcore-binary-parity,legacy-stampcore-binary-parity-2c4067c0,code-quality-maintenance-v3.7,published,87.3510,90.5474,100.00,81.86,100.00,66.3420,60.4167,82.1429,False,58.3333,50.0000,66.6667,78.5714,62.5000,54.1667,70.8333,85.7143,9,334.446,1309327,1.040326,2026-09-18T04:46:23.961482+00:00,2026-09-18T04:51:58.413221+00:00,codex-cli 0.153.4,2b6d331c9a08b8ece171070d17d711116f57a32252ca404ba00b564914a3bbe4
sol,medium,legacy-tallycore-binary-parity,legacy-tallycore-binary-parity-19c3872d,code-quality-maintenance-v3.7,published,86.4428,89.9793,100.00,81.68,100.00,63.6364,59.3750,75.0000,False,58.3333,58.3333,58.3333,64.2857,60.4167,62.5000,58.3333,85.7143,8,459.715,1456780,1.296928,2026-09-18T04:24:02.081415+00:00,2026-09-18T04:31:41.802562+00:00,codex-cli 0.153.4,a35d374ebfc34fd7b3923686eb6f34431dfa9b4d56f580b736b9925d03edc31a
sol,medium,legacy-vaultcore-binary-parity,legacy-vaultcore-binary-parity-e80e275c,code-quality-maintenance-v3.7,published,92.1425,93.7065,100.00,84.45,100.00,80.1948,78.1250,85.7143,False,79.1667,79.1667,79.1667,85.7143,77.0833,75.0000,79.1667,85.7143,9,582.247,1970963,1.582345,2026-09-18T03:38:58.103295+00:00,2026-09-18T03:48:40.357911+00:00,codex-cli 0.153.4,b004c4f7773f12dd065480ce0c31bf440a3c35fdc78906e61a6197ffab2c31dd
sol,high,legacy-blendcore-binary-parity,legacy-blendcore-binary-parity-3817276b,code-quality-maintenance-v3.7,published,86.2732,89.8971,100.00,81.89,100.00,63.0682,65.6250,56.2500,False,64.5833,50.0000,79.1667,62.5000,66.6667,58.3333,75.0000,50.0000,9,424.652,962074,1.011070,2026-09-18T08:51:27.085534+00:00,2026-09-18T08:58:31.743343+00:00,codex-cli 0.153.4,230114f022e1acd2277ebb6c4b0d64cca48e7d76b47380f065218acb9f92e221
sol,high,legacy-cellarcore-binary-parity,legacy-cellarcore-binary-parity-55472977,code-quality-maintenance-v3.7,published,72.6519,76.6802,78.57,74.37,100.00,56.1983,50.0000,72.7273,False,45.8333,41.6667,50.0000,72.7273,54.1667,54.1667,54.1667,72.7273,11,3923.213,17532511,10.853631,2026-09-18T09:37:21.130354+00:00,2026-09-18T10:42:44.367060+00:00,codex-cli 0.153.4,2d1798346185f3e33868c2aad7df309c0786786c6584b9421a6343a1eb0479bf
sol,high,legacy-codeccore-binary-parity,legacy-codeccore-binary-parity-8318982d,code-quality-maintenance-v3.7,published,76.0372,77.7490,70.00,81.53,100.00,77.5974,71.8750,92.8571,False,75.0000,66.6667,83.3333,92.8571,68.7500,62.5000,75.0000,92.8571,7,451.929,1172308,1.099546,2026-09-18T07:37:27.065228+00:00,2026-09-18T07:44:59.000259+00:00,codex-cli 0.153.4,f777597f6a281fa891d561855c9637b0eaf3f9072f69c6a2a68318161d2f0fc5
sol,high,legacy-depotcore-binary-parity,legacy-depotcore-binary-parity-4dbc69cc,code-quality-maintenance-v3.7,published,86.5898,89.1692,100.00,72.55,100.00,66.4336,62.5000,76.9231,False,62.5000,62.5000,62.5000,69.2308,62.5000,70.8333,54.1667,84.6154,14,1221.742,4359387,3.209494,2026-09-18T09:02:35.559485+00:00,2026-09-18T09:22:57.308247+00:00,codex-cli 0.153.4,b9b645877b1189c542548b2b209476b3c5cb24df4ada8bafdba859943e7822ec
sol,high,legacy-freightcore-binary-parity,legacy-freightcore-binary-parity-3d7eebc9,code-quality-maintenance-v3.7,published,89.7473,91.7555,100.00,79.38,100.00,74.2424,64.5833,100.0000,False,62.5000,54.1667,70.8333,100.0000,66.6667,58.3333,75.0000,100.0000,9,384.589,745209,0.835166,2026-09-18T07:31:02.345677+00:00,2026-09-18T07:37:26.939761+00:00,codex-cli 0.153.4,401038413134fbfe160bf82370ca2f7b670e3765c60078a66339c22e324b898f
sol,high,legacy-granarycore-binary-parity,legacy-granarycore-binary-parity-a528b6f6,code-quality-maintenance-v3.7,published,83.0490,85.9064,100.00,61.21,100.00,58.6247,51.0417,78.8462,False,45.8333,41.6667,50.0000,76.9231,56.2500,50.0000,62.5000,80.7692,14,852.52,6641927,4.122834,2026-09-18T11:20:29.755346+00:00,2026-09-18T11:34:42.281869+00:00,codex-cli 0.153.4,c29397ed48ab056c0b9cd72c0cc028657742c0d5b064916db7536bd47ce3f16e
sol,high,legacy-hedgecore-binary-parity,legacy-hedgecore-binary-parity-b304676c,code-quality-maintenance-v3.7,published,75.9887,78.7310,75.00,81.80,100.00,69.8052,62.5000,89.2857,False,62.5000,66.6667,58.3333,85.7143,62.5000,62.5000,62.5000,92.8571,6,569.198,1710903,1.405986,2026-09-18T08:16:21.709877+00:00,2026-09-18T08:25:50.914099+00:00,codex-cli 0.153.4,e6ee4a5ab206b72708ba9e41b5d651125a8eaac957491a246f3f68d7f350618a
sol,high,legacy-lodgecore-binary-parity,legacy-lodgecore-binary-parity-efd32fc9,code-quality-maintenance-v3.7,published,86.8614,89.4539,100.00,73.77,100.00,66.9421,56.2500,95.4545,False,54.1667,54.1667,54.1667,100.0000,58.3333,58.3333,58.3333,90.9091,12,863.495,5466226,3.493112,2026-09-18T09:22:57.443708+00:00,2026-09-18T09:37:20.947186+00:00,codex-cli 0.153.4,abac9d8eee7f4cd9080825c1dd93ce4a5e27828f2ef42e9f8d101779326c7b0a
sol,high,legacy-matchcore-order-book-parity,legacy-matchcore-order-book-parity-2f86aab5,code-quality-maintenance-v3.7,published,88.5646,90.5374,100.00,74.29,100.00,71.9697,69.7917,77.7778,False,68.7500,62.5000,75.0000,77.7778,70.8333,66.6667,75.0000,77.7778,9,423.988,1160041,1.077550,2026-09-18T07:01:51.661988+00:00,2026-09-18T07:08:55.655073+00:00,codex-cli 0.153.4,7e9cd0d30e13dc6a1d80b71ae2054b17d1eda89e0284c573265da1610eb596e6
sol,high,legacy-metercore-binary-parity,legacy-metercore-binary-parity-0a4853d8,code-quality-maintenance-v3.7,published,88.5951,91.1704,100.00,80.53,100.00,70.4545,68.7500,75.0000,False,70.8333,66.6667,75.0000,75.0000,66.6667,62.5000,70.8333,75.0000,9,422.566,1154085,1.023934,2026-09-18T07:23:59.637044+00:00,2026-09-18T07:31:02.210345+00:00,codex-cli 0.153.4,f03440d6ca132828e10e86748b4a1d36783b34d8ae650d119a8147ed4a963587
sol,high,legacy-pacecore-binary-parity,legacy-pacecore-binary-parity-f0e6ba20,code-quality-maintenance-v3.7,published,89.0304,91.5662,100.00,81.87,100.00,71.4286,68.7500,78.5714,False,66.6667,62.5000,70.8333,78.5714,70.8333,66.6667,75.0000,78.5714,9,296.373,580333,0.644730,2026-09-18T08:46:30.565143+00:00,2026-09-18T08:51:26.943149+00:00,codex-cli 0.153.4,336b0e92958574a6fb0b8d4634eb49dd45f88219f3214abd9730ab70b27db2ef
sol,high,legacy-paddockcore-binary-parity,legacy-paddockcore-binary-parity-a5d896de,code-quality-maintenance-v3.7,published,82.7435,86.0581,100.00,69.63,95.00,56.8182,59.3750,50.0000,False,56.2500,50.0000,62.5000,50.0000,62.5000,66.6667,58.3333,50.0000,15,1346.773,10678584,5.992384,2026-09-18T10:42:44.501126+00:00,2026-09-18T11:05:11.280415+00:00,codex-cli 0.153.4,38d5ddbd9292bc4ce495ae38006ede9ab21137dcfa1ee2c1e67736a13e333c1d
sol,high,legacy-payrollcore-binary-parity,legacy-payrollcore-binary-parity-d897b6ba,code-quality-maintenance-v3.7,published,88.0138,90.6950,100.00,79.28,100.00,69.0152,67.7083,72.5000,False,66.6667,62.5000,70.8333,70.0000,68.7500,62.5000,75.0000,75.0000,10,473.915,1355774,1.240037,2026-09-18T07:16:05.492365+00:00,2026-09-18T07:23:59.413819+00:00,codex-cli 0.153.4,f4c3812148451b9f5cb042f24cae36d738bcba3541c5edf2cc26320c253811b0
sol,high,legacy-qlite-store-parity,legacy-qlite-store-parity-679b7279,code-quality-maintenance-v3.7,published,89.3885,91.4120,100.00,78.10,100.00,73.4848,72.9167,75.0000,False,77.0833,66.6667,87.5000,77.7778,68.7500,62.5000,75.0000,72.2222,9,429.558,1044209,0.986241,2026-09-18T07:08:55.792285+00:00,2026-09-18T07:16:05.356187+00:00,codex-cli 0.153.4,659d202cf4b6efad1169f120785adcc7aa5b349830cd80785251358a639bca6f
sol,high,legacy-queuecore-binary-parity,legacy-queuecore-binary-parity-cb4fe925,code-quality-maintenance-v3.7,published,85.8877,89.0825,100.00,75.99,100.00,63.4199,60.4167,71.4286,False,58.3333,50.0000,66.6667,64.2857,62.5000,54.1667,70.8333,78.5714,8,508.587,940096,1.004330,2026-09-18T08:07:52.973114+00:00,2026-09-18T08:16:21.566224+00:00,codex-cli 0.153.4,4c373452563187857aa672b8a2c0cb1a2a95dab2cef41df12f44b88bf723616e
sol,high,legacy-quotacore-binary-parity,legacy-quotacore-binary-parity-4e44d958,code-quality-maintenance-v3.7,published,87.4455,90.3003,100.00,78.77,100.00,67.4242,59.3750,88.8889,False,58.3333,54.1667,62.5000,88.8889,60.4167,58.3333,62.5000,88.8889,10,353.727,1029444,0.936294,2026-09-18T07:44:59.136703+00:00,2026-09-18T07:50:52.868234+00:00,codex-cli 0.153.4,e66580566e0fcfd98455bc7c580a7b674899c642bdfadefbe241a46ecfd4a891
sol,high,legacy-reflowcore-binary-parity,legacy-reflowcore-binary-parity-80911ae7,code-quality-maintenance-v3.7,published,88.6493,91.5559,100.00,84.11,100.00,69.6970,67.7083,75.0000,False,64.5833,62.5000,66.6667,64.2857,70.8333,70.8333,70.8333,85.7143,8,638.432,796913,0.846074,2026-09-18T08:34:47.506818+00:00,2026-09-18T08:45:25.943464+00:00,codex-cli 0.153.4,aacee859c63f85ee594428a1fee9ba26b104b15e282de992724a6a5eb7860538
sol,high,legacy-schedcore-binary-parity,legacy-schedcore-binary-parity-74e72009,code-quality-maintenance-v3.7,published,88.6411,90.7551,100.00,76.03,100.00,71.7532,62.5000,96.4286,False,58.3333,45.8333,70.8333,100.0000,66.6667,58.3333,75.0000,92.8571,8,536.272,1197106,1.119944,2026-09-18T08:25:51.065645+00:00,2026-09-18T08:34:47.344843+00:00,codex-cli 0.153.4,851f49585c42c62a5b1d802f035552bdaed624b3ebcda78611869a006f51605d
sol,high,legacy-settlecore-binary-parity,legacy-settlecore-binary-parity-2d5963e9,code-quality-maintenance-v3.7,published,88.8179,90.9844,100.00,77.27,100.00,71.9697,70.8333,75.0000,False,75.0000,66.6667,83.3333,83.3333,66.6667,58.3333,75.0000,66.6667,10,522.798,1121129,1.277441,2026-09-18T06:53:08.712715+00:00,2026-09-18T07:01:51.517517+00:00,codex-cli 0.153.4,c6df328d3915d73bd75c94c6f1192056dce95557e5b8cdb8898e086218864d06
sol,high,legacy-snapcore-binary-parity,legacy-snapcore-binary-parity-36b9da7b,code-quality-maintenance-v3.7,published,86.1161,89.8009,100.00,81.88,100.00,62.5947,61.4583,65.6250,False,58.3333,54.1667,62.5000,75.0000,64.5833,62.5000,66.6667,56.2500,10,447.05,1155844,1.105062,2026-09-18T07:50:53.002279+00:00,2026-09-18T07:58:20.055538+00:00,codex-cli 0.153.4,5a16da41c5dfa180243a8e0f6f5fa3af63fd0afba9f3f0c12eb5c8bec9a6ba0d
sol,high,legacy-stampcore-binary-parity,legacy-stampcore-binary-parity-da74d97d,code-quality-maintenance-v3.7,published,87.3969,90.5457,100.00,81.56,100.00,66.5584,59.3750,85.7143,False,58.3333,54.1667,62.5000,85.7143,60.4167,54.1667,66.6667,85.7143,9,292.819,696412,0.715917,2026-09-18T11:15:36.788918+00:00,2026-09-18T11:20:29.613281+00:00,codex-cli 0.153.4,72b204b3706d831f271808d60d6166a36159d15d5747a3509449c1b8ebec7451
sol,high,legacy-tallycore-binary-parity,legacy-tallycore-binary-parity-049b4cad,code-quality-maintenance-v3.7,published,86.5823,89.9771,100.00,80.80,100.00,64.2857,56.2500,85.7143,False,56.2500,50.0000,62.5000,85.7143,56.2500,50.0000,62.5000,85.7143,8,625.193,2218455,1.730223,2026-09-18T11:05:11.435721+00:00,2026-09-18T11:15:36.635278+00:00,codex-cli 0.153.4,6103717fa96ff722a7fb38a174a4b0b251dbe7e6a6b89b450e96d36d96424fa3
sol,high,legacy-vaultcore-binary-parity,legacy-vaultcore-binary-parity-6268ec77,code-quality-maintenance-v3.7,published,89.3552,91.8911,100.00,83.17,100.00,72.0779,65.6250,89.2857,False,58.3333,58.3333,58.3333,85.7143,72.9167,70.8333,75.0000,92.8571,9,572.643,1343715,1.311260,2026-09-18T07:58:20.199384+00:00,2026-09-18T08:07:52.847188+00:00,codex-cli 0.153.4,47822d6ff69399b90e3fe481a20ec746f2a5dc9f439624cfe57e8edbdde4ddb8
sol,extra-high,legacy-blendcore-binary-parity,legacy-blendcore-binary-parity-61b905b3,code-quality-maintenance-v3.7,published,87.3206,90.5506,100.00,82.08,100.00,66.1932,68.7500,59.3750,False,68.7500,62.5000,75.0000,68.7500,68.7500,62.5000,75.0000,50.0000,9,411.991,1213136,1.079872,2026-09-18T14:14:31.868544+00:00,2026-09-18T14:21:23.866531+00:00,codex-cli 0.153.4,9baf3e46eae7346b5143c26eab30491e4e2b69c9c8f24da18cd41412958f76ac
sol,extra-high,legacy-cellarcore-binary-parity,legacy-cellarcore-binary-parity-aa9cadda,code-quality-maintenance-v3.7,published,86.1824,89.1409,100.00,74.77,100.00,64.6270,61.4583,73.0769,False,56.2500,45.8333,66.6667,69.2308,66.6667,62.5000,70.8333,76.9231,14,812.917,2636475,2.072834,2026-09-18T15:08:03.026157+00:00,2026-09-18T15:21:35.950852+00:00,codex-cli 0.153.4,c8aa337bf51c6aaa88242a5dc144989269c104249c65d71ee79a761d79eb95ab
sol,extra-high,legacy-codeccore-binary-parity,legacy-codeccore-binary-parity-d2a17e20,code-quality-maintenance-v3.7,published,75.4258,77.2495,70.00,80.22,100.00,76.0823,69.7917,92.8571,False,68.7500,62.5000,75.0000,92.8571,70.8333,66.6667,75.0000,92.8571,7,713.422,1769194,1.767992,2026-09-18T12:28:22.082629+00:00,2026-09-18T12:40:15.511898+00:00,codex-cli 0.153.4,f13412c96df401551f6f223379a72f513e2d1985ab82d86a27933790dce7d93a
sol,extra-high,legacy-depotcore-binary-parity,legacy-depotcore-binary-parity-c69db7d6,code-quality-maintenance-v3.7,published,85.9471,88.8595,100.00,73.36,100.00,64.2774,64.5833,63.4615,False,62.5000,66.6667,58.3333,65.3846,66.6667,75.0000,58.3333,61.5385,14,624.039,2232108,1.798998,2026-09-18T14:44:21.280640+00:00,2026-09-18T14:54:45.326699+00:00,codex-cli 0.153.4,b8739b15134cc4d4034d3c6f5fdfdd6816c89293b6c497772ff757b55822e0c6
sol,extra-high,legacy-freightcore-binary-parity,legacy-freightcore-binary-parity-35ecec2a,code-quality-maintenance-v3.7,published,90.0551,92.0090,100.00,80.06,100.00,75.0000,69.7917,88.8889,False,68.7500,62.5000,75.0000,88.8889,70.8333,66.6667,75.0000,88.8889,9,471.886,1358900,1.262605,2026-09-18T12:20:30.048761+00:00,2026-09-18T12:28:21.940572+00:00,codex-cli 0.153.4,f30a4696b58fd945fae81d7189a54f0ff771376c370b186aa506f66a45d641b3
sol,extra-high,legacy-granarycore-binary-parity,legacy-granarycore-binary-parity-590a7bda,code-quality-maintenance-v3.7,published,80.7391,84.1697,100.00,57.79,100.00,52.5058,44.7917,73.0769,False,41.6667,37.5000,45.8333,53.8462,47.9167,45.8333,50.0000,92.3077,14,942.113,6197616,3.966589,2026-09-18T14:28:39.008430+00:00,2026-09-18T14:44:21.128757+00:00,codex-cli 0.153.4,679f9a8afceb17b29ccd7b5823dc2718a62f8816498675bc5cca6c00f3eca598
sol,extra-high,legacy-hedgecore-binary-parity,legacy-hedgecore-binary-parity-b5b0c546,code-quality-maintenance-v3.7,published,89.5968,91.7795,100.00,80.55,100.00,73.4848,63.5417,100.0000,False,62.5000,58.3333,66.6667,100.0000,64.5833,62.5000,66.6667,100.0000,8,595.406,1339363,1.316786,2026-09-18T13:18:12.421174+00:00,2026-09-18T13:28:07.833512+00:00,codex-cli 0.153.4,965f7684359f42501cd4bf398bcaf02ddafd95fb70294b05a6a4c888d1526dab
sol,extra-high,legacy-lodgecore-binary-parity,legacy-lodgecore-binary-parity-a0b28093,code-quality-maintenance-v3.7,published,87.4750,89.7204,100.00,72.70,100.00,69.0771,58.3333,97.7273,False,58.3333,58.3333,58.3333,100.0000,58.3333,62.5000,54.1667,95.4545,12,797.378,3700677,2.625220,2026-09-18T14:54:45.481218+00:00,2026-09-18T15:08:02.865376+00:00,codex-cli 0.153.4,404a5225e48cc2cafa6e1e171ee428a1aac724e8b994734b424ceb3f93492cda
sol,extra-high,legacy-matchcore-order-book-parity,legacy-matchcore-order-book-parity-47db369e,code-quality-maintenance-v3.7,published,88.0680,90.2404,100.00,74.33,100.00,70.4545,68.7500,75.0000,False,64.5833,58.3333,70.8333,77.7778,72.9167,70.8333,75.0000,72.2222,9,697.513,1416133,1.319287,2026-09-18T11:43:02.144741+00:00,2026-09-18T11:54:39.664279+00:00,codex-cli 0.153.4,486d755cebc691b21c2c404303fc915bb180a6bd2ae4f8e633538e65a689b4c7
sol,extra-high,legacy-metercore-binary-parity,legacy-metercore-binary-parity-b085b1b2,code-quality-maintenance-v3.7,published,89.1705,91.5704,100.00,81.05,100.00,72.0644,69.7917,78.1250,False,66.6667,62.5000,70.8333,75.0000,72.9167,66.6667,79.1667,81.2500,9,456.648,753965,0.834689,2026-09-18T12:12:53.252592+00:00,2026-09-18T12:20:29.905609+00:00,codex-cli 0.153.4,9437a6ec109b0c1db47adefcf2685a1cd42359709d8eb8a92b80abe2e0a8bead
sol,extra-high,legacy-pacecore-binary-parity,legacy-pacecore-binary-parity-a94a8bfd,code-quality-maintenance-v3.7,published,88.8493,91.3708,100.00,81.00,100.00,71.1039,65.6250,85.7143,False,66.6667,54.1667,79.1667,78.5714,64.5833,62.5000,66.6667,92.8571,9,522.532,1181469,1.132711,2026-09-18T14:05:49.196098+00:00,2026-09-18T14:14:31.733227+00:00,codex-cli 0.153.4,827c282102a32b181a0a7fab36bc180532fe58b3b74027b8b6678d912f5cb108
sol,extra-high,legacy-paddockcore-binary-parity,legacy-paddockcore-binary-parity-e36413ad,code-quality-maintenance-v3.7,published,77.2376,80.7860,93.33,68.32,90.00,51.8648,48.9583,59.6154,False,43.7500,41.6667,45.8333,53.8462,54.1667,50.0000,58.3333,65.3846,14,1046.681,7311267,4.756546,2026-09-18T15:21:36.079869+00:00,2026-09-18T15:39:02.767030+00:00,codex-cli 0.153.4,a9039abdb896f56042ae4135ae6ae19243c2c0b1cf402bd2516e34916dc8b29d
sol,extra-high,legacy-payrollcore-binary-parity,legacy-payrollcore-binary-parity-618e0569,code-quality-maintenance-v3.7,published,86.9284,90.1121,100.00,80.04,100.00,65.5303,66.6667,62.5000,False,68.7500,58.3333,79.1667,60.0000,64.5833,58.3333,70.8333,65.0000,10,454.978,855453,1.055278,2026-09-18T12:05:18.117190+00:00,2026-09-18T12:12:53.101318+00:00,codex-cli 0.153.4,e9235083356a3cdc04b87a9fc9277f371ca38b55a73ed32c846f99af3c98c8a4
sol,extra-high,legacy-qlite-store-parity,legacy-qlite-store-parity-da2f077d,code-quality-maintenance-v3.7,published,90.4259,92.0840,100.00,78.54,100.00,76.5152,71.8750,88.8889,False,68.7500,62.5000,75.0000,88.8889,75.0000,70.8333,79.1667,88.8889,9,637.964,1363371,1.271846,2026-09-18T11:54:39.818503+00:00,2026-09-18T12:05:17.789703+00:00,codex-cli 0.153.4,25b82a933bc60e218f8b97d810953a1a82f1f9438f417423d8bf81db4b209a1c
sol,extra-high,legacy-queuecore-binary-parity,legacy-queuecore-binary-parity-4e6f08ef,code-quality-maintenance-v3.7,published,86.5790,89.5576,100.00,76.56,100.00,65.3680,60.4167,78.5714,False,60.4167,50.0000,70.8333,92.8571,60.4167,54.1667,66.6667,64.2857,8,560.723,1032015,1.163554,2026-09-18T13:08:51.552143+00:00,2026-09-18T13:18:12.280852+00:00,codex-cli 0.153.4,c4f90f83f1d103dbc7c7478d329d43a7dde19e0c95412978dc9c754f79e2e025
sol,extra-high,legacy-quotacore-binary-parity,legacy-quotacore-binary-parity-ca2673f5,code-quality-maintenance-v3.7,published,88.3289,90.9904,100.00,80.34,100.00,69.6970,62.5000,88.8889,False,58.3333,54.1667,62.5000,88.8889,66.6667,58.3333,75.0000,88.8889,10,536.91,1201788,1.148595,2026-09-18T12:40:15.665945+00:00,2026-09-18T12:49:12.581159+00:00,codex-cli 0.153.4,7467a2e9f9e479942d18d5f811f098048252b5e3efaebe5ac14dc7069019ec66
sol,extra-high,legacy-reflowcore-binary-parity,legacy-reflowcore-binary-parity-28d8f500,code-quality-maintenance-v3.7,published,87.4359,90.7388,100.00,83.28,100.00,66.2338,65.6250,67.8571,False,68.7500,70.8333,66.6667,57.1429,62.5000,66.6667,58.3333,78.5714,8,980.81,1260733,1.257668,2026-09-18T13:36:47.024426+00:00,2026-09-18T13:53:07.841061+00:00,codex-cli 0.153.4,296feea7f264fa1f68b077d0499623f486140e8d9f4753bf7ff7db7591fe3945
sol,extra-high,legacy-schedcore-binary-parity,legacy-schedcore-binary-parity-88489d77,code-quality-maintenance-v3.7,published,86.5340,89.4781,100.00,76.03,100.00,65.3680,60.4167,78.5714,False,56.2500,41.6667,70.8333,78.5714,64.5833,54.1667,75.0000,78.5714,8,518.916,1098397,1.077396,2026-09-18T13:28:07.971260+00:00,2026-09-18T13:36:46.892141+00:00,codex-cli 0.153.4,5ee3402af492d65b8a305b2f4a04bcf997bfa8e0678549702e26b72f11de53d3
sol,extra-high,legacy-settlecore-binary-parity,legacy-settlecore-binary-parity-f4d55a7d,code-quality-maintenance-v3.7,published,85.6488,88.8678,100.00,75.28,100.00,62.8788,63.5417,61.1111,False,60.4167,54.1667,66.6667,50.0000,66.6667,58.3333,75.0000,72.2222,10,496.999,976654,1.138264,2026-09-18T11:34:45.002825+00:00,2026-09-18T11:43:02.008198+00:00,codex-cli 0.153.4,ed97a64476a580a79293605b7202745070a488591b3c5fbed6b2b46c0274edf7
sol,extra-high,legacy-snapcore-binary-parity,legacy-snapcore-binary-parity-80fee844,code-quality-maintenance-v3.7,published,84.4711,88.7085,100.00,80.91,100.00,57.8598,57.2917,59.3750,False,56.2500,54.1667,58.3333,62.5000,58.3333,58.3333,58.3333,56.2500,10,426.826,1032195,1.045362,2026-09-18T12:49:12.703600+00:00,2026-09-18T12:56:19.534648+00:00,codex-cli 0.153.4,88c6cacb541b24fc3d8c2cb634c4b05a39878aea8b464badd09a245a8ea2f607
sol,extra-high,legacy-stampcore-binary-parity,legacy-stampcore-binary-parity-b000d1e8,code-quality-maintenance-v3.7,published,87.4343,90.6117,100.00,82.00,100.00,66.5584,59.3750,85.7143,False,58.3333,54.1667,62.5000,78.5714,60.4167,58.3333,62.5000,92.8571,9,434.822,1226237,1.079681,2026-09-18T14:21:24.036158+00:00,2026-09-18T14:28:38.863499+00:00,codex-cli 0.153.4,dcac06d02fce0b7ffdb71495648d2e4f18a348a6cf397725dac0f89393cab911
sol,extra-high,legacy-tallycore-binary-parity,legacy-tallycore-binary-parity-c937cbc2,code-quality-maintenance-v3.7,published,88.6104,91.1974,100.00,80.71,100.00,70.4545,68.7500,75.0000,False,68.7500,66.6667,70.8333,71.4286,68.7500,62.5000,75.0000,78.5714,8,761.084,1902612,1.753898,2026-09-18T13:53:07.971572+00:00,2026-09-18T14:05:49.063644+00:00,codex-cli 0.153.4,52eab19cb58bab514a9292edaad0cd8d635afdb46630d5c8785665400a49febf
sol,extra-high,legacy-vaultcore-binary-parity,legacy-vaultcore-binary-parity-dc9cccac,code-quality-maintenance-v3.7,published,90.2744,92.4374,100.00,83.06,100.00,74.8918,70.8333,85.7143,False,66.6667,62.5000,70.8333,100.0000,75.0000,70.8333,79.1667,71.4286,9,751.733,929218,1.085275,2026-09-18T12:56:19.669291+00:00,2026-09-18T13:08:51.407707+00:00,codex-cli 0.153.4,a6307a66ebbbd49e25ffb5879520e495f31992790f9b06d000837b133f08ee26
sol,max,legacy-blendcore-binary-parity,legacy-blendcore-binary-parity-3da5651d,code-quality-maintenance-v3.7,published,87.8301,90.9067,100.00,82.56,100.00,67.6136,71.8750,56.2500,False,70.8333,66.6667,75.0000,62.5000,72.9167,66.6667,79.1667,50.0000,9,580.132,1390846,1.315877,2026-09-18T18:29:47.476805+00:00,2026-09-18T18:39:27.613580+00:00,codex-cli 0.153.4,c359dae30b652fe85059c3d282dab8652eb02159d2d6feee79b0e7a66db2b619
sol,max,legacy-cellarcore-binary-parity,legacy-cellarcore-binary-parity-b4446e69,code-quality-maintenance-v3.7,published,88.1392,90.2323,100.00,73.81,100.00,70.8042,65.6250,84.6154,False,64.5833,54.1667,75.0000,80.7692,66.6667,66.6667,66.6667,88.4615,14,879.455,5097196,3.311952,2026-09-18T19:35:07.347308+00:00,2026-09-18T19:49:46.808748+00:00,codex-cli 0.153.4,8b86d6244b568e1c667803ff9bd2241e7372ab5ef8afaca03615cac789a84f52
sol,max,legacy-codeccore-binary-parity,legacy-codeccore-binary-parity-1d63b8e9,code-quality-maintenance-v3.7,unpublished,,,100.00,79.89,100.00,,,,,,,,,,,,,10,588.595,1911551,1.615292,2026-09-18T16:41:49.546858+00:00,2026-09-18T16:51:38.147872+00:00,codex-cli 0.153.4,8523098a1a27d910dc5768653e084e52104c02e891bb8a427d7e7292556cae5e
sol,max,legacy-depotcore-binary-parity,legacy-depotcore-binary-parity-ef88609a,code-quality-maintenance-v3.7,published,79.3969,83.4616,92.86,73.14,100.00,55.3030,63.5417,33.3333,False,64.5833,54.1667,75.0000,33.3333,62.5000,66.6667,58.3333,33.3333,13,864.65,3005400,2.355424,2026-09-18T19:05:18.626324+00:00,2026-09-18T19:19:43.282161+00:00,codex-cli 0.153.4,d39ec5f2a3958e7e221af54859793c21dacdbe69178224aac21a82ea06de7ec7
sol,max,legacy-freightcore-binary-parity,legacy-freightcore-binary-parity-1094fd04,code-quality-maintenance-v3.7,published,89.3017,91.5485,100.00,80.02,100.00,72.7273,65.6250,91.6667,False,64.5833,58.3333,70.8333,88.8889,66.6667,58.3333,75.0000,94.4444,9,590.145,1345729,1.330919,2026-09-18T16:31:59.259675+00:00,2026-09-18T16:41:49.410263+00:00,codex-cli 0.153.4,a0efb763ee9cf9bc193a8f340d75d68ec17d5f43434622ca4c3ca7ba2962a3ed
sol,max,legacy-granarycore-binary-parity,legacy-granarycore-binary-parity-492ace40,code-quality-maintenance-v3.7,published,82.1703,85.2026,100.00,59.47,100.00,56.4103,45.8333,84.6154,False,43.7500,37.5000,50.0000,80.7692,47.9167,45.8333,50.0000,88.4615,14,969.064,4353104,3.494614,2026-09-18T18:49:09.406434+00:00,2026-09-18T19:05:18.477158+00:00,codex-cli 0.153.4,24bea178da4791dd3b038a5172e0c07a0dc2bf0d7795103c1a25a867e6b33d88
sol,max,legacy-hedgecore-binary-parity,legacy-hedgecore-binary-parity-f72af0ec,code-quality-maintenance-v3.7,published,90.8112,92.5106,100.00,80.50,100.00,77.1780,69.7917,96.8750,False,70.8333,75.0000,66.6667,100.0000,68.7500,66.6667,70.8333,93.7500,8,732.057,1871942,1.644091,2026-09-18T17:36:33.308927+00:00,2026-09-18T17:48:45.371396+00:00,codex-cli 0.153.4,6218844d5a50fa3285275e5462a43efb5a3295f15dda2455382b2e2b3571aa6e
sol,max,legacy-lodgecore-binary-parity,legacy-lodgecore-binary-parity-73d10164,code-quality-maintenance-v3.7,published,86.2556,89.0169,100.00,73.06,100.00,65.2893,53.1250,97.7273,False,52.0833,54.1667,50.0000,100.0000,54.1667,58.3333,50.0000,95.4545,12,923.778,5591942,3.681698,2026-09-18T19:19:43.424500+00:00,2026-09-18T19:35:07.210164+00:00,codex-cli 0.153.4,f8c2124a32160c109e86bc7f5d3bee660ff83d3fec4765531b153ef25b1dee3f
sol,max,legacy-matchcore-order-book-parity,legacy-matchcore-order-book-parity-c12c5d93,code-quality-maintenance-v3.7,published,87.6548,90.0904,100.00,75.35,100.00,68.9394,66.6667,75.0000,False,66.6667,62.5000,70.8333,77.7778,66.6667,62.5000,70.8333,72.2222,9,677.953,1633252,1.486387,2026-09-18T15:50:24.544621+00:00,2026-09-18T16:01:42.503877+00:00,codex-cli 0.153.4,8563e006a027be09a3450c8043459bd8a427561a2642b552583bf73ecd7f3207
sol,max,legacy-metercore-binary-parity,legacy-metercore-binary-parity-3c51a416,code-quality-maintenance-v3.7,published,88.5538,91.0253,100.00,79.31,100.00,70.6439,66.6667,81.2500,False,64.5833,58.3333,70.8333,75.0000,68.7500,66.6667,70.8333,87.5000,9,557.062,1013183,1.084425,2026-09-18T16:22:42.058937+00:00,2026-09-18T16:31:59.127054+00:00,codex-cli 0.153.4,85b64c5dcc68a23bff39fc123ea065da62a9ff0dc620ee94b0848c3596c695fd
sol,max,legacy-pacecore-binary-parity,legacy-pacecore-binary-parity-d2866e53,code-quality-maintenance-v3.7,published,90.6409,92.5462,100.00,81.91,100.00,76.2987,68.7500,96.4286,False,66.6667,58.3333,75.0000,92.8571,70.8333,66.6667,75.0000,100.0000,9,485.748,840860,0.955558,2026-09-18T18:21:41.589464+00:00,2026-09-18T18:29:47.342598+00:00,codex-cli 0.153.4,49e6efa2fc885f478c4bd559d998cfcf423c1a707d379a59bdae9b654e73c3fb
sol,max,legacy-paddockcore-binary-parity,legacy-paddockcore-binary-parity-d89fd543,code-quality-maintenance-v3.7,published,82.1647,85.1607,100.00,69.08,90.00,56.4935,56.2500,57.1429,False,50.0000,45.8333,54.1667,50.0000,62.5000,66.6667,58.3333,64.2857,15,976.783,5160587,3.614319,2026-09-18T19:49:46.942628+00:00,2026-09-18T20:06:03.730923+00:00,codex-cli 0.153.4,7ee212b29bbc163a09b0ae88ffe3866ea885eba8cf583a6ca95088b2c3901f33
sol,max,legacy-payrollcore-binary-parity,legacy-payrollcore-binary-parity-c908abcd,code-quality-maintenance-v3.7,published,87.1228,90.1944,100.00,79.68,100.00,66.2121,66.6667,65.0000,False,66.6667,58.3333,75.0000,60.0000,66.6667,62.5000,70.8333,70.0000,10,514.853,582027,0.880857,2026-09-18T16:14:07.070122+00:00,2026-09-18T16:22:41.927600+00:00,codex-cli 0.153.4,7639f67f055bf85abdb8d594f91da3a3a86f9f6eeed7eb9002304c57e67bbd17
sol,max,legacy-qlite-store-parity,legacy-qlite-store-parity-236a0eeb,code-quality-maintenance-v3.7,published,89.3689,91.3775,100.00,77.87,100.00,73.4848,71.8750,77.7778,False,66.6667,62.5000,70.8333,88.8889,77.0833,75.0000,79.1667,66.6667,9,744.295,1490564,1.378720,2026-09-18T16:01:42.629401+00:00,2026-09-18T16:14:06.930167+00:00,codex-cli 0.153.4,8d06a15acba53dc71d6b9da48cf471f515a8e227b766c1012e56506ff659c3ca
sol,max,legacy-queuecore-binary-parity,legacy-queuecore-binary-parity-406a7d48,code-quality-maintenance-v3.7,published,84.0680,87.9816,100.00,76.01,100.00,57.9004,54.1667,67.8571,False,50.0000,37.5000,62.5000,78.5714,58.3333,54.1667,62.5000,57.1429,8,887.097,1648750,1.510763,2026-09-18T17:21:46.071549+00:00,2026-09-18T17:36:33.174751+00:00,codex-cli 0.153.4,bb26fa61b386ad239f0a778aa2fda13d9b90c2a56ff86d115c6f180fba2aab75
sol,max,legacy-quotacore-binary-parity,legacy-quotacore-binary-parity-d300694b,code-quality-maintenance-v3.7,published,89.5849,91.7585,100.00,80.41,100.00,73.4848,67.7083,88.8889,False,68.7500,66.6667,70.8333,88.8889,66.6667,66.6667,66.6667,88.8889,10,495.961,964768,1.026570,2026-09-18T16:51:38.291379+00:00,2026-09-18T16:59:54.257895+00:00,codex-cli 0.153.4,2c55e0e09a8413f4964cbd7fdef751bca3390f5b4f3f6e9adb88e038c662a253
sol,max,legacy-reflowcore-binary-parity,legacy-reflowcore-binary-parity-c51fbfe0,code-quality-maintenance-v3.7,published,87.6936,90.9038,100.00,83.37,100.00,66.9913,66.6667,67.8571,False,68.7500,66.6667,70.8333,57.1429,64.5833,62.5000,66.6667,78.5714,8,623.662,1510182,1.420488,2026-09-18T17:59:06.048744+00:00,2026-09-18T18:09:29.715624+00:00,codex-cli 0.153.4,c549fc560bbd29fe911822bcf8f55613cd6d6c92a3bc61e33a57a113c928eebf
sol,max,legacy-schedcore-binary-parity,legacy-schedcore-binary-parity-75610ac6,code-quality-maintenance-v3.7,published,87.2942,89.8679,100.00,75.31,100.00,67.8571,62.5000,82.1429,False,58.3333,45.8333,70.8333,78.5714,66.6667,58.3333,75.0000,85.7143,8,620.411,1385874,1.371522,2026-09-18T17:48:45.500216+00:00,2026-09-18T17:59:05.917511+00:00,codex-cli 0.153.4,79048da3264c47ff78d470ae2840aa5cf84e68c85c49a0bb4eb1fc8f03747ef1
sol,max,legacy-settlecore-binary-parity,legacy-settlecore-binary-parity-7b20117c,code-quality-maintenance-v3.7,published,87.6921,90.1564,100.00,75.79,100.00,68.9394,66.6667,75.0000,False,68.7500,54.1667,83.3333,77.7778,64.5833,58.3333,70.8333,72.2222,10,678.918,1605667,1.525378,2026-09-18T15:39:05.478938+00:00,2026-09-18T15:50:24.402508+00:00,codex-cli 0.153.4,fb62697799d7982fafa8d640b88a94b5eae590653d59a2c3f53812443298a35a
sol,max,legacy-snapcore-binary-parity,legacy-snapcore-binary-parity-03d2934c,code-quality-maintenance-v3.7,published,86.8323,90.2320,100.00,81.85,100.00,64.7727,65.6250,62.5000,False,68.7500,66.6667,70.8333,62.5000,62.5000,58.3333,66.6667,62.5000,10,755.344,2253632,1.848160,2026-09-18T16:59:54.398351+00:00,2026-09-18T17:12:29.749389+00:00,codex-cli 0.153.4,365ad0e1e041b34e315f1b9690ff12448957cee6bb13119d37b7aa4c475bce84
sol,max,legacy-stampcore-binary-parity,legacy-stampcore-binary-parity-ff5566d1,code-quality-maintenance-v3.7,published,88.8501,91.4963,100.00,82.27,100.00,70.7792,62.5000,92.8571,False,62.5000,58.3333,66.6667,92.8571,62.5000,58.3333,66.6667,92.8571,9,581.509,1215415,1.213394,2026-09-18T18:39:27.744545+00:00,2026-09-18T18:49:09.258743+00:00,codex-cli 0.153.4,03034b6120444a6b6309a8d4fce859fa16a505d86861a23f27c186d6a17148c1
sol,max,legacy-tallycore-binary-parity,legacy-tallycore-binary-parity-0ea41c30,code-quality-maintenance-v3.7,published,86.1274,89.7123,100.00,80.91,100.00,62.8788,58.3333,75.0000,False,56.2500,50.0000,62.5000,78.5714,60.4167,50.0000,70.8333,71.4286,8,731.596,1881410,1.725035,2026-09-18T18:09:29.849460+00:00,2026-09-18T18:21:41.450964+00:00,codex-cli 0.153.4,c75bf6b94a26751a2494b5827e4400d017ce90e4e438b8c9d633817e82561df8
sol,max,legacy-vaultcore-binary-parity,legacy-vaultcore-binary-parity-392df5e5,code-quality-maintenance-v3.7,published,90.4088,92.3849,100.00,81.70,100.00,75.6494,71.8750,85.7143,False,70.8333,75.0000,66.6667,71.4286,72.9167,66.6667,79.1667,100.0000,9,556.042,817903,0.999647,2026-09-18T17:12:29.890035+00:00,2026-09-18T17:21:45.937023+00:00,codex-cli 0.153.4,5e585c2b4be6d7d6c68682b8b68b80281654193f85e9d7b2f0fea22fdca718e0
