model,effort,task,run_id,judged_under,judged,combined_33,combined_20_profile,functional_pct,automated_quality_pct,security_pct,code_quality,reviewed_score,intent_recovery,intent_recovery_redistributed,muse_reviewed,muse_readability,muse_maintainability,muse_intent_recovery,passed_quirk_families,duration_s,raw_tokens,devin_credits,devin_acu,estimated_usd,started_at,finished_at,solver_cli_version,evidence_sha256
swe2,medium,legacy-blendcore-binary-parity,legacy-blendcore-binary-parity-3a67acc9,code-quality-maintenance-v3.11,published,86.5249,90.0517,100.00,81.91,100.00,63.8258,66.6667,56.2500,False,66.6667,54.1667,79.1667,56.2500,9,3521.286,11349553,0,0.0,0.00,2026-09-19T08:52:34.335176+00:00,2026-09-19T09:51:15.629183+00:00,devin 3000.10.31 (b98cc431),8a02429511c4b1b166d3d70f558fc1082497f6dc4c80090f0933178404e8c67d
swe2,medium,legacy-cellarcore-binary-parity,legacy-cellarcore-binary-parity-cf23d67f,code-quality-maintenance-v3.11,published,79.0928,82.0512,85.71,74.99,100.00,64.7383,58.3333,81.8182,False,58.3333,50.0000,66.6667,81.8182,12,6185.706,46169890,0,0.0,0.00,2026-09-19T16:22:29.110088+00:00,2026-09-19T18:05:34.837419+00:00,devin 3000.10.31 (b98cc431),79edbcc1f594b973d790d8a27349813d50225b2b739a6a3b434c7246ad749016
swe2,medium,legacy-codeccore-binary-parity,legacy-codeccore-binary-parity-7505d504,code-quality-maintenance-v3.11,published,59.3213,61.5830,40.00,80.25,100.00,72.7273,62.5000,100.0000,False,62.5000,58.3333,66.6667,100.0000,4,552.55,2464493,0,0.0,0.00,2026-09-19T04:07:47.490062+00:00,2026-09-19T04:17:00.049534+00:00,devin 3000.10.31 (b98cc431),57d7d2092c57289083c760827bb9a486d0a492f9de36eedf59d85269d15a40a2
swe2,medium,legacy-depotcore-binary-parity,legacy-depotcore-binary-parity-3bc94317,code-quality-maintenance-v3.11,published,73.2673,78.3541,85.71,73.30,100.00,47.5207,50.0000,40.9091,False,50.0000,37.5000,62.5000,40.9091,12,7730.517,60632607,0,0.0,0.00,2026-09-19T12:14:23.785691+00:00,2026-09-19T14:23:14.353171+00:00,devin 3000.10.31 (b98cc431),387353c085e34113368137d6507cab857def391f9473c7b22870eed5c2a772a3
swe2,medium,legacy-freightcore-binary-parity,legacy-freightcore-binary-parity-ec9cb38e,code-quality-maintenance-v3.11,published,87.2983,90.3303,100.00,79.98,100.00,66.6667,58.3333,88.8889,False,58.3333,58.3333,58.3333,88.8889,9,1974.719,8058079,0,0.0,0.00,2026-09-19T03:34:52.621090+00:00,2026-09-19T04:07:47.353791+00:00,devin 3000.10.31 (b98cc431),33ad3aec5ea72e9350a5a433cdc8b12ec4b0e02c6abe22ae585185d2bcb10919
swe2,medium,legacy-granarycore-binary-parity,legacy-granarycore-binary-parity-36523001,code-quality-maintenance-v3.11,published,79.2066,82.6914,92.86,66.49,100.00,56.4394,47.9167,79.1667,False,47.9167,41.6667,54.1667,79.1667,13,7389.09,77419454,0,0.0,0.00,2026-09-19T10:11:14.494739+00:00,2026-09-19T12:14:23.635108+00:00,devin 3000.10.31 (b98cc431),937441274410a547e8fed874a592ede3b36d06659090b481a99c916c4dfacf46
swe2,medium,legacy-hedgecore-binary-parity,legacy-hedgecore-binary-parity-129d64b0,code-quality-maintenance-v3.11,published,86.3306,89.7813,100.00,80.36,100.00,63.6364,50.0000,100.0000,False,50.0000,45.8333,54.1667,100.0000,8,797.734,3622064,0,0.0,0.00,2026-09-19T06:26:03.849193+00:00,2026-09-19T06:39:21.588947+00:00,devin 3000.10.31 (b98cc431),8b8073dff51162907317546dbc676d3d22655b05eaccf6f333589c54033644d5
swe2,medium,legacy-lodgecore-binary-parity,legacy-lodgecore-binary-parity-59067d84,code-quality-maintenance-v3.11,published,75.5944,79.5262,83.33,75.64,100.00,57.5758,41.6667,100.0000,False,41.6667,37.5000,45.8333,100.0000,10,7154.489,32020719,0,0.0,0.00,2026-09-19T14:23:14.479211+00:00,2026-09-19T16:22:28.982494+00:00,devin 3000.10.31 (b98cc431),26d5d3f62d87d75951d2a44d20ace9e53c6f08dd560b1774e74ec87b098f8c8b
swe2,medium,legacy-matchcore-order-book-parity,legacy-matchcore-order-book-parity-f99ea349,code-quality-maintenance-v3.11,published,84.9549,88.5122,100.00,75.94,100.00,60.6061,54.1667,77.7778,False,54.1667,37.5000,70.8333,77.7778,9,1398.376,3228898,0,0.0,0.00,2026-09-19T02:14:17.633091+00:00,2026-09-19T02:37:36.012662+00:00,devin 3000.10.31 (b98cc431),4f9a8332fe388ecbcf98aca19368f76c1b2d45be95fcf60a75ab1c0bc99e1d59
swe2,medium,legacy-metercore-binary-parity,legacy-metercore-binary-parity-04a867c1,code-quality-maintenance-v3.11,published,91.7604,93.3527,100.00,83.21,100.00,79.3561,83.3333,68.7500,False,83.3333,83.3333,83.3333,68.7500,9,1306.525,1158122,0,0.0,0.00,2026-09-19T03:13:05.963865+00:00,2026-09-19T03:34:52.489309+00:00,devin 3000.10.31 (b98cc431),25c02009d5cbd116ed37bf1a400f1cb87bb6880fa3afdb23aed420c31f055c9c
swe2,medium,legacy-pacecore-binary-parity,legacy-pacecore-binary-parity-854303b8,code-quality-maintenance-v3.11,published,85.1871,87.0870,88.89,82.26,100.00,76.5152,70.8333,91.6667,False,70.8333,62.5000,79.1667,91.6667,8,926.657,4464329,0,0.0,0.00,2026-09-19T08:37:07.527511+00:00,2026-09-19T08:52:34.190745+00:00,devin 3000.10.31 (b98cc431),1d39396713846427311b8fb523b0591bf65875cce3709352dae650e7b2dd13f7
swe2,medium,legacy-paddockcore-binary-parity,legacy-paddockcore-binary-parity-33e03cc0,code-quality-maintenance-v3.11,published,54.5517,56.3090,60.00,76.05,40.00,44.5076,35.4167,68.7500,False,35.4167,25.0000,45.8333,68.7500,9,9695.565,64289025,0,0.0,0.00,2026-09-19T18:05:34.965904+00:00,2026-09-19T20:47:10.570689+00:00,devin 3000.10.31 (b98cc431),55cb04c671b68f75f117f3b541685f6a2f1942ced3fffc86249a0a4bc69d8bfc
swe2,medium,legacy-payrollcore-binary-parity,legacy-payrollcore-binary-parity-997d6aa9,code-quality-maintenance-v3.11,published,84.7142,88.6667,100.00,78.99,100.00,59.0909,62.5000,50.0000,False,62.5000,58.3333,66.6667,50.0000,10,1718.396,10883087,0,0.0,0.00,2026-09-19T02:44:27.423057+00:00,2026-09-19T03:13:05.832416+00:00,devin 3000.10.31 (b98cc431),a47e208071162d0932da1acaa02a4d6b2cf8046816b28bb634780e8814e2aa81
swe2,medium,legacy-qlite-store-parity,legacy-qlite-store-parity-a1ba936c,code-quality-maintenance-v3.11,published,89.3085,91.5605,100.00,80.10,100.00,72.7273,66.6667,88.8889,False,66.6667,58.3333,75.0000,88.8889,9,411.127,1157605,0,0.0,0.00,2026-09-19T02:37:36.152598+00:00,2026-09-19T02:44:27.285601+00:00,devin 3000.10.31 (b98cc431),5103ea1d2eb3bcba2511d96a7808d73befc0498273a2f8a7dd54b19adc3bc456
swe2,medium,legacy-queuecore-binary-parity,legacy-queuecore-binary-parity-140fc328,code-quality-maintenance-v3.11,published,73.8841,77.3758,75.00,80.99,100.00,63.6364,62.5000,66.6667,False,62.5000,50.0000,75.0000,66.6667,6,5057.004,12477734,0,0.0,0.00,2026-09-19T05:01:46.698668+00:00,2026-09-19T06:26:03.707781+00:00,devin 3000.10.31 (b98cc431),245c779b5efbddfabcaf3ac67f8964a4238976c6c294f938248a74cd724b7d43
swe2,medium,legacy-quotacore-binary-parity,legacy-quotacore-binary-parity-8f43cae3,code-quality-maintenance-v3.11,published,88.2046,91.3504,100.00,84.76,100.00,68.1818,60.4167,88.8889,False,60.4167,54.1667,66.6667,88.8889,10,693.555,2279440,0,0.0,0.00,2026-09-19T04:17:00.195491+00:00,2026-09-19T04:28:33.757194+00:00,devin 3000.10.31 (b98cc431),dc89d8da28d1a4be7b403e186977341c9175389e3b034734732b7b8eecd31768
swe2,medium,legacy-reflowcore-binary-parity,legacy-reflowcore-binary-parity-4330d50a,code-quality-maintenance-v3.11,published,86.4359,90.2154,100.00,84.12,100.00,62.9870,62.5000,64.2857,False,62.5000,62.5000,62.5000,64.2857,8,2214.757,5502559,0,0.0,0.00,2026-09-19T07:23:12.249391+00:00,2026-09-19T08:00:07.013035+00:00,devin 3000.10.31 (b98cc431),d83b3e30a5b0b0cb485a33bf6da35063f2c40000a035f65d9085e30187ac6f68
swe2,medium,legacy-schedcore-binary-parity,legacy-schedcore-binary-parity-c3200548,code-quality-maintenance-v3.11,published,86.8868,89.8525,100.00,77.66,100.00,66.0173,66.6667,64.2857,False,66.6667,54.1667,79.1667,64.2857,8,2630.379,6287480,0,0.0,0.00,2026-09-19T06:39:21.722473+00:00,2026-09-19T07:23:12.110431+00:00,devin 3000.10.31 (b98cc431),ac93dd9068e79ca1eb51b752f2ea8b2bbce365082a81154d418ac66e29952b78
swe2,medium,legacy-settlecore-binary-parity,legacy-settlecore-binary-parity-57846f73,code-quality-maintenance-v3.11,published,85.9464,89.1033,100.00,75.84,100.00,63.6364,68.7500,50.0000,False,68.7500,62.5000,75.0000,50.0000,10,1925.224,11253798,0,0.0,0.00,2026-09-19T01:42:12.252225+00:00,2026-09-19T02:14:17.490361+00:00,devin 3000.10.31 (b98cc431),ec9306fe2d9d519f877fb782cf6f083c238907ea76c518bd6fc76fe2a9e35726
swe2,medium,legacy-snapcore-binary-parity,legacy-snapcore-binary-parity-ccc038f4,code-quality-maintenance-v3.11,published,88.8275,91.6530,100.00,84.00,100.00,70.2652,70.8333,68.7500,False,70.8333,75.0000,66.6667,68.7500,10,780.922,3439103,0,0.0,0.00,2026-09-19T04:28:33.886700+00:00,2026-09-19T04:41:34.817046+00:00,devin 3000.10.31 (b98cc431),f1af2731cb58b3f87714dd692e651da452782bab9c820b97c7d6b1063103848e
swe2,medium,legacy-stampcore-binary-parity,legacy-stampcore-binary-parity-8b83d27d,code-quality-maintenance-v3.11,published,88.9726,91.4642,100.00,81.19,100.00,71.4286,68.7500,78.5714,False,68.7500,62.5000,75.0000,78.5714,9,1198.547,7339562,0,0.0,0.00,2026-09-19T09:51:15.783834+00:00,2026-09-19T10:11:14.340461+00:00,devin 3000.10.31 (b98cc431),7d67ce1b409dbe959b3b5a0438b0869dfa4a712cb8961f2a4698123f8d8e4331
swe2,medium,legacy-tallycore-binary-parity,legacy-tallycore-binary-parity-d8111a49,code-quality-maintenance-v3.11,published,87.9546,91.2402,100.00,85.18,100.00,67.3160,60.4167,85.7143,False,60.4167,58.3333,62.5000,85.7143,8,2220.243,7021859,0,0.0,0.00,2026-09-19T08:00:07.144101+00:00,2026-09-19T08:37:07.392923+00:00,devin 3000.10.31 (b98cc431),c393ae82c0153bb8d0610ee936f38f9b70d50994c3ac700a5e690b35d675b37b
swe2,medium,legacy-vaultcore-binary-parity,legacy-vaultcore-binary-parity-b5fae865,code-quality-maintenance-v3.11,published,91.6867,93.4401,100.00,84.55,100.00,78.7879,70.8333,100.0000,False,70.8333,62.5000,79.1667,100.0000,9,1211.612,3932696,0,0.0,0.00,2026-09-19T04:41:34.943634+00:00,2026-09-19T05:01:46.561549+00:00,devin 3000.10.31 (b98cc431),bf7abccde157a43aec1dc836ee2d92d6efeb9fa478188e3604f0756fdfc50b0f
swe2,high,legacy-blendcore-binary-parity,legacy-blendcore-binary-parity-63fb34e4,code-quality-maintenance-v3.11,published,89.0422,91.8147,100.00,84.32,100.00,70.8333,64.5833,87.5000,False,64.5833,62.5000,66.6667,87.5000,9,2654.275,10597013,0,0.0,0.00,2026-09-20T05:18:43.839476+00:00,2026-09-20T06:02:58.119442+00:00,devin 3000.10.31 (b98cc431),75f7639315f690715d2b4b9ba01577b7ce0632539f43e94860d04e959fb3cb42
swe2,high,legacy-codeccore-binary-parity,legacy-codeccore-binary-parity-741c01fe,code-quality-maintenance-v3.11,published,90.7264,92.3972,100.00,79.87,100.00,77.0833,70.8333,93.7500,False,70.8333,66.6667,75.0000,93.7500,10,1690.461,6290385,0,0.0,0.00,2026-09-19T23:43:55.459486+00:00,2026-09-20T00:12:05.928260+00:00,devin 3000.10.31 (b98cc431),c1ee3e7eaed9e8546d0a9882cce442b10306aebd049f3eb0fc6785470d45c0f6
swe2,high,legacy-depotcore-binary-parity,legacy-depotcore-binary-parity-5df675b9,code-quality-maintenance-v3.11,published,83.9468,87.6245,100.00,73.13,100.00,58.2751,54.1667,69.2308,False,54.1667,54.1667,54.1667,69.2308,14,842.456,5166427,0,0.0,0.00,2026-09-20T07:35:26.597351+00:00,2026-09-20T07:49:29.060297+00:00,devin 3000.10.31 (b98cc431),0b5765ab9cd6cd428fec28b944e656ffa51d345667c6b8c8e05bcabbbb5dee22
swe2,high,legacy-freightcore-binary-parity,legacy-freightcore-binary-parity-aa3b3be8,code-quality-maintenance-v3.11,published,64.9541,68.1808,55.56,81.46,100.00,65.9091,62.5000,75.0000,False,62.5000,62.5000,62.5000,75.0000,5,943.266,2578810,0,0.0,0.00,2026-09-19T23:28:12.059277+00:00,2026-09-19T23:43:55.330339+00:00,devin 3000.10.31 (b98cc431),25bc6cb78a3506f6c7717bf36934733bd0fe5177429a8a96a791b38244e8bceb
swe2,high,legacy-granarycore-binary-parity,legacy-granarycore-binary-parity-c21d7fe3,code-quality-maintenance-v3.11,published,73.3477,77.5480,85.71,64.62,100.00,50.0000,56.2500,33.3333,False,56.2500,45.8333,66.6667,33.3333,12,2502.788,15768440,0,0.0,0.00,2026-09-20T06:53:43.658869+00:00,2026-09-20T07:35:26.458425+00:00,devin 3000.10.31 (b98cc431),b6f1215c413b536e8b6037cb5a7b08e129a04bd5c00b215387644dad884e8335
swe2,high,legacy-hedgecore-binary-parity,legacy-hedgecore-binary-parity-38c5d950,code-quality-maintenance-v3.11,published,85.7421,89.4670,100.00,80.79,100.00,61.7424,52.0833,87.5000,False,52.0833,50.0000,54.1667,87.5000,8,3757.291,13475595,0,0.0,0.00,2026-09-20T01:03:38.945753+00:00,2026-09-20T02:06:16.245846+00:00,devin 3000.10.31 (b98cc431),18c32fa3ebab3db4a8a5ca3389f5f223eb99f0f1c135f5aec779766e7978e6d9
swe2,high,legacy-lodgecore-binary-parity,legacy-lodgecore-binary-parity-73d61798,code-quality-maintenance-v3.11,published,86.8495,89.5383,100.00,74.70,100.00,66.6667,54.1667,100.0000,False,54.1667,54.1667,54.1667,100.0000,12,1476.207,14727406,0,0.0,0.00,2026-09-20T07:49:29.193269+00:00,2026-09-20T08:14:05.412480+00:00,devin 3000.10.31 (b98cc431),aba979340897450b734923d2569d18b850f363cb5c053aeb4d1f3601e853b1d2
swe2,high,legacy-matchcore-order-book-parity,legacy-matchcore-order-book-parity-68db8bba,code-quality-maintenance-v3.11,published,34.9517,37.7825,0.00,83.55,85.00,62.5000,62.5000,,True,62.5000,62.5000,62.5000,,0,657.146,2235766,0,0.0,0.00,2026-09-19T21:14:36.527088+00:00,2026-09-19T21:25:33.679837+00:00,devin 3000.10.31 (b98cc431),dc687f3109d64a3052c6af7e529e18e195eafb20e9d208f65e516578d969b6c9
swe2,high,legacy-metercore-binary-parity,legacy-metercore-binary-parity-40982d21,code-quality-maintenance-v3.11,published,92.3046,93.5890,100.00,82.26,100.00,81.2500,81.2500,81.2500,False,81.2500,75.0000,87.5000,81.2500,9,1465.978,2623557,0,0.0,0.00,2026-09-19T23:03:45.955770+00:00,2026-09-19T23:28:11.938402+00:00,devin 3000.10.31 (b98cc431),3a98a0bd0d9836053a199f960c60e121fcca995ca62e87b310228adf76c9ee95
swe2,high,legacy-pacecore-binary-parity,legacy-pacecore-binary-parity-62860046,code-quality-maintenance-v3.11,published,88.5491,91.2962,100.00,82.09,100.00,69.9134,66.6667,78.5714,False,66.6667,62.5000,70.8333,78.5714,9,3259.288,7267009,0,0.0,0.00,2026-09-20T04:24:24.404928+00:00,2026-09-20T05:18:43.699358+00:00,devin 3000.10.31 (b98cc431),9e98587ea054acfc14d15c765aad5d4f7405ca068883a2d3c56065ca88fca469
swe2,high,legacy-paddockcore-binary-parity,legacy-paddockcore-binary-parity-133e5fa7,code-quality-maintenance-v3.11,published,75.4885,79.0897,100.00,73.52,65.00,41.5584,43.7500,35.7143,False,43.7500,33.3333,54.1667,35.7143,15,3477.169,13756819,0,0.0,0.00,2026-09-20T11:14:15.110106+00:00,2026-09-20T12:12:12.289676+00:00,devin 3000.10.31 (b98cc431),565400d600d3028e82254e4a0195a1c63d93df3f922ce0c91dc6612ec73800d1
swe2,high,legacy-payrollcore-binary-parity,legacy-payrollcore-binary-parity-d100239c,code-quality-maintenance-v3.11,published,85.7374,89.4296,100.00,80.44,100.00,61.8182,62.5000,60.0000,False,62.5000,58.3333,66.6667,60.0000,10,5157.469,10396558,0,0.0,0.00,2026-09-19T21:37:48.336493+00:00,2026-09-19T23:03:45.814286+00:00,devin 3000.10.31 (b98cc431),b3ea121c18b06ca0757d046265fa1fec7fed7aa3213abb96148b870dc7e78796
swe2,high,legacy-qlite-store-parity,legacy-qlite-store-parity-e36ce46a,code-quality-maintenance-v3.11,published,94.9470,95.1383,100.00,81.73,100.00,89.3939,87.5000,94.4444,False,87.5000,83.3333,91.6667,94.4444,9,734.399,4725429,0,0.0,0.00,2026-09-19T21:25:33.806140+00:00,2026-09-19T21:37:48.211781+00:00,devin 3000.10.31 (b98cc431),db7621609a1b57acb45683ac42f6e999f8be8b285c9ec2fd7324e293bdf54043
swe2,high,legacy-queuecore-binary-parity,legacy-queuecore-binary-parity-b224754f,code-quality-maintenance-v3.11,published,74.2575,77.4553,75.00,79.50,100.00,65.1515,58.3333,83.3333,False,58.3333,45.8333,70.8333,83.3333,6,2707.148,8181961,0,0.0,0.00,2026-09-20T12:12:12.424044+00:00,2026-09-20T12:57:19.577207+00:00,devin 3000.10.31 (b98cc431),4a61cc592591da4c5225d1373ac2d1cd53e79ae09e87dc5fbae1c3d502882c2c
swe2,high,legacy-quotacore-binary-parity,legacy-quotacore-binary-parity-9a376ef1,code-quality-maintenance-v3.11,published,82.6761,86.8081,100.00,72.66,100.00,54.5455,41.6667,88.8889,False,41.6667,37.5000,45.8333,88.8889,10,773.157,3175304,0,0.0,0.00,2026-09-20T00:12:06.069528+00:00,2026-09-20T00:24:59.232663+00:00,devin 3000.10.31 (b98cc431),003fef692ab144ad7c5b884f2521c643486736cdf4f54085d8b8eba5ae8c01e9
swe2,high,legacy-reflowcore-binary-parity,legacy-reflowcore-binary-parity-f2ba7403,code-quality-maintenance-v3.11,published,90.8865,93.1038,100.00,86.06,100.00,75.9740,75.0000,78.5714,False,75.0000,70.8333,79.1667,78.5714,8,2687.274,9376768,0,0.0,0.00,2026-09-20T02:35:30.571796+00:00,2026-09-20T03:20:17.850681+00:00,devin 3000.10.31 (b98cc431),5ac36e21b467ed8ec5365f1ea4072eb9c5b1e571167ccf51ee68bd4572a71d2c
swe2,high,legacy-schedcore-binary-parity,legacy-schedcore-binary-parity-b0f113a1,code-quality-maintenance-v3.11,published,84.5970,88.1288,100.00,74.25,100.00,59.9567,58.3333,64.2857,False,58.3333,45.8333,70.8333,64.2857,8,1753.995,5765165,0,0.0,0.00,2026-09-20T02:06:16.382231+00:00,2026-09-20T02:35:30.383369+00:00,devin 3000.10.31 (b98cc431),8ddee0ae243467450681c2aab4046870b51323980906dbf7035aea16686646f0
swe2,high,legacy-settlecore-binary-parity,legacy-settlecore-binary-parity-112cbe63,code-quality-maintenance-v3.11,published,75.7567,79.2030,80.00,78.02,100.00,62.5000,62.5000,62.5000,False,62.5000,54.1667,70.8333,62.5000,8,1643.015,10200717,0,0.0,0.00,2026-09-19T20:47:13.362281+00:00,2026-09-19T21:14:36.389351+00:00,devin 3000.10.31 (b98cc431),96745774a54f0f190a38ec04e7edbdba2f8a3e300eb7fb27079030e4b3bd5937
swe2,high,legacy-snapcore-binary-parity,legacy-snapcore-binary-parity-ec0e78f6,code-quality-maintenance-v3.11,excluded,,,0.00,,,,,,,,,,,,558.842,1600017,0,0.0,0.00,2026-09-20T00:24:59.360827+00:00,2026-09-20T00:34:18.210330+00:00,devin 3000.10.31 (b98cc431),
swe2,high,legacy-stampcore-binary-parity,legacy-stampcore-binary-parity-4b4cfb2d,code-quality-maintenance-v3.11,published,82.8062,79.5065,100.00,82.72,15.00,74.2424,64.5833,100.0000,False,64.5833,62.5000,66.6667,100.0000,9,3045.262,8404480,0,0.0,0.00,2026-09-20T06:02:58.254002+00:00,2026-09-20T06:53:43.526319+00:00,devin 3000.10.31 (b98cc431),72aa341b5208d0060880315fd7bf40f528327fcf1a2e94c74f827fb885fb326e
swe2,high,legacy-tallycore-binary-parity,legacy-tallycore-binary-parity-399ba01f,code-quality-maintenance-v3.11,published,90.8848,93.1008,100.00,86.04,100.00,75.9740,75.0000,78.5714,False,75.0000,70.8333,79.1667,78.5714,8,3846.268,8019291,0,0.0,0.00,2026-09-20T03:20:17.993212+00:00,2026-09-20T04:24:24.273355+00:00,devin 3000.10.31 (b98cc431),77a9b862bf82eab19063563554eed27afd8be0c19b619f5196cbf79d9ee7d754
swe2,high,legacy-vaultcore-binary-parity,legacy-vaultcore-binary-parity-3a336c58,code-quality-maintenance-v3.11,excluded,,,0.00,,,,,,,,,,,,682.223,1245088,0,0.0,0.00,2026-09-20T00:34:18.352330+00:00,2026-09-20T00:45:40.587221+00:00,devin 3000.10.31 (b98cc431),
swe2,max,legacy-blendcore-binary-parity,legacy-blendcore-binary-parity-ae5f6553,code-quality-maintenance-v3.11,published,85.7221,89.6488,100.00,82.76,100.00,61.1742,58.3333,68.7500,False,58.3333,45.8333,70.8333,68.7500,9,5370.654,13226743,0,0.0,0.00,2026-09-21T03:44:17.290566+00:00,2026-09-21T05:13:47.954032+00:00,devin 3000.10.31 (b98cc431),efed056fb54b121c3e552def9f46b8c9359ccb8fb26d8d1746782741f908cd6e
swe2,max,legacy-cellarcore-binary-parity,legacy-cellarcore-binary-parity-6e2706c2,code-quality-maintenance-v3.11,published,76.7135,81.8116,100.00,58.62,100.00,40.0932,29.1667,69.2308,False,29.1667,20.8333,37.5000,69.2308,14,1650.803,16097026,0,0.0,0.00,2026-09-21T09:28:38.013599+00:00,2026-09-21T09:56:08.828307+00:00,devin 3000.10.31 (b98cc431),d6b27d7a9a3320d7477ca267eb60ef30a5a6ac663d20ec3fd426334fa6cdce13
swe2,max,legacy-codeccore-binary-parity,legacy-codeccore-binary-parity-323ad3af,code-quality-maintenance-v3.11,published,90.4927,91.9847,100.00,77.12,100.00,77.0833,70.8333,93.7500,False,70.8333,66.6667,75.0000,93.7500,10,1946.524,5373341,0,0.0,0.00,2026-09-20T18:31:34.921079+00:00,2026-09-20T19:04:01.451684+00:00,devin 3000.10.31 (b98cc431),0acad6cfbe9cc1b1914c8cf2cedbf5c87ddddb2faeddebda9aa572ba7444ac75
swe2,max,legacy-depotcore-binary-parity,legacy-depotcore-binary-parity-872038ee,code-quality-maintenance-v3.11,published,83.4277,87.1986,100.00,72.00,100.00,56.9930,62.5000,42.3077,False,62.5000,70.8333,54.1667,42.3077,14,2361.748,10782298,0,0.0,0.00,2026-09-21T08:16:17.932647+00:00,2026-09-21T08:55:39.692748+00:00,devin 3000.10.31 (b98cc431),b946653decec81c8871468ca5e4809be08b04e53cfd4b5df21de6b33136b0aba
swe2,max,legacy-freightcore-binary-parity,legacy-freightcore-binary-parity-5bdf4734,code-quality-maintenance-v3.11,excluded,,,0.00,,,,,,,,,,,,856.538,648910,0,0.0,0.00,2026-09-20T18:17:18.253650+00:00,2026-09-20T18:31:34.797097+00:00,devin 3000.10.31 (b98cc431),
swe2,max,legacy-granarycore-binary-parity,legacy-granarycore-binary-parity-1d7284f5,code-quality-maintenance-v3.11,published,83.2551,86.5376,100.00,66.35,100.00,57.9254,47.9167,84.6154,False,47.9167,41.6667,54.1667,84.6154,14,8488.509,26448992,0,0.0,0.00,2026-09-21T05:54:49.256435+00:00,2026-09-21T08:16:17.780883+00:00,devin 3000.10.31 (b98cc431),b8540f42bf2ad5cf5e6282ccfa6fe8cca07499d7c4a975a6e5d7be28a76dd024
swe2,max,legacy-hedgecore-binary-parity,legacy-hedgecore-binary-parity-d0747be7,code-quality-maintenance-v3.11,published,87.2430,90.2328,100.00,79.33,100.00,66.6667,54.1667,100.0000,False,54.1667,50.0000,58.3333,100.0000,8,4371.547,7011067,0,0.0,0.00,2026-09-20T21:47:44.538507+00:00,2026-09-20T23:00:36.091868+00:00,devin 3000.10.31 (b98cc431),536c90493f7558e0421f10ca08e5865a9aa4ed2d134f65c9ff40bb036c7b2280
swe2,max,legacy-lodgecore-binary-parity,legacy-lodgecore-binary-parity-c6183722,code-quality-maintenance-v3.11,published,87.4774,88.9084,100.00,79.44,85.00,71.2121,60.4167,100.0000,False,60.4167,58.3333,62.5000,100.0000,12,1977.978,19875338,0,0.0,0.00,2026-09-21T08:55:39.858286+00:00,2026-09-21T09:28:37.851071+00:00,devin 3000.10.31 (b98cc431),efc3021158e964b634555d56a6ff36eaf569d5fd560b40545bcc04f4aa12f6c0
swe2,max,legacy-matchcore-order-book-parity,legacy-matchcore-order-book-parity-668bcb1b,code-quality-maintenance-v3.11,published,90.7244,92.3210,100.00,79.11,100.00,77.2727,77.0833,77.7778,False,77.0833,70.8333,83.3333,77.7778,9,4057.01,10638025,0,0.0,0.00,2026-09-20T13:32:31.034710+00:00,2026-09-20T14:40:08.053369+00:00,devin 3000.10.31 (b98cc431),2fdcdec6facf177827629ed4e0b887223997c2d269fde057769cb29c94810962
swe2,max,legacy-metercore-binary-parity,legacy-metercore-binary-parity-c5075fca,code-quality-maintenance-v3.11,published,88.2901,91.2840,100.00,83.56,100.00,68.7500,68.7500,68.7500,False,68.7500,66.6667,70.8333,68.7500,9,3446.28,8435197,0,0.0,0.00,2026-09-20T17:19:51.825813+00:00,2026-09-20T18:17:18.113462+00:00,devin 3000.10.31 (b98cc431),ec911d926898cd64ae27204cef3e3c44c165827f8ce07ca69a7b8fa873137422
swe2,max,legacy-pacecore-binary-parity,legacy-pacecore-binary-parity-3181f4bb,code-quality-maintenance-v3.11,published,95.0634,95.5092,100.00,84.78,100.00,88.9610,87.5000,92.8571,False,87.5000,83.3333,91.6667,92.8571,9,7264.837,10391005,0,0.0,0.00,2026-09-21T01:43:12.309879+00:00,2026-09-21T03:44:17.150985+00:00,devin 3000.10.31 (b98cc431),718c8782d4a75bcda38b1a2545470fb6c26da5341a0076b3cd56ab6aa2ae5c60
swe2,max,legacy-paddockcore-binary-parity,legacy-paddockcore-binary-parity-db27e096,code-quality-maintenance-v3.11,published,77.3584,82.7619,100.00,64.30,100.00,40.5844,43.7500,32.1429,False,43.7500,37.5000,50.0000,32.1429,15,2642.538,14357008,0,0.0,0.00,2026-09-21T09:56:08.977552+00:00,2026-09-21T10:40:11.527302+00:00,devin 3000.10.31 (b98cc431),0b30728e6d361b999de63d2f497db4fe5a9e0415e74b1503d676856ad6b7ed56
swe2,max,legacy-payrollcore-binary-parity,legacy-payrollcore-binary-parity-d04b083b,code-quality-maintenance-v3.11,published,77.5865,75.6251,100.00,80.43,10.00,60.3030,60.4167,60.0000,False,60.4167,54.1667,66.6667,60.0000,10,6092.125,12166732,0,0.0,0.00,2026-09-20T15:38:19.543548+00:00,2026-09-20T17:19:51.677288+00:00,devin 3000.10.31 (b98cc431),0e1f07d5755e92687008c10b9f5ac96ca2f87a9991b0d6bbc1710bb9fb00fc76
swe2,max,legacy-qlite-store-parity,legacy-qlite-store-parity-bc3e4a3e,code-quality-maintenance-v3.11,published,93.0185,94.0522,100.00,82.57,100.00,83.3333,85.4167,77.7778,False,85.4167,83.3333,87.5000,77.7778,9,3491.201,11250289,0,0.0,0.00,2026-09-20T14:40:08.197559+00:00,2026-09-20T15:38:19.404871+00:00,devin 3000.10.31 (b98cc431),a0871dba1437881f34a16f7783e775477f15fc189d92802420a086f76e262a1a
swe2,max,legacy-queuecore-binary-parity,legacy-queuecore-binary-parity-0018c798,code-quality-maintenance-v3.11,published,86.0645,89.3945,100.00,78.07,100.00,63.4199,60.4167,71.4286,False,60.4167,45.8333,75.0000,71.4286,8,1756.319,3254789,0,0.0,0.00,2026-09-20T21:18:28.091966+00:00,2026-09-20T21:47:44.416169+00:00,devin 3000.10.31 (b98cc431),7779bdda11acba9dad527280d15cc225c6b13c08461d3f5f189d75ea5e3f10a4
swe2,max,legacy-quotacore-binary-parity,legacy-quotacore-binary-parity-96befa89,code-quality-maintenance-v3.11,published,89.6215,91.5335,100.00,77.90,100.00,74.2424,68.7500,88.8889,False,68.7500,58.3333,79.1667,88.8889,10,2500.126,5131242,0,0.0,0.00,2026-09-20T19:04:01.581879+00:00,2026-09-20T19:45:41.713453+00:00,devin 3000.10.31 (b98cc431),a8612469f9ea68841ea075f004d67ec3eed172531bae416071ec21daf82fb133
swe2,max,legacy-reflowcore-binary-parity,legacy-reflowcore-binary-parity-47f0d740,code-quality-maintenance-v3.11,published,84.1503,88.4993,100.00,80.76,100.00,56.9264,54.1667,64.2857,False,54.1667,54.1667,54.1667,64.2857,8,2969.126,5355192,0,0.0,0.00,2026-09-21T00:03:24.555154+00:00,2026-09-21T00:52:53.684737+00:00,devin 3000.10.31 (b98cc431),123f1dd28d774cbf90621b1d8f81ce6a069fb00eeeef83384aebeacbe279c03e
swe2,max,legacy-schedcore-binary-parity,legacy-schedcore-binary-parity-9026793e,code-quality-maintenance-v3.11,published,87.3486,90.0053,100.00,76.37,100.00,67.7489,58.3333,92.8571,False,58.3333,50.0000,66.6667,92.8571,8,3768.187,7499770,0,0.0,0.00,2026-09-20T23:00:36.227078+00:00,2026-09-21T00:03:24.420412+00:00,devin 3000.10.31 (b98cc431),b3c3c0e35f0c7d1391ded4d8e30ab373a6bbd5ae2215ab853f119c6035dfaf90
swe2,max,legacy-settlecore-binary-parity,legacy-settlecore-binary-parity-c060df13,code-quality-maintenance-v3.11,published,94.3085,94.5908,100.00,80.10,100.00,87.8788,83.3333,100.0000,False,83.3333,79.1667,87.5000,100.0000,10,2108.322,6335945,0,0.0,0.00,2026-09-20T12:57:22.563009+00:00,2026-09-20T13:32:30.890601+00:00,devin 3000.10.31 (b98cc431),ad527da72863bf5616b6f49546a0edd828010efe24b0510576da08ff7f36f45e
swe2,max,legacy-snapcore-binary-parity,legacy-snapcore-binary-parity-f4ff31e2,code-quality-maintenance-v3.11,published,90.0402,92.0551,100.00,80.62,100.00,74.8106,77.0833,68.7500,False,77.0833,75.0000,79.1667,68.7500,10,2447.774,7523826,0,0.0,0.00,2026-09-20T19:45:41.836024+00:00,2026-09-20T20:26:29.617768+00:00,devin 3000.10.31 (b98cc431),54e7e36e40672c51a9199fab5ce4eaff332ad5d8eb9049bde469950a7eb3940a
swe2,max,legacy-stampcore-binary-parity,legacy-stampcore-binary-parity-a0149a96,code-quality-maintenance-v3.11,published,92.4096,93.6398,100.00,82.13,100.00,81.6017,85.4167,71.4286,False,85.4167,87.5000,83.3333,71.4286,9,2461.01,6109199,0,0.0,0.00,2026-09-21T05:13:48.093137+00:00,2026-09-21T05:54:49.109264+00:00,devin 3000.10.31 (b98cc431),6f395e3d928dc9e9252fb821af6e77a34366f06728d653683983f3ef3b3c7f43
swe2,max,legacy-tallycore-binary-parity,legacy-tallycore-binary-parity-5368e997,code-quality-maintenance-v3.11,published,83.3305,78.2800,100.00,82.04,0.00,79.8701,75.0000,92.8571,False,75.0000,70.8333,79.1667,92.8571,8,3018.347,5718664,0,0.0,0.00,2026-09-21T00:52:53.805671+00:00,2026-09-21T01:43:12.157060+00:00,devin 3000.10.31 (b98cc431),a22d1f77ba0a8b9a1d8bf8dfab15fefd0c192bd63ab67c68d123fe181b51ec73
swe2,max,legacy-vaultcore-binary-parity,legacy-vaultcore-binary-parity-f64a7e31,code-quality-maintenance-v3.11,published,71.4183,72.3467,55.56,83.98,100.00,84.8485,85.4167,83.3333,False,85.4167,79.1667,91.6667,83.3333,5,3118.216,10171776,0,0.0,0.00,2026-09-20T20:26:29.741764+00:00,2026-09-20T21:18:27.964132+00:00,devin 3000.10.31 (b98cc431),be979e47e9dff23aa0597c0eee3c13b965477daee9cbe2002ee0d0c008443671
